ISO-10303-21;
HEADER;
/* Generated by software containing ST-Developer
 * from STEP Tools, Inc. (www.steptools.com) 
 */

FILE_DESCRIPTION(
/* description */ ('',
'CAx-IF Rec.Pracs.---Representation and Presentation of Product Manufa
cturing Information (PMI)---4.0---2014-10-13'),
/* implementation_level */ '2;1');

FILE_NAME(
/* name */ 'Mittatikku kokoonpano.stp',
/* time_stamp */ '2026-05-29T13:16:17+03:00',
/* author */ ('jokanto'),
/* organization */ (''),
/* preprocessor_version */ 'ST-DEVELOPER v20',
/* originating_system */ 'Autodesk Inventor 2025',
/* authorisation */ '');

FILE_SCHEMA (('AP242_MANAGED_MODEL_BASED_3D_ENGINEERING_MIM_LF { 1 0 10303 442 1 1 4 }'));
ENDSEC;

DATA;
#10=CONSTRUCTIVE_GEOMETRY_REPRESENTATION_RELATIONSHIP('CGRR','None',#7891,
#13);
#11=CONSTRUCTIVE_GEOMETRY_REPRESENTATION_RELATIONSHIP('CGRR','None',#7890,
#14);
#12=CONSTRUCTIVE_GEOMETRY_REPRESENTATION_RELATIONSHIP('CGRR','None',#7892,
#15);
#13=CONSTRUCTIVE_GEOMETRY_REPRESENTATION('Supplemental geometry',(#309,
#310,#311),#7871);
#14=CONSTRUCTIVE_GEOMETRY_REPRESENTATION('Supplemental geometry',(#308),
#7870);
#15=CONSTRUCTIVE_GEOMETRY_REPRESENTATION('Supplemental geometry',(#312,
#313,#314,#315,#316,#317,#318,#319,#320,#321,#322,#323),#7872);
#16=MECHANICAL_DESIGN_AND_DRAUGHTING_RELATIONSHIP('Isometric','',#61,#62);
#17=MECHANICAL_DESIGN_AND_DRAUGHTING_RELATIONSHIP('Front','',#63,#62);
#18=MECHANICAL_DESIGN_AND_DRAUGHTING_RELATIONSHIP('Top','',#64,#62);
#19=MECHANICAL_DESIGN_AND_DRAUGHTING_RELATIONSHIP('Right','',#65,#62);
#20=MECHANICAL_DESIGN_AND_DRAUGHTING_RELATIONSHIP('Isometric','',#66,#67);
#21=MECHANICAL_DESIGN_AND_DRAUGHTING_RELATIONSHIP('Front','',#68,#67);
#22=MECHANICAL_DESIGN_AND_DRAUGHTING_RELATIONSHIP('Top','',#69,#67);
#23=MECHANICAL_DESIGN_AND_DRAUGHTING_RELATIONSHIP('Right','',#70,#67);
#24=MECHANICAL_DESIGN_AND_DRAUGHTING_RELATIONSHIP('Isometric','',#71,#72);
#25=MECHANICAL_DESIGN_AND_DRAUGHTING_RELATIONSHIP('Front','',#73,#72);
#26=MECHANICAL_DESIGN_AND_DRAUGHTING_RELATIONSHIP('Top','',#74,#72);
#27=MECHANICAL_DESIGN_AND_DRAUGHTING_RELATIONSHIP('Right','',#75,#72);
#28=MAPPED_ITEM('',#43,#4234);
#29=MAPPED_ITEM('',#44,#4235);
#30=MAPPED_ITEM('',#45,#4236);
#31=MAPPED_ITEM('',#46,#4237);
#32=MAPPED_ITEM('',#47,#4238);
#33=MAPPED_ITEM('',#48,#4239);
#34=MAPPED_ITEM('',#49,#4240);
#35=MAPPED_ITEM('',#50,#4241);
#36=MAPPED_ITEM('',#51,#4242);
#37=MAPPED_ITEM('',#52,#4243);
#38=MAPPED_ITEM('',#53,#4244);
#39=MAPPED_ITEM('',#54,#4245);
#40=MAPPED_ITEM('',#55,#4246);
#41=MAPPED_ITEM('',#56,#4247);
#42=MAPPED_ITEM('',#57,#4248);
#43=REPRESENTATION_MAP(#4234,#58);
#44=REPRESENTATION_MAP(#4235,#7890);
#45=REPRESENTATION_MAP(#4236,#58);
#46=REPRESENTATION_MAP(#4237,#58);
#47=REPRESENTATION_MAP(#4238,#58);
#48=REPRESENTATION_MAP(#4239,#59);
#49=REPRESENTATION_MAP(#4240,#7891);
#50=REPRESENTATION_MAP(#4241,#59);
#51=REPRESENTATION_MAP(#4242,#59);
#52=REPRESENTATION_MAP(#4243,#59);
#53=REPRESENTATION_MAP(#4244,#60);
#54=REPRESENTATION_MAP(#4245,#7892);
#55=REPRESENTATION_MAP(#4246,#60);
#56=REPRESENTATION_MAP(#4247,#60);
#57=REPRESENTATION_MAP(#4248,#60);
#58=ADVANCED_BREP_SHAPE_REPRESENTATION('Isometric',(#469),#7870);
#59=ADVANCED_BREP_SHAPE_REPRESENTATION('Isometric',(#470),#7871);
#60=ADVANCED_BREP_SHAPE_REPRESENTATION('Isometric',(#471),#7872);
#61=DRAUGHTING_MODEL('Isometric',(#28,#272),#7870);
#62=DRAUGHTING_MODEL('',(#29,#4235),#7870);
#63=DRAUGHTING_MODEL('Front',(#30,#273),#7870);
#64=DRAUGHTING_MODEL('Top',(#31,#274),#7870);
#65=DRAUGHTING_MODEL('Right',(#32,#275),#7870);
#66=DRAUGHTING_MODEL('Isometric',(#33,#276),#7871);
#67=DRAUGHTING_MODEL('',(#34,#4240),#7871);
#68=DRAUGHTING_MODEL('Front',(#35,#277),#7871);
#69=DRAUGHTING_MODEL('Top',(#36,#278),#7871);
#70=DRAUGHTING_MODEL('Right',(#37,#279),#7871);
#71=DRAUGHTING_MODEL('Isometric',(#38,#280),#7872);
#72=DRAUGHTING_MODEL('',(#39,#4245),#7872);
#73=DRAUGHTING_MODEL('Front',(#40,#281),#7872);
#74=DRAUGHTING_MODEL('Top',(#41,#282),#7872);
#75=DRAUGHTING_MODEL('Right',(#42,#283),#7872);
#76=MECHANICAL_DESIGN_GEOMETRIC_PRESENTATION_REPRESENTATION('',(#325,#326,
#327,#328,#329,#330,#331,#332,#333,#334,#335,#336,#337,#338,#339,#340,#341,
#342,#343,#344,#345,#346,#347,#348,#349,#350,#351,#352,#353,#354,#355,#356,
#357,#358,#359,#360,#361,#362,#363,#364,#365,#366,#367,#368,#369,#370,#371,
#372,#373,#374,#375,#376,#377,#378,#379,#380,#381,#382,#383,#384,#385,#386,
#387,#388,#389,#390,#391,#392,#393,#394,#395,#396,#397,#398,#399,#400,#401,
#402,#403,#404,#405,#406,#407,#408,#409,#410,#411,#412,#413,#414,#415,#416,
#417,#418,#419,#420,#421,#422,#423,#424,#425,#426,#427,#428,#429,#430,#431,
#432,#433,#434,#435,#436,#437,#438,#439,#440,#441,#442,#443,#444,#445,#446,
#447,#448,#449,#450,#451,#452,#453,#454,#455,#456,#457,#458,#459,#460,#461,
#462,#463,#464,#465),#7873);
#77=ITEM_DEFINED_TRANSFORMATION($,$,#3846,#4231);
#78=ITEM_DEFINED_TRANSFORMATION($,$,#3865,#4232);
#79=ITEM_DEFINED_TRANSFORMATION($,$,#3920,#4233);
#80=(
REPRESENTATION_RELATIONSHIP($,$,#7890,#7889)
REPRESENTATION_RELATIONSHIP_WITH_TRANSFORMATION(#77)
SHAPE_REPRESENTATION_RELATIONSHIP()
);
#81=(
REPRESENTATION_RELATIONSHIP($,$,#7891,#7889)
REPRESENTATION_RELATIONSHIP_WITH_TRANSFORMATION(#78)
SHAPE_REPRESENTATION_RELATIONSHIP()
);
#82=(
REPRESENTATION_RELATIONSHIP($,$,#7892,#7889)
REPRESENTATION_RELATIONSHIP_WITH_TRANSFORMATION(#79)
SHAPE_REPRESENTATION_RELATIONSHIP()
);
#83=CONTEXT_DEPENDENT_SHAPE_REPRESENTATION(#80,#7886);
#84=CONTEXT_DEPENDENT_SHAPE_REPRESENTATION(#81,#7887);
#85=CONTEXT_DEPENDENT_SHAPE_REPRESENTATION(#82,#7888);
#86=NEXT_ASSEMBLY_USAGE_OCCURRENCE('Putki:1','Putki:1','Putki:1',#7894,
#7895,'Putki:1');
#87=NEXT_ASSEMBLY_USAGE_OCCURRENCE('Laippa:1','Laippa:1','Laippa:1',#7894,
#7896,'Laippa:1');
#88=NEXT_ASSEMBLY_USAGE_OCCURRENCE('Sensorinpidin:1','Sensorinpidin:1',
'Sensorinpidin:1',#7894,#7897,'Sensorinpidin:1');
#89=TRIMMED_CURVE('',#1646,(#7698,PARAMETER_VALUE(1.75419349929871)),(#7699,
PARAMETER_VALUE(4.52899180788088)),.T.,.PARAMETER.);
#90=TRIMMED_CURVE('',#1657,(#7787,PARAMETER_VALUE(3.06745067135603)),(#7788,
PARAMETER_VALUE(3.21573463582356)),.T.,.PARAMETER.);
#91=(
BOUNDED_SURFACE()
B_SPLINE_SURFACE(2,2,((#6396,#6397,#6398),(#6399,#6400,#6401),(#6402,#6403,
#6404)),.UNSPECIFIED.,.F.,.F.,.F.)
B_SPLINE_SURFACE_WITH_KNOTS((3,3),(3,3),(-1.5707963267949,0.),(-1.5707963267949,
0.),.UNSPECIFIED.)
GEOMETRIC_REPRESENTATION_ITEM()
RATIONAL_B_SPLINE_SURFACE(((1.,0.707106781186548,1.),(0.707106781186541,
0.499999999999996,0.707106781186541),(1.,0.707106781186548,1.)))
REPRESENTATION_ITEM('')
SURFACE()
);
#92=(
BOUNDED_SURFACE()
B_SPLINE_SURFACE(2,2,((#6416,#6417,#6418),(#6419,#6420,#6421),(#6422,#6423,
#6424)),.UNSPECIFIED.,.F.,.F.,.F.)
B_SPLINE_SURFACE_WITH_KNOTS((3,3),(3,3),(-1.5707963267949,0.),(0.,1.5707963267949),
 .UNSPECIFIED.)
GEOMETRIC_REPRESENTATION_ITEM()
RATIONAL_B_SPLINE_SURFACE(((1.,0.707106781186548,1.),(0.707106781186541,
0.499999999999996,0.707106781186541),(1.,0.707106781186548,1.)))
REPRESENTATION_ITEM('')
SURFACE()
);
#93=(
BOUNDED_SURFACE()
B_SPLINE_SURFACE(2,2,((#6434,#6435,#6436),(#6437,#6438,#6439),(#6440,#6441,
#6442)),.UNSPECIFIED.,.F.,.F.,.F.)
B_SPLINE_SURFACE_WITH_KNOTS((3,3),(3,3),(-1.5707963267949,0.),(1.5707963267949,
3.14159265358979),.UNSPECIFIED.)
GEOMETRIC_REPRESENTATION_ITEM()
RATIONAL_B_SPLINE_SURFACE(((1.,0.707106781186548,1.),(0.707106781186548,
0.500000000000001,0.707106781186548),(1.,0.707106781186548,1.)))
REPRESENTATION_ITEM('')
SURFACE()
);
#94=(
BOUNDED_SURFACE()
B_SPLINE_SURFACE(2,2,((#6454,#6455,#6456),(#6457,#6458,#6459),(#6460,#6461,
#6462)),.UNSPECIFIED.,.F.,.F.,.F.)
B_SPLINE_SURFACE_WITH_KNOTS((3,3),(3,3),(-1.5707963267949,0.),(-3.14159265358979,
-1.5707963267949),.UNSPECIFIED.)
GEOMETRIC_REPRESENTATION_ITEM()
RATIONAL_B_SPLINE_SURFACE(((1.,0.707106781186548,1.),(0.707106781186548,
0.500000000000001,0.707106781186548),(1.,0.707106781186548,1.)))
REPRESENTATION_ITEM('')
SURFACE()
);
#95=(
BOUNDED_SURFACE()
B_SPLINE_SURFACE(2,2,((#6489,#6490,#6491),(#6492,#6493,#6494),(#6495,#6496,
#6497)),.UNSPECIFIED.,.F.,.F.,.F.)
B_SPLINE_SURFACE_WITH_KNOTS((3,3),(3,3),(-1.5707963267949,0.),(-1.5707963267949,
0.),.UNSPECIFIED.)
GEOMETRIC_REPRESENTATION_ITEM()
RATIONAL_B_SPLINE_SURFACE(((1.,0.707106781186548,1.),(0.707106781186541,
0.499999999999996,0.707106781186541),(1.,0.707106781186548,1.)))
REPRESENTATION_ITEM('')
SURFACE()
);
#96=(
BOUNDED_SURFACE()
B_SPLINE_SURFACE(2,2,((#6507,#6508,#6509),(#6510,#6511,#6512),(#6513,#6514,
#6515)),.UNSPECIFIED.,.F.,.F.,.F.)
B_SPLINE_SURFACE_WITH_KNOTS((3,3),(3,3),(-1.5707963267949,0.),(0.,1.5707963267949),
 .UNSPECIFIED.)
GEOMETRIC_REPRESENTATION_ITEM()
RATIONAL_B_SPLINE_SURFACE(((1.,0.707106781186548,1.),(0.707106781186541,
0.499999999999996,0.707106781186541),(1.,0.707106781186548,1.)))
REPRESENTATION_ITEM('')
SURFACE()
);
#97=(
BOUNDED_SURFACE()
B_SPLINE_SURFACE(2,2,((#6527,#6528,#6529),(#6530,#6531,#6532),(#6533,#6534,
#6535)),.UNSPECIFIED.,.F.,.F.,.F.)
B_SPLINE_SURFACE_WITH_KNOTS((3,3),(3,3),(-1.5707963267949,0.),(1.5707963267949,
3.14159265358979),.UNSPECIFIED.)
GEOMETRIC_REPRESENTATION_ITEM()
RATIONAL_B_SPLINE_SURFACE(((1.,0.707106781186548,1.),(0.707106781186548,
0.500000000000001,0.707106781186548),(1.,0.707106781186548,1.)))
REPRESENTATION_ITEM('')
SURFACE()
);
#98=(
BOUNDED_SURFACE()
B_SPLINE_SURFACE(2,2,((#6547,#6548,#6549),(#6550,#6551,#6552),(#6553,#6554,
#6555)),.UNSPECIFIED.,.F.,.F.,.F.)
B_SPLINE_SURFACE_WITH_KNOTS((3,3),(3,3),(-1.5707963267949,0.),(-3.14159265358979,
-1.5707963267949),.UNSPECIFIED.)
GEOMETRIC_REPRESENTATION_ITEM()
RATIONAL_B_SPLINE_SURFACE(((1.,0.707106781186548,1.),(0.707106781186548,
0.5,0.707106781186548),(1.,0.707106781186548,1.)))
REPRESENTATION_ITEM('')
SURFACE()
);
#99=(
BOUNDED_SURFACE()
B_SPLINE_SURFACE(2,2,((#6621,#6622,#6623),(#6624,#6625,#6626),(#6627,#6628,
#6629)),.UNSPECIFIED.,.F.,.F.,.F.)
B_SPLINE_SURFACE_WITH_KNOTS((3,3),(3,3),(-1.5707963267949,0.),(-3.14159265358979,
-1.5707963267949),.UNSPECIFIED.)
GEOMETRIC_REPRESENTATION_ITEM()
RATIONAL_B_SPLINE_SURFACE(((1.,0.707106781186548,1.),(0.707106781186541,
0.499999999999996,0.707106781186541),(1.,0.707106781186548,1.)))
REPRESENTATION_ITEM('')
SURFACE()
);
#100=(
BOUNDED_SURFACE()
B_SPLINE_SURFACE(2,2,((#6640,#6641,#6642),(#6643,#6644,#6645),(#6646,#6647,
#6648)),.UNSPECIFIED.,.F.,.F.,.F.)
B_SPLINE_SURFACE_WITH_KNOTS((3,3),(3,3),(-1.5707963267949,0.),(1.5707963267949,
3.14159265358979),.UNSPECIFIED.)
GEOMETRIC_REPRESENTATION_ITEM()
RATIONAL_B_SPLINE_SURFACE(((1.,0.707106781186548,1.),(0.707106781186541,
0.499999999999996,0.707106781186541),(1.,0.707106781186548,1.)))
REPRESENTATION_ITEM('')
SURFACE()
);
#101=(
BOUNDED_SURFACE()
B_SPLINE_SURFACE(2,2,((#6658,#6659,#6660),(#6661,#6662,#6663),(#6664,#6665,
#6666)),.UNSPECIFIED.,.F.,.F.,.F.)
B_SPLINE_SURFACE_WITH_KNOTS((3,3),(3,3),(-1.5707963267949,0.),(0.,1.5707963267949),
 .UNSPECIFIED.)
GEOMETRIC_REPRESENTATION_ITEM()
RATIONAL_B_SPLINE_SURFACE(((1.,0.707106781186548,1.),(0.707106781186548,
0.5,0.707106781186548),(1.,0.707106781186548,1.)))
REPRESENTATION_ITEM('')
SURFACE()
);
#102=(
BOUNDED_SURFACE()
B_SPLINE_SURFACE(2,2,((#6678,#6679,#6680),(#6681,#6682,#6683),(#6684,#6685,
#6686)),.UNSPECIFIED.,.F.,.F.,.F.)
B_SPLINE_SURFACE_WITH_KNOTS((3,3),(3,3),(-1.5707963267949,0.),(-1.5707963267949,
0.),.UNSPECIFIED.)
GEOMETRIC_REPRESENTATION_ITEM()
RATIONAL_B_SPLINE_SURFACE(((1.,0.707106781186548,1.),(0.707106781186548,
0.5,0.707106781186548),(1.,0.707106781186548,1.)))
REPRESENTATION_ITEM('')
SURFACE()
);
#103=(
BOUNDED_SURFACE()
B_SPLINE_SURFACE(2,2,((#6702,#6703,#6704),(#6705,#6706,#6707),(#6708,#6709,
#6710)),.UNSPECIFIED.,.F.,.F.,.F.)
B_SPLINE_SURFACE_WITH_KNOTS((3,3),(3,3),(-1.5707963267949,0.),(-3.14159265358979,
-1.5707963267949),.UNSPECIFIED.)
GEOMETRIC_REPRESENTATION_ITEM()
RATIONAL_B_SPLINE_SURFACE(((1.,0.707106781186548,1.),(0.707106781186541,
0.499999999999996,0.707106781186541),(1.,0.707106781186548,1.)))
REPRESENTATION_ITEM('')
SURFACE()
);
#104=(
BOUNDED_SURFACE()
B_SPLINE_SURFACE(2,2,((#6720,#6721,#6722),(#6723,#6724,#6725),(#6726,#6727,
#6728)),.UNSPECIFIED.,.F.,.F.,.F.)
B_SPLINE_SURFACE_WITH_KNOTS((3,3),(3,3),(-1.5707963267949,0.),(-1.5707963267949,
0.),.UNSPECIFIED.)
GEOMETRIC_REPRESENTATION_ITEM()
RATIONAL_B_SPLINE_SURFACE(((1.,0.707106781186548,1.),(0.707106781186548,
0.5,0.707106781186548),(1.,0.707106781186548,1.)))
REPRESENTATION_ITEM('')
SURFACE()
);
#105=(
BOUNDED_SURFACE()
B_SPLINE_SURFACE(2,2,((#6740,#6741,#6742),(#6743,#6744,#6745),(#6746,#6747,
#6748)),.UNSPECIFIED.,.F.,.F.,.F.)
B_SPLINE_SURFACE_WITH_KNOTS((3,3),(3,3),(-1.5707963267949,0.),(0.,1.5707963267949),
 .UNSPECIFIED.)
GEOMETRIC_REPRESENTATION_ITEM()
RATIONAL_B_SPLINE_SURFACE(((1.,0.707106781186548,1.),(0.707106781186548,
0.5,0.707106781186548),(1.,0.707106781186548,1.)))
REPRESENTATION_ITEM('')
SURFACE()
);
#106=(
BOUNDED_SURFACE()
B_SPLINE_SURFACE(2,2,((#6760,#6761,#6762),(#6763,#6764,#6765),(#6766,#6767,
#6768)),.UNSPECIFIED.,.F.,.F.,.F.)
B_SPLINE_SURFACE_WITH_KNOTS((3,3),(3,3),(-1.5707963267949,0.),(1.5707963267949,
3.14159265358979),.UNSPECIFIED.)
GEOMETRIC_REPRESENTATION_ITEM()
RATIONAL_B_SPLINE_SURFACE(((1.,0.707106781186548,1.),(0.707106781186541,
0.499999999999996,0.707106781186541),(1.,0.707106781186548,1.)))
REPRESENTATION_ITEM('')
SURFACE()
);
#107=B_SPLINE_SURFACE_WITH_KNOTS('',3,3,((#6151,#6152,#6153,#6154),(#6155,
#6156,#6157,#6158),(#6159,#6160,#6161,#6162),(#6163,#6164,#6165,#6166)),
 .UNSPECIFIED.,.F.,.F.,.F.,(4,4),(4,4),(0.,1.),(-3.48599638408436,-3.14159265358979),
 .UNSPECIFIED.);
#108=B_SPLINE_SURFACE_WITH_KNOTS('',3,3,((#6181,#6182,#6183,#6184),(#6185,
#6186,#6187,#6188),(#6189,#6190,#6191,#6192),(#6193,#6194,#6195,#6196)),
 .UNSPECIFIED.,.F.,.F.,.F.,(4,4),(4,4),(0.,1.),(-3.14159265358979,-2.79718892309523),
 .UNSPECIFIED.);
#109=B_SPLINE_SURFACE_WITH_KNOTS('',3,3,((#6226,#6227,#6228,#6229),(#6230,
#6231,#6232,#6233),(#6234,#6235,#6236,#6237),(#6238,#6239,#6240,#6241)),
 .UNSPECIFIED.,.F.,.F.,.F.,(4,4),(4,4),(0.,1.),(-6.62758903767415,-6.28318530717959),
 .UNSPECIFIED.);
#110=B_SPLINE_SURFACE_WITH_KNOTS('',3,3,((#6256,#6257,#6258,#6259),(#6260,
#6261,#6262,#6263),(#6264,#6265,#6266,#6267),(#6268,#6269,#6270,#6271)),
 .UNSPECIFIED.,.F.,.F.,.F.,(4,4),(4,4),(0.,1.),(-6.28318530717959,-5.93878157668502),
 .UNSPECIFIED.);
#111=B_SPLINE_SURFACE_WITH_KNOTS('',3,3,((#6785,#6786,#6787,#6788,#6789,
#6790,#6791),(#6792,#6793,#6794,#6795,#6796,#6797,#6798),(#6799,#6800,#6801,
#6802,#6803,#6804,#6805),(#6806,#6807,#6808,#6809,#6810,#6811,#6812),(#6813,
#6814,#6815,#6816,#6817,#6818,#6819),(#6820,#6821,#6822,#6823,#6824,#6825,
#6826)),.UNSPECIFIED.,.F.,.F.,.F.,(4,1,1,4),(4,1,1,1,4),(0.,0.285714285714286,
0.571428571428571,1.),(3.92121415413563,4.34623321072999,4.62957924845956,
4.77125226732434,4.91292528618913),.UNSPECIFIED.);
#112=B_SPLINE_SURFACE_WITH_KNOTS('',3,3,((#6841,#6842,#6843,#6844,#6845,
#6846,#6847),(#6848,#6849,#6850,#6851,#6852,#6853,#6854),(#6855,#6856,#6857,
#6858,#6859,#6860,#6861),(#6862,#6863,#6864,#6865,#6866,#6867,#6868),(#6869,
#6870,#6871,#6872,#6873,#6874,#6875),(#6876,#6877,#6878,#6879,#6880,#6881,
#6882)),.UNSPECIFIED.,.F.,.F.,.F.,(4,1,1,4),(4,1,1,1,4),(0.,0.285714285714286,
0.571428571428571,1.),(0.319251327869231,0.460924346734016,0.744270384463588,
1.02761642219316,1.31096245992273),.UNSPECIFIED.);
#113=B_SPLINE_SURFACE_WITH_KNOTS('',3,3,((#6941,#6942,#6943,#6944,#6945,
#6946),(#6947,#6948,#6949,#6950,#6951,#6952),(#6953,#6954,#6955,#6956,#6957,
#6958),(#6959,#6960,#6961,#6962,#6963,#6964),(#6965,#6966,#6967,#6968,#6969,
#6970),(#6971,#6972,#6973,#6974,#6975,#6976)),.UNSPECIFIED.,.F.,.F.,.F.,
(4,1,1,4),(4,1,1,4),(0.,0.285714285714286,0.571428571428571,1.),(0.319251327869231,
0.602597365598802,0.744270384463587,1.31096245992273),.UNSPECIFIED.);
#114=B_SPLINE_SURFACE_WITH_KNOTS('',3,3,((#7031,#7032,#7033,#7034,#7035,
#7036,#7037),(#7038,#7039,#7040,#7041,#7042,#7043,#7044),(#7045,#7046,#7047,
#7048,#7049,#7050,#7051),(#7052,#7053,#7054,#7055,#7056,#7057,#7058),(#7059,
#7060,#7061,#7062,#7063,#7064,#7065),(#7066,#7067,#7068,#7069,#7070,#7071,
#7072)),.UNSPECIFIED.,.F.,.F.,.F.,(4,1,1,4),(4,1,1,1,4),(0.,0.285714285714286,
0.571428571428571,1.),(3.92121415413563,4.34623321072999,4.62957924845956,
4.77125226732434,4.91292528618913),.UNSPECIFIED.);
#115=B_SPLINE_SURFACE_WITH_KNOTS('',3,3,((#7123,#7124,#7125,#7126,#7127,
#7128,#7129,#7130,#7131,#7132,#7133),(#7134,#7135,#7136,#7137,#7138,#7139,
#7140,#7141,#7142,#7143,#7144),(#7145,#7146,#7147,#7148,#7149,#7150,#7151,
#7152,#7153,#7154,#7155),(#7156,#7157,#7158,#7159,#7160,#7161,#7162,#7163,
#7164,#7165,#7166),(#7167,#7168,#7169,#7170,#7171,#7172,#7173,#7174,#7175,
#7176,#7177)),.UNSPECIFIED.,.F.,.F.,.F.,(4,1,4),(4,1,1,1,1,1,2,4),(0.,0.5,
1.),(0.,0.0864478012519615,0.172895602503923,0.345791205007846,0.518686807511769,
0.691582410015692,0.864478012519615,0.868979937773665),.UNSPECIFIED.);
#116=B_SPLINE_SURFACE_WITH_KNOTS('',3,3,((#7190,#7191,#7192,#7193,#7194,
#7195,#7196,#7197,#7198,#7199,#7200),(#7201,#7202,#7203,#7204,#7205,#7206,
#7207,#7208,#7209,#7210,#7211),(#7212,#7213,#7214,#7215,#7216,#7217,#7218,
#7219,#7220,#7221,#7222),(#7223,#7224,#7225,#7226,#7227,#7228,#7229,#7230,
#7231,#7232,#7233)),.UNSPECIFIED.,.F.,.F.,.F.,(4,4),(4,2,1,1,1,1,1,4),(0.,
1.),(-0.00450192525393346,0.,0.172895602503947,0.345791205007893,0.51868680751184,
0.691582410015786,0.778030211267759,0.864478012519733),.UNSPECIFIED.);
#117=B_SPLINE_SURFACE_WITH_KNOTS('',3,3,((#7247,#7248,#7249,#7250),(#7251,
#7252,#7253,#7254),(#7255,#7256,#7257,#7258),(#7259,#7260,#7261,#7262),
(#7263,#7264,#7265,#7266)),.UNSPECIFIED.,.F.,.F.,.F.,(4,1,4),(4,4),(0.,
0.571428571428571,1.),(0.,0.571778651178736),.UNSPECIFIED.);
#118=B_SPLINE_SURFACE_WITH_KNOTS('',3,3,((#7269,#7270,#7271,#7272),(#7273,
#7274,#7275,#7276),(#7277,#7278,#7279,#7280),(#7281,#7282,#7283,#7284),
(#7285,#7286,#7287,#7288)),.UNSPECIFIED.,.F.,.F.,.F.,(4,1,4),(4,4),(0.,
0.571428571428571,1.),(0.,0.571778651178737),.UNSPECIFIED.);
#119=B_SPLINE_SURFACE_WITH_KNOTS('',3,3,((#7293,#7294,#7295,#7296,#7297,
#7298,#7299,#7300),(#7301,#7302,#7303,#7304,#7305,#7306,#7307,#7308),(#7309,
#7310,#7311,#7312,#7313,#7314,#7315,#7316),(#7317,#7318,#7319,#7320,#7321,
#7322,#7323,#7324),(#7325,#7326,#7327,#7328,#7329,#7330,#7331,#7332)),
 .UNSPECIFIED.,.F.,.F.,.F.,(4,1,4),(4,2,1,1,4),(0.302976756890284,0.601701003937305,
1.),(-0.00152979686696233,0.,0.454594295621769,0.681891443432653,1.13648573905442),
 .UNSPECIFIED.);
#120=B_SPLINE_SURFACE_WITH_KNOTS('',3,3,((#7333,#7334,#7335,#7336,#7337,
#7338,#7339,#7340,#7341,#7342,#7343,#7344),(#7345,#7346,#7347,#7348,#7349,
#7350,#7351,#7352,#7353,#7354,#7355,#7356),(#7357,#7358,#7359,#7360,#7361,
#7362,#7363,#7364,#7365,#7366,#7367,#7368),(#7369,#7370,#7371,#7372,#7373,
#7374,#7375,#7376,#7377,#7378,#7379,#7380),(#7381,#7382,#7383,#7384,#7385,
#7386,#7387,#7388,#7389,#7390,#7391,#7392)),.UNSPECIFIED.,.F.,.F.,.F.,(4,
1,4),(4,1,1,1,1,1,1,2,4),(0.302976756890783,0.60170100393759,1.),(2.37657631468654,
2.60387346249743,2.83117061030831,3.0584677581192,3.17211633202464,3.28576490593008,
3.39941347983552,3.51306205374097,3.51459185060793),.UNSPECIFIED.);
#121=B_SPLINE_SURFACE_WITH_KNOTS('',3,3,((#7397,#7398,#7399,#7400,#7401,
#7402,#7403,#7404,#7405,#7406,#7407),(#7408,#7409,#7410,#7411,#7412,#7413,
#7414,#7415,#7416,#7417,#7418),(#7419,#7420,#7421,#7422,#7423,#7424,#7425,
#7426,#7427,#7428,#7429),(#7430,#7431,#7432,#7433,#7434,#7435,#7436,#7437,
#7438,#7439,#7440),(#7441,#7442,#7443,#7444,#7445,#7446,#7447,#7448,#7449,
#7450,#7451)),.UNSPECIFIED.,.F.,.F.,.F.,(4,1,4),(4,1,1,1,1,1,2,4),(0.,0.5,
1.),(-0.86447801251748,-0.778030211265732,-0.691582410013984,-0.518686807510488,
-0.345791205006992,-0.172895602503496,0.,0.0045019252561863),
 .UNSPECIFIED.);
#122=B_SPLINE_SURFACE_WITH_KNOTS('',3,3,((#7464,#7465,#7466,#7467,#7468,
#7469,#7470,#7471,#7472,#7473,#7474),(#7475,#7476,#7477,#7478,#7479,#7480,
#7481,#7482,#7483,#7484,#7485),(#7486,#7487,#7488,#7489,#7490,#7491,#7492,
#7493,#7494,#7495,#7496),(#7497,#7498,#7499,#7500,#7501,#7502,#7503,#7504,
#7505,#7506,#7507)),.UNSPECIFIED.,.F.,.F.,.F.,(4,4),(4,2,1,1,1,1,1,4),(0.,
1.),(-0.868979937773666,-0.86447801251975,-0.6915824100158,-0.51868680751185,
-0.3457912050079,-0.17289560250395,-0.0864478012519749,0.),
 .UNSPECIFIED.);
#123=B_SPLINE_SURFACE_WITH_KNOTS('',3,3,((#7521,#7522,#7523,#7524),(#7525,
#7526,#7527,#7528),(#7529,#7530,#7531,#7532),(#7533,#7534,#7535,#7536),
(#7537,#7538,#7539,#7540)),.UNSPECIFIED.,.F.,.F.,.F.,(4,1,4),(4,4),(0.,
0.571428571428571,1.),(4.44361276469425E-16,0.571778651178737),
 .UNSPECIFIED.);
#124=B_SPLINE_SURFACE_WITH_KNOTS('',3,3,((#7545,#7546,#7547,#7548),(#7549,
#7550,#7551,#7552),(#7553,#7554,#7555,#7556),(#7557,#7558,#7559,#7560),
(#7561,#7562,#7563,#7564)),.UNSPECIFIED.,.F.,.F.,.F.,(4,1,4),(4,4),(0.,
0.571428571428571,1.),(4.94945786150473E-16,0.571778651178738),
 .UNSPECIFIED.);
#125=B_SPLINE_SURFACE_WITH_KNOTS('',3,3,((#7571,#7572,#7573,#7574,#7575,
#7576,#7577,#7578,#7579,#7580,#7581,#7582),(#7583,#7584,#7585,#7586,#7587,
#7588,#7589,#7590,#7591,#7592,#7593,#7594),(#7595,#7596,#7597,#7598,#7599,
#7600,#7601,#7602,#7603,#7604,#7605,#7606),(#7607,#7608,#7609,#7610,#7611,
#7612,#7613,#7614,#7615,#7616,#7617,#7618),(#7619,#7620,#7621,#7622,#7623,
#7624,#7625,#7626,#7627,#7628,#7629,#7630)),.UNSPECIFIED.,.F.,.F.,.F.,(4,
1,4),(4,1,1,1,1,1,1,2,4),(0.302976756890845,0.601701003937626,1.),(2.37657631468654,
2.60387346249743,2.83117061030831,3.0584677581192,3.17211633202464,3.28576490593008,
3.39941347983552,3.51306205374097,3.51459185060793),.UNSPECIFIED.);
#126=B_SPLINE_SURFACE_WITH_KNOTS('',3,3,((#7633,#7634,#7635,#7636,#7637,
#7638,#7639,#7640),(#7641,#7642,#7643,#7644,#7645,#7646,#7647,#7648),(#7649,
#7650,#7651,#7652,#7653,#7654,#7655,#7656),(#7657,#7658,#7659,#7660,#7661,
#7662,#7663,#7664),(#7665,#7666,#7667,#7668,#7669,#7670,#7671,#7672)),
 .UNSPECIFIED.,.F.,.F.,.F.,(4,1,4),(4,2,1,1,4),(0.302976756891079,0.601701003937759,
1.),(-0.00152979686696394,0.,0.454594295621768,0.681891443432652,1.13648573905442),
 .UNSPECIFIED.);
#127=(
BOUNDED_CURVE()
B_SPLINE_CURVE(2,(#6116,#6117,#6118),.UNSPECIFIED.,.F.,.F.)
B_SPLINE_CURVE_WITH_KNOTS((3,3),(1.40535952247368,1.455767333931),
 .UNSPECIFIED.)
CURVE()
GEOMETRIC_REPRESENTATION_ITEM()
RATIONAL_B_SPLINE_CURVE((1.03709943532992,1.01921506390248,1.))
REPRESENTATION_ITEM('')
);
#128=(
BOUNDED_CURVE()
B_SPLINE_CURVE(2,(#6120,#6121,#6122),.UNSPECIFIED.,.F.,.F.)
B_SPLINE_CURVE_WITH_KNOTS((3,3),(0.,0.0504078114573158),.UNSPECIFIED.)
CURVE()
GEOMETRIC_REPRESENTATION_ITEM()
RATIONAL_B_SPLINE_CURVE((1.,1.01921506390248,1.03709943532992))
REPRESENTATION_ITEM('')
);
#129=(
BOUNDED_CURVE()
B_SPLINE_CURVE(2,(#6145,#6146,#6147),.UNSPECIFIED.,.F.,.F.)
B_SPLINE_CURVE_WITH_KNOTS((3,3),(0.,0.026471801080261),.UNSPECIFIED.)
CURVE()
GEOMETRIC_REPRESENTATION_ITEM()
RATIONAL_B_SPLINE_CURVE((1.,1.02567979279517,1.0510090961202))
REPRESENTATION_ITEM('')
);
#130=(
BOUNDED_CURVE()
B_SPLINE_CURVE(2,(#6175,#6176,#6177),.UNSPECIFIED.,.F.,.F.)
B_SPLINE_CURVE_WITH_KNOTS((3,3),(3.85261972424809,3.87909152532835),
 .UNSPECIFIED.)
CURVE()
GEOMETRIC_REPRESENTATION_ITEM()
RATIONAL_B_SPLINE_CURVE((1.0510090961202,1.02567979279517,1.))
REPRESENTATION_ITEM('')
);
#131=(
BOUNDED_CURVE()
B_SPLINE_CURVE(2,(#6220,#6221,#6222),.UNSPECIFIED.,.F.,.F.)
B_SPLINE_CURVE_WITH_KNOTS((3,3),(0.,0.026471801080261),.UNSPECIFIED.)
CURVE()
GEOMETRIC_REPRESENTATION_ITEM()
RATIONAL_B_SPLINE_CURVE((1.,1.02567979279517,1.0510090961202))
REPRESENTATION_ITEM('')
);
#132=(
BOUNDED_CURVE()
B_SPLINE_CURVE(2,(#6250,#6251,#6252),.UNSPECIFIED.,.F.,.F.)
B_SPLINE_CURVE_WITH_KNOTS((3,3),(3.85261972424809,3.87909152532835),
 .UNSPECIFIED.)
CURVE()
GEOMETRIC_REPRESENTATION_ITEM()
RATIONAL_B_SPLINE_CURVE((1.0510090961202,1.02567979279517,1.))
REPRESENTATION_ITEM('')
);
#133=CONICAL_SURFACE('',#4016,10.4195498155886,0.698131700797732);
#134=CONICAL_SURFACE('',#4028,13.8695498155886,0.698131700797733);
#135=CONICAL_SURFACE('',#4030,13.8695498155886,0.698131700797733);
#136=CONICAL_SURFACE('',#4037,13.8695498155886,0.698131700797732);
#137=CONICAL_SURFACE('',#4039,13.8695498155886,0.698131700797733);
#138=TOROIDAL_SURFACE('',#3976,15.45,1.);
#139=TOROIDAL_SURFACE('',#3979,13.05,0.4);
#140=TOROIDAL_SURFACE('',#4001,14.3,0.8);
#141=TOROIDAL_SURFACE('',#4002,14.3,0.8);
#142=TOROIDAL_SURFACE('',#4024,14.5,1.);
#143=TOROIDAL_SURFACE('',#4169,19.45,3.);
#144=TOROIDAL_SURFACE('',#4173,19.45,3.);
#145=TOROIDAL_SURFACE('',#4188,19.45,3.);
#146=TOROIDAL_SURFACE('',#4197,19.45,3.);
#147=B_SPLINE_CURVE_WITH_KNOTS('',3,(#5584,#5585,#5586,#5587),
 .UNSPECIFIED.,.F.,.F.,(4,4),(0.118790821828141,0.1471374992881),
 .UNSPECIFIED.);
#148=B_SPLINE_CURVE_WITH_KNOTS('',3,(#5644,#5645,#5646,#5647,#5648,#5649,
#5650,#5651,#5652,#5653,#5654,#5655,#5656,#5657,#5658,#5659,#5660,#5661,
#5662,#5663,#5664,#5665),.UNSPECIFIED.,.F.,.F.,(4,2,2,2,2,2,2,2,2,2,4),
(-0.278801277945581,-0.253754133533959,-0.221636932203426,-0.181359916173859,
-0.161528219461874,-0.150517718217079,-0.141307142081634,-0.13053116081826,
-0.11219996774902,-0.0511807381013653,0.),.UNSPECIFIED.);
#149=B_SPLINE_CURVE_WITH_KNOTS('',3,(#5667,#5668,#5669,#5670,#5671,#5672,
#5673,#5674,#5675,#5676,#5677,#5678,#5679,#5680,#5681,#5682,#5683,#5684,
#5685,#5686,#5687,#5688,#5689,#5690,#5691),.UNSPECIFIED.,.F.,.F.,(4,2,2,
2,2,2,2,2,3,2,2,4),(-0.849878880162642,-0.73004495614175,-0.610211032120858,
-0.517575236101089,-0.424939440081321,-0.332303644061553,-0.239667848041784,
-0.119833924020892,0.,0.120528242949456,0.241056485898913,0.273708321488965),
 .UNSPECIFIED.);
#150=B_SPLINE_CURVE_WITH_KNOTS('',3,(#5695,#5696,#5697,#5698,#5699,#5700,
#5701,#5702,#5703,#5704),.UNSPECIFIED.,.F.,.F.,(4,2,2,2,4),(0.422755432220367,
0.515321484000289,0.607887535780211,0.726699200110473,0.845510864440735),
 .UNSPECIFIED.);
#151=B_SPLINE_CURVE_WITH_KNOTS('',3,(#5706,#5707,#5708,#5709,#5710,#5711,
#5712,#5713,#5714,#5715),.UNSPECIFIED.,.F.,.F.,(4,2,2,2,4),(0.,0.118811664330262,
0.237623328660524,0.330189380440446,0.422755432220367),.UNSPECIFIED.);
#152=B_SPLINE_CURVE_WITH_KNOTS('',3,(#5717,#5718,#5719,#5720,#5721,#5722,
#5723,#5724,#5725,#5726,#5727,#5728),.UNSPECIFIED.,.F.,.F.,(4,2,2,2,2,4),
(1.29592846978465,1.34312599616552,1.39032352254638,1.4847185753081,1.61553232521834,
1.74634607512857),.UNSPECIFIED.);
#153=B_SPLINE_CURVE_WITH_KNOTS('',3,(#5729,#5730,#5731,#5732,#5733,#5734,
#5735,#5736,#5737,#5738,#5739,#5740),.UNSPECIFIED.,.F.,.F.,(4,2,2,2,2,4),
(0.845510864440735,0.976324614350975,1.10713836426121,1.20153341702293,
1.24873094340379,1.29592846978465),.UNSPECIFIED.);
#154=B_SPLINE_CURVE_WITH_KNOTS('',3,(#5741,#5742,#5743,#5744,#5745,#5746,
#5747,#5748),.UNSPECIFIED.,.F.,.F.,(4,2,2,4),(-1.12401338134914,-1.10910012166877,
-0.979489500915707,-0.849878880162642),.UNSPECIFIED.);
#155=B_SPLINE_CURVE_WITH_KNOTS('',3,(#5755,#5756,#5757,#5758,#5759,#5760,
#5761,#5762,#5763,#5764,#5765,#5766),.UNSPECIFIED.,.F.,.F.,(4,1,1,1,1,1,
1,2,4),(2.37657631468654,2.60387346249743,2.83117061030831,3.0584677581192,
3.17211633202464,3.28576490593008,3.39941347983552,3.51306205374097,3.51459185060793),
 .UNSPECIFIED.);
#156=B_SPLINE_CURVE_WITH_KNOTS('',3,(#5770,#5771,#5772,#5773,#5774,#5775,
#5776,#5777,#5778,#5779,#5780,#5781,#5782,#5783,#5784,#5785),
 .UNSPECIFIED.,.F.,.F.,(4,3,3,3,3,4),(-0.00110917524603787,0.,0.478404864281272,
0.599953224207155,0.83775662170307,0.956809728562544),.UNSPECIFIED.);
#157=B_SPLINE_CURVE_WITH_KNOTS('',3,(#5789,#5790,#5791,#5792,#5793,#5794,
#5795,#5796,#5797,#5798),.UNSPECIFIED.,.F.,.F.,(4,2,2,2,4),(0.957582809673368,
1.07158217196167,1.18558153424998,1.30546921679592,1.42535689934186),
 .UNSPECIFIED.);
#158=B_SPLINE_CURVE_WITH_KNOTS('',3,(#5810,#5811,#5812,#5813,#5814,#5815,
#5816,#5817,#5818,#5819),.UNSPECIFIED.,.F.,.F.,(4,2,2,2,4),(-0.46777479808652,
-0.346218766232961,-0.224662734379401,-0.112331367189701,0.),
 .UNSPECIFIED.);
#159=B_SPLINE_CURVE_WITH_KNOTS('',3,(#5823,#5824,#5825,#5826,#5827,#5828,
#5829,#5830,#5831,#5832,#5833,#5834,#5835,#5836,#5837,#5838,#5839,#5840,
#5841),.UNSPECIFIED.,.F.,.F.,(4,3,3,3,3,3,4),(0.,0.117789741194939,0.221828671060352,
0.29654524786785,0.512685589421605,0.538413714978255,0.539037867501395),
 .UNSPECIFIED.);
#160=B_SPLINE_CURVE_WITH_KNOTS('',3,(#5845,#5846,#5847,#5848,#5849,#5850,
#5851,#5852),.UNSPECIFIED.,.F.,.F.,(4,2,1,1,4),(-0.00152979686696394,0.,
0.454594295621768,0.681891443432652,1.13648573905442),.UNSPECIFIED.);
#161=B_SPLINE_CURVE_WITH_KNOTS('',3,(#5854,#5855,#5856,#5857,#5858,#5859,
#5860,#5861,#5862,#5863,#5864,#5865),.UNSPECIFIED.,.F.,.F.,(4,1,1,1,1,1,
1,2,4),(2.37657631468654,2.60387346249743,2.83117061030831,3.0584677581192,
3.17211633202464,3.28576490593008,3.39941347983552,3.51306205374097,3.51459185060793),
 .UNSPECIFIED.);
#162=B_SPLINE_CURVE_WITH_KNOTS('',3,(#5869,#5870,#5871,#5872,#5873,#5874,
#5875,#5876,#5877,#5878,#5879,#5880,#5881,#5882,#5883,#5884),
 .UNSPECIFIED.,.F.,.F.,(4,3,3,3,3,4),(-0.00110917531405184,0.,0.478404877632555,
0.59995323373685,0.837756649125865,0.95680975526511),.UNSPECIFIED.);
#163=B_SPLINE_CURVE_WITH_KNOTS('',3,(#5888,#5889,#5890,#5891,#5892,#5893,
#5894,#5895,#5896,#5897),.UNSPECIFIED.,.F.,.F.,(4,2,2,2,4),(0.,0.112331367189701,
0.224662734379401,0.346218766232961,0.46777479808652),.UNSPECIFIED.);
#164=B_SPLINE_CURVE_WITH_KNOTS('',3,(#5909,#5910,#5911,#5912,#5913,#5914,
#5915,#5916,#5917,#5918),.UNSPECIFIED.,.F.,.F.,(4,2,2,2,4),(0.489808011586848,
0.611364043440407,0.732920075293967,0.845251442483667,0.957582809673368),
 .UNSPECIFIED.);
#165=B_SPLINE_CURVE_WITH_KNOTS('',3,(#5922,#5923,#5924,#5925,#5926,#5927,
#5928,#5929,#5930,#5931,#5932,#5933,#5934,#5935,#5936,#5937,#5938,#5939,
#5940),.UNSPECIFIED.,.F.,.F.,(4,3,3,3,3,3,4),(0.,0.117789741196334,0.221828671065337,
0.29654524786456,0.512685589617085,0.538413714999602,0.539037867522633),
 .UNSPECIFIED.);
#166=B_SPLINE_CURVE_WITH_KNOTS('',3,(#5943,#5944,#5945,#5946,#5947,#5948,
#5949,#5950),.UNSPECIFIED.,.F.,.F.,(4,2,1,1,4),(-0.00152979686696233,0.,
0.454594295621769,0.681891443432653,1.13648573905442),.UNSPECIFIED.);
#167=B_SPLINE_CURVE_WITH_KNOTS('',3,(#5970,#5971,#5972,#5973),
 .UNSPECIFIED.,.F.,.F.,(4,4),(-3.48599638408436,-3.14159265358979),
 .UNSPECIFIED.);
#168=B_SPLINE_CURVE_WITH_KNOTS('',3,(#5985,#5986,#5987,#5988),
 .UNSPECIFIED.,.F.,.F.,(4,4),(-6.28318530717959,-5.93878157668502),
 .UNSPECIFIED.);
#169=B_SPLINE_CURVE_WITH_KNOTS('',3,(#5990,#5991,#5992,#5993),
 .UNSPECIFIED.,.F.,.F.,(4,4),(-6.62758903767415,-6.28318530717959),
 .UNSPECIFIED.);
#170=B_SPLINE_CURVE_WITH_KNOTS('',3,(#6004,#6005,#6006,#6007),
 .UNSPECIFIED.,.F.,.F.,(4,4),(-3.14159265358979,-2.79718892309523),
 .UNSPECIFIED.);
#171=B_SPLINE_CURVE_WITH_KNOTS('',3,(#6010,#6011,#6012,#6013,#6014,#6015,
#6016,#6017,#6018,#6019,#6020,#6021,#6022,#6023),.UNSPECIFIED.,.F.,.F.,
(4,2,2,2,2,2,4),(-0.139751334277507,-0.139419104200615,-0.096816658339142,
-0.0705052584605298,-0.0502025933662838,-0.0389029782969467,-0.0342186337811213),
 .UNSPECIFIED.);
#172=B_SPLINE_CURVE_WITH_KNOTS('',3,(#6028,#6029,#6030,#6031,#6032,#6033,
#6034,#6035,#6036,#6037,#6038,#6039,#6040,#6041),.UNSPECIFIED.,.F.,.F.,
(4,2,2,2,2,2,4),(-0.113975808777712,-0.108900717833198,-0.0966585409563341,
-0.0746623211178374,-0.0461561455343929,0.,0.000359943178607219),
 .UNSPECIFIED.);
#173=B_SPLINE_CURVE_WITH_KNOTS('',3,(#6064,#6065,#6066,#6067,#6068,#6069,
#6070,#6071,#6072,#6073),.UNSPECIFIED.,.F.,.F.,(4,2,2,2,4),(-0.00087564527046431,
0.,0.0893353450219174,0.1715499494451,0.252665429034717),.UNSPECIFIED.);
#174=B_SPLINE_CURVE_WITH_KNOTS('',3,(#6075,#6076,#6077,#6078),
 .UNSPECIFIED.,.F.,.F.,(4,4),(0.328089047900251,0.35643572536021),
 .UNSPECIFIED.);
#175=B_SPLINE_CURVE_WITH_KNOTS('',3,(#6079,#6080,#6081,#6082,#6083,#6084,
#6085,#6086,#6087,#6088),.UNSPECIFIED.,.F.,.F.,(4,2,2,2,4),(0.74149911344777,
0.794819299993054,0.903563382523208,1.00461726269029,1.00548049416847),
 .UNSPECIFIED.);
#176=B_SPLINE_CURVE_WITH_KNOTS('',3,(#6169,#6170,#6171,#6172),
 .UNSPECIFIED.,.F.,.F.,(4,4),(3.14159265358979,3.48599638408436),
 .UNSPECIFIED.);
#177=B_SPLINE_CURVE_WITH_KNOTS('',3,(#6197,#6198,#6199,#6200),
 .UNSPECIFIED.,.F.,.F.,(4,4),(2.79718892309523,3.14159265358979),
 .UNSPECIFIED.);
#178=B_SPLINE_CURVE_WITH_KNOTS('',3,(#6244,#6245,#6246,#6247),
 .UNSPECIFIED.,.F.,.F.,(4,4),(6.28318530717959,6.62758903767415),
 .UNSPECIFIED.);
#179=B_SPLINE_CURVE_WITH_KNOTS('',3,(#6272,#6273,#6274,#6275),
 .UNSPECIFIED.,.F.,.F.,(4,4),(5.93878157668502,6.28318530717959),
 .UNSPECIFIED.);
#180=B_SPLINE_CURVE_WITH_KNOTS('',3,(#6483,#6484,#6485,#6486),
 .UNSPECIFIED.,.F.,.F.,(4,4),(3.92121415413563,4.14399788067458),
 .UNSPECIFIED.);
#181=B_SPLINE_CURVE_WITH_KNOTS('',3,(#6580,#6581,#6582,#6583),
 .UNSPECIFIED.,.F.,.F.,(4,4),(0.,0.571778651178737),.UNSPECIFIED.);
#182=B_SPLINE_CURVE_WITH_KNOTS('',3,(#6584,#6585,#6586,#6587,#6588,#6589,
#6590,#6591,#6592,#6593,#6594),.UNSPECIFIED.,.F.,.F.,(4,2,1,1,1,1,1,4),
(-0.00450192525393346,0.,0.172895602503947,0.345791205007893,0.51868680751184,
0.691582410015786,0.778030211267759,0.864478012519733),.UNSPECIFIED.);
#183=B_SPLINE_CURVE_WITH_KNOTS('',3,(#6596,#6597,#6598,#6599,#6600,#6601,
#6602,#6603,#6604,#6605,#6606),.UNSPECIFIED.,.F.,.F.,(4,1,1,1,1,1,2,4),
(0.,0.0864478012519615,0.172895602503923,0.345791205007846,0.518686807511769,
0.691582410015692,0.864478012519615,0.868979937773665),.UNSPECIFIED.);
#184=B_SPLINE_CURVE_WITH_KNOTS('',3,(#6607,#6608,#6609,#6610),
 .UNSPECIFIED.,.F.,.F.,(4,4),(0.,0.571778651178736),.UNSPECIFIED.);
#185=B_SPLINE_CURVE_WITH_KNOTS('',3,(#6697,#6698,#6699,#6700),
 .UNSPECIFIED.,.F.,.F.,(4,4),(1.08825105796395,1.31096245992273),
 .UNSPECIFIED.);
#186=B_SPLINE_CURVE_WITH_KNOTS('',3,(#6778,#6779,#6780,#6781),
 .UNSPECIFIED.,.F.,.F.,(4,4),(3.92121415413563,4.14399788067458),
 .UNSPECIFIED.);
#187=B_SPLINE_CURVE_WITH_KNOTS('',3,(#6827,#6828,#6829,#6830,#6831,#6832,
#6833),.UNSPECIFIED.,.F.,.F.,(4,1,1,1,4),(-4.91292528618913,-4.77125226732434,
-4.62957924845956,-4.34623321072999,-3.9212141545381),.UNSPECIFIED.);
#188=B_SPLINE_CURVE_WITH_KNOTS('',3,(#6837,#6838,#6839,#6840),
 .UNSPECIFIED.,.F.,.F.,(4,4),(4.44361276469425E-16,0.571778651178737),
 .UNSPECIFIED.);
#189=B_SPLINE_CURVE_WITH_KNOTS('',3,(#6885,#6886,#6887,#6888,#6889,#6890,
#6891,#6892,#6893,#6894,#6895,#6896,#6897,#6898,#6899,#6900,#6901,#6902,
#6903,#6904,#6905,#6906,#6907,#6908,#6909,#6910,#6911,#6912,#6913,#6914,
#6915,#6916,#6917,#6918,#6919,#6920,#6921,#6922,#6923,#6924,#6925,#6926,
#6927),.UNSPECIFIED.,.F.,.F.,(4,3,3,3,3,3,3,3,3,3,3,3,3,3,4),(-1.31096245992273,
-1.2040572958016,-1.09415340851697,-1.04949434553508,-1.02767498159989,
-0.883664037930837,-0.776698300291805,-0.74434407341946,-0.668983705885059,
-0.601236955065514,-0.538424231385587,-0.460973989425592,-0.378797685822604,
-0.335789439708507,-0.319251327869231),.UNSPECIFIED.);
#190=B_SPLINE_CURVE_WITH_KNOTS('',3,(#6928,#6929,#6930,#6931),
 .UNSPECIFIED.,.F.,.F.,(4,4),(1.08817873338351,1.31096245992273),
 .UNSPECIFIED.);
#191=B_SPLINE_CURVE_WITH_KNOTS('',3,(#6936,#6937,#6938,#6939),
 .UNSPECIFIED.,.F.,.F.,(4,4),(-0.571778651178736,0.),.UNSPECIFIED.);
#192=B_SPLINE_CURVE_WITH_KNOTS('',3,(#6979,#6980,#6981,#6982,#6983,#6984,
#6985,#6986,#6987,#6988,#6989,#6990,#6991,#6992,#6993,#6994,#6995,#6996,
#6997,#6998,#6999,#7000,#7001,#7002,#7003,#7004,#7005,#7006,#7007,#7008,
#7009,#7010,#7011,#7012,#7013,#7014,#7015,#7016,#7017,#7018,#7019,#7020,
#7021,#7022,#7023,#7024),.UNSPECIFIED.,.F.,.F.,(4,3,3,3,3,3,3,3,3,3,3,3,
3,3,3,4),(-1.31096245992273,-1.23195334496499,-1.14726842437989,-1.04949434553508,
-0.962468246708859,-0.869583273500332,-0.785245579108683,-0.776698300291805,
-0.744362383576167,-0.670760465530649,-0.602513932697495,-0.538424231385586,
-0.461488621980406,-0.388399205772752,-0.335789439708505,-0.31925132786923),
 .UNSPECIFIED.);
#193=B_SPLINE_CURVE_WITH_KNOTS('',3,(#7073,#7074,#7075,#7076,#7077,#7078,
#7079),.UNSPECIFIED.,.F.,.F.,(4,1,1,1,4),(-4.91292528618913,-4.77125226732434,
-4.62957924845956,-4.34623321072999,-3.92121415453809),.UNSPECIFIED.);
#194=B_SPLINE_CURVE_WITH_KNOTS('',3,(#7090,#7091,#7092,#7093),
 .UNSPECIFIED.,.F.,.F.,(4,4),(-0.571778651178737,-4.44361276469425E-16),
 .UNSPECIFIED.);
#195=B_SPLINE_CURVE_WITH_KNOTS('',3,(#7094,#7095,#7096,#7097,#7098,#7099,
#7100,#7101,#7102,#7103,#7104),.UNSPECIFIED.,.F.,.F.,(4,2,1,1,1,1,1,4),
(-0.0045019252561863,0.,0.172895602503496,0.345791205006992,0.518686807510488,
0.691582410013984,0.778030211265732,0.86447801251748),.UNSPECIFIED.);
#196=B_SPLINE_CURVE_WITH_KNOTS('',3,(#7106,#7107,#7108,#7109,#7110,#7111,
#7112,#7113,#7114,#7115,#7116),.UNSPECIFIED.,.F.,.F.,(4,1,1,1,1,1,2,4),
(0.,0.0864478012519749,0.17289560250395,0.3457912050079,0.51868680751185,
0.6915824100158,0.86447801251975,0.868979937773666),.UNSPECIFIED.);
#197=B_SPLINE_CURVE_WITH_KNOTS('',3,(#7118,#7119,#7120,#7121),
 .UNSPECIFIED.,.F.,.F.,(4,4),(-0.571778651178738,-4.94945786150473E-16),
 .UNSPECIFIED.);
#198=B_SPLINE_CURVE_WITH_KNOTS('',3,(#7178,#7179,#7180,#7181,#7182,#7183,
#7184,#7185,#7186,#7187,#7188),.UNSPECIFIED.,.F.,.F.,(4,2,1,1,1,1,1,4),
(-0.868979937773665,-0.864478012519615,-0.691582410015692,-0.518686807511769,
-0.345791205007846,-0.172895602503923,-0.0864478012519615,0.),
 .UNSPECIFIED.);
#199=B_SPLINE_CURVE_WITH_KNOTS('',3,(#7236,#7237,#7238,#7239,#7240,#7241,
#7242,#7243,#7244,#7245,#7246),.UNSPECIFIED.,.F.,.F.,(4,1,1,1,1,1,2,4),
(-0.864478012519733,-0.778030211267759,-0.691582410015786,-0.51868680751184,
-0.345791205007893,-0.172895602503947,0.,0.00450192525393346),
 .UNSPECIFIED.);
#200=B_SPLINE_CURVE_WITH_KNOTS('',3,(#7289,#7290,#7291,#7292),
 .UNSPECIFIED.,.F.,.F.,(4,4),(-0.571778651178737,0.),.UNSPECIFIED.);
#201=B_SPLINE_CURVE_WITH_KNOTS('',3,(#7452,#7453,#7454,#7455,#7456,#7457,
#7458,#7459,#7460,#7461,#7462),.UNSPECIFIED.,.F.,.F.,(4,1,1,1,1,1,2,4),
(-0.86447801251748,-0.778030211265732,-0.691582410013984,-0.518686807510488,
-0.345791205006992,-0.172895602503496,0.,0.0045019252561863),
 .UNSPECIFIED.);
#202=B_SPLINE_CURVE_WITH_KNOTS('',3,(#7510,#7511,#7512,#7513,#7514,#7515,
#7516,#7517,#7518,#7519,#7520),.UNSPECIFIED.,.F.,.F.,(4,2,1,1,1,1,1,4),
(-0.868979937773666,-0.86447801251975,-0.6915824100158,-0.51868680751185,
-0.3457912050079,-0.17289560250395,-0.0864478012519749,0.),
 .UNSPECIFIED.);
#203=B_SPLINE_CURVE_WITH_KNOTS('',3,(#7565,#7566,#7567,#7568),
 .UNSPECIFIED.,.F.,.F.,(4,4),(4.94945786150473E-16,0.571778651178738),
 .UNSPECIFIED.);
#204=POLYLINE('',(#5444,#5445));
#205=POLYLINE('',(#5446,#5447));
#206=POLYLINE('',(#5448,#5449));
#207=POLYLINE('',(#5450,#5451));
#208=POLYLINE('',(#5452,#5453));
#209=POLYLINE('',(#5454,#5455));
#210=POLYLINE('',(#5459,#5460));
#211=POLYLINE('',(#5461,#5462));
#212=POLYLINE('',(#5463,#5464));
#213=POLYLINE('',(#5465,#5466));
#214=POLYLINE('',(#5467,#5468));
#215=POLYLINE('',(#5469,#5470));
#216=POLYLINE('',(#5471,#5472));
#217=POLYLINE('',(#5473,#5474));
#218=POLYLINE('',(#5478,#5479));
#219=POLYLINE('',(#7686,#7687));
#220=POLYLINE('',(#7688,#7689));
#221=POLYLINE('',(#7690,#7691));
#222=POLYLINE('',(#7692,#7693));
#223=POLYLINE('',(#7701,#7702));
#224=POLYLINE('',(#7703,#7704));
#225=POLYLINE('',(#7705,#7706));
#226=POLYLINE('',(#7707,#7708));
#227=POLYLINE('',(#7709,#7710));
#228=POLYLINE('',(#7711,#7712));
#229=POLYLINE('',(#7713,#7714));
#230=POLYLINE('',(#7715,#7716));
#231=POLYLINE('',(#7717,#7718));
#232=POLYLINE('',(#7719,#7720));
#233=POLYLINE('',(#7721,#7722));
#234=POLYLINE('',(#7723,#7724));
#235=POLYLINE('',(#7725,#7726));
#236=POLYLINE('',(#7727,#7728));
#237=POLYLINE('',(#7729,#7730));
#238=POLYLINE('',(#7731,#7732));
#239=POLYLINE('',(#7733,#7734));
#240=POLYLINE('',(#7735,#7736));
#241=POLYLINE('',(#7740,#7741));
#242=POLYLINE('',(#7742,#7743));
#243=POLYLINE('',(#7744,#7745));
#244=POLYLINE('',(#7746,#7747));
#245=POLYLINE('',(#7751,#7752));
#246=POLYLINE('',(#7753,#7754));
#247=POLYLINE('',(#7755,#7756));
#248=POLYLINE('',(#7757,#7758));
#249=POLYLINE('',(#7759,#7760));
#250=POLYLINE('',(#7761,#7762));
#251=POLYLINE('',(#7772,#7773));
#252=POLYLINE('',(#7774,#7775));
#253=POLYLINE('',(#7776,#7777));
#254=POLYLINE('',(#7778,#7779));
#255=POLYLINE('',(#7780,#7781));
#256=POLYLINE('',(#7789,#7790));
#257=POLYLINE('',(#7791,#7792));
#258=POLYLINE('',(#7793,#7794));
#259=POLYLINE('',(#7795,#7796));
#260=POLYLINE('',(#7797,#7798));
#261=POLYLINE('',(#7799,#7800));
#262=POLYLINE('',(#7805,#7806));
#263=POLYLINE('',(#7807,#7808));
#264=POLYLINE('',(#7811,#7812));
#265=POLYLINE('',(#7813,#7814));
#266=POLYLINE('',(#7815,#7816));
#267=POLYLINE('',(#7817,#7818));
#268=POLYLINE('',(#7819,#7820));
#269=POLYLINE('',(#7821,#7822));
#270=POLYLINE('',(#7825,#7826));
#271=POLYLINE('',(#7827,#7828));
#272=CAMERA_MODEL_D3('Isometric',#3857,#284);
#273=CAMERA_MODEL_D3('Front',#3859,#285);
#274=CAMERA_MODEL_D3('Top',#3861,#286);
#275=CAMERA_MODEL_D3('Right',#3863,#287);
#276=CAMERA_MODEL_D3('Isometric',#3912,#288);
#277=CAMERA_MODEL_D3('Front',#3914,#289);
#278=CAMERA_MODEL_D3('Top',#3916,#290);
#279=CAMERA_MODEL_D3('Right',#3918,#291);
#280=CAMERA_MODEL_D3('Isometric',#4223,#292);
#281=CAMERA_MODEL_D3('Front',#4225,#293);
#282=CAMERA_MODEL_D3('Top',#4227,#294);
#283=CAMERA_MODEL_D3('Right',#4229,#295);
#284=VIEW_VOLUME(.PARALLEL.,#5317,16.9875424688562,0.,.F.,0.,.F.,.F.,#296);
#285=VIEW_VOLUME(.PARALLEL.,#5320,117.693146607172,0.,.F.,0.,.F.,.F.,#297);
#286=VIEW_VOLUME(.PARALLEL.,#5323,117.693146607172,0.,.F.,0.,.F.,.F.,#298);
#287=VIEW_VOLUME(.PARALLEL.,#5326,117.693146607172,0.,.F.,0.,.F.,.F.,#299);
#288=VIEW_VOLUME(.PARALLEL.,#5483,16.9875424688562,0.,.F.,0.,.F.,.F.,#300);
#289=VIEW_VOLUME(.PARALLEL.,#5486,117.693146607172,0.,.F.,0.,.F.,.F.,#301);
#290=VIEW_VOLUME(.PARALLEL.,#5489,117.693146607172,0.,.F.,0.,.F.,.F.,#302);
#291=VIEW_VOLUME(.PARALLEL.,#5492,117.693146607172,0.,.F.,0.,.F.,.F.,#303);
#292=VIEW_VOLUME(.PARALLEL.,#7836,16.9875424688562,0.,.F.,0.,.F.,.F.,#304);
#293=VIEW_VOLUME(.PARALLEL.,#7839,117.693146607172,0.,.F.,0.,.F.,.F.,#305);
#294=VIEW_VOLUME(.PARALLEL.,#7842,117.693146607172,0.,.F.,0.,.F.,.F.,#306);
#295=VIEW_VOLUME(.PARALLEL.,#7845,117.693146607172,0.,.F.,0.,.F.,.F.,#307);
#296=PLANAR_BOX('view window',27.8110236220472,20.,#3858);
#297=PLANAR_BOX('view window',27.8110236220472,20.,#3860);
#298=PLANAR_BOX('view window',27.8110236220472,20.,#3862);
#299=PLANAR_BOX('view window',27.8110236220472,20.,#3864);
#300=PLANAR_BOX('view window',27.8110236220472,20.,#3913);
#301=PLANAR_BOX('view window',27.8110236220472,20.,#3915);
#302=PLANAR_BOX('view window',27.8110236220472,20.,#3917);
#303=PLANAR_BOX('view window',27.8110236220472,20.,#3919);
#304=PLANAR_BOX('view window',27.8110236220472,20.,#4224);
#305=PLANAR_BOX('view window',27.8110236220472,20.,#4226);
#306=PLANAR_BOX('view window',27.8110236220472,20.,#4228);
#307=PLANAR_BOX('view window',27.8110236220472,20.,#4230);
#308=GEOMETRIC_CURVE_SET('Sketch1',(#1459,#1460,#5314));
#309=GEOMETRIC_CURVE_SET('Sketch1',(#204,#205,#206,#207,#208,#209,#1483,
#5457,#5458));
#310=GEOMETRIC_CURVE_SET('Sketch2',(#210,#211,#212,#213,#214,#215,#216,
#217,#5475));
#311=GEOMETRIC_CURVE_SET('Sketch3',(#1484,#1485,#218,#5480));
#312=GEOMETRIC_CURVE_SET('Sketch1',(#1641,#1642,#1643,#7683));
#313=GEOMETRIC_CURVE_SET('Sketch2',(#1644,#1645,#219,#220,#221,#222,#7694,
#7695,#7696));
#314=GEOMETRIC_CURVE_SET('Sketch4',(#89,#1647,#223,#224,#225,#226,#227,
#228,#229,#230,#231,#232,#233,#234,#235,#236,#237,#238,#239,#240,#7737,
#7738,#7739));
#315=GEOMETRIC_CURVE_SET('Sketch5',(#241,#242,#243,#244,#1648,#7749));
#316=GEOMETRIC_CURVE_SET('Sketch6',(#1649,#245,#246,#247,#248,#249,#250,
#7763,#7764));
#317=GEOMETRIC_CURVE_SET('Sketch7',(#1650,#1651,#1652,#7768));
#318=GEOMETRIC_CURVE_SET('Sketch8',(#1653,#1654,#1655,#251,#252,#253,#254,
#255,#7782,#7783,#7784));
#319=GEOMETRIC_CURVE_SET('Sketch9',(#1656,#90,#256,#257,#258,#259,#260,
#261,#7801,#7802,#7803));
#320=GEOMETRIC_CURVE_SET('Sketch10',(#1658,#262,#263,#7809));
#321=GEOMETRIC_CURVE_SET('Sketch11',(#1659,#264,#265,#266,#267,#268,#269,
#7823,#7824));
#322=GEOMETRIC_CURVE_SET('Sketch13',(#270,#271,#7829,#7830));
#323=GEOMETRIC_CURVE_SET('Sketch14',(#7831,#7832,#7833));
#324=INVISIBILITY((#326,#327,#328,#329,#331,#332,#333,#334,#335,#336,#337,
#338,#339,#340,#341,#342,#343,#344,#345,#346,#347,#348,#349,#350,#351,#352,
#353,#354,#355,#357,#358,#359,#360,#361,#362,#363,#364,#365,#366,#367,#368,
#369,#370,#371,#372,#373,#374,#375,#376,#377,#378,#379,#380,#381,#382,#383,
#384,#385,#386,#387,#388,#389,#390,#391,#392,#393,#394,#395,#396,#397,#398,
#399,#400,#401,#402,#403,#404,#405,#406,#407,#408,#409,#410,#411,#412,#413,
#414,#415,#416,#417,#418,#419,#420,#421,#422,#423,#424,#425,#426,#427,#428,
#429,#430,#431,#432,#433,#434,#435,#436,#437,#438,#439,#440,#441,#442,#443,
#444,#445,#446,#447,#448,#449,#450,#451,#452,#453,#454,#455,#456,#457,#458,
#459,#460,#461,#462,#463,#464,#465));
#325=STYLED_ITEM('',(#3701),#469);
#326=STYLED_ITEM('',(#3703),#1459);
#327=STYLED_ITEM('',(#3703),#1460);
#328=STYLED_ITEM('',(#3704),#5314);
#329=STYLED_ITEM('',(#3705),#308);
#330=STYLED_ITEM('',(#3701),#470);
#331=STYLED_ITEM('',(#3703),#204);
#332=STYLED_ITEM('',(#3703),#205);
#333=STYLED_ITEM('',(#3703),#206);
#334=STYLED_ITEM('',(#3703),#207);
#335=STYLED_ITEM('',(#3703),#208);
#336=STYLED_ITEM('',(#3706),#209);
#337=STYLED_ITEM('',(#3703),#1483);
#338=STYLED_ITEM('',(#3707),#5457);
#339=STYLED_ITEM('',(#3708),#5458);
#340=STYLED_ITEM('',(#3709),#210);
#341=STYLED_ITEM('',(#3702),#211);
#342=STYLED_ITEM('',(#3710),#212);
#343=STYLED_ITEM('',(#3702),#213);
#344=STYLED_ITEM('',(#3702),#214);
#345=STYLED_ITEM('',(#3711),#215);
#346=STYLED_ITEM('',(#3712),#216);
#347=STYLED_ITEM('',(#3703),#217);
#348=STYLED_ITEM('',(#3713),#5475);
#349=STYLED_ITEM('',(#3703),#1484);
#350=STYLED_ITEM('',(#3714),#1485);
#351=STYLED_ITEM('',(#3702),#218);
#352=STYLED_ITEM('',(#3715),#5480);
#353=STYLED_ITEM('',(#3716),#309);
#354=STYLED_ITEM('',(#3717),#310);
#355=STYLED_ITEM('',(#3718),#311);
#356=STYLED_ITEM('',(#3719),#471);
#357=STYLED_ITEM('',(#3702),#1641);
#358=STYLED_ITEM('',(#3702),#1642);
#359=STYLED_ITEM('',(#3703),#1643);
#360=STYLED_ITEM('',(#3721),#7683);
#361=STYLED_ITEM('',(#3702),#1644);
#362=STYLED_ITEM('',(#3702),#1645);
#363=STYLED_ITEM('',(#3703),#219);
#364=STYLED_ITEM('',(#3703),#220);
#365=STYLED_ITEM('',(#3703),#221);
#366=STYLED_ITEM('',(#3703),#222);
#367=STYLED_ITEM('',(#3722),#7694);
#368=STYLED_ITEM('',(#3723),#7695);
#369=STYLED_ITEM('',(#3724),#7696);
#370=STYLED_ITEM('',(#3702),#89);
#371=STYLED_ITEM('',(#3702),#1647);
#372=STYLED_ITEM('',(#3702),#223);
#373=STYLED_ITEM('',(#3702),#224);
#374=STYLED_ITEM('',(#3702),#225);
#375=STYLED_ITEM('',(#3702),#226);
#376=STYLED_ITEM('',(#3703),#227);
#377=STYLED_ITEM('',(#3725),#228);
#378=STYLED_ITEM('',(#3703),#229);
#379=STYLED_ITEM('',(#3726),#230);
#380=STYLED_ITEM('',(#3727),#231);
#381=STYLED_ITEM('',(#3728),#232);
#382=STYLED_ITEM('',(#3729),#233);
#383=STYLED_ITEM('',(#3730),#234);
#384=STYLED_ITEM('',(#3731),#235);
#385=STYLED_ITEM('',(#3732),#236);
#386=STYLED_ITEM('',(#3703),#237);
#387=STYLED_ITEM('',(#3733),#238);
#388=STYLED_ITEM('',(#3734),#239);
#389=STYLED_ITEM('',(#3735),#240);
#390=STYLED_ITEM('',(#3736),#7737);
#391=STYLED_ITEM('',(#3737),#7738);
#392=STYLED_ITEM('',(#3738),#7739);
#393=STYLED_ITEM('',(#3702),#241);
#394=STYLED_ITEM('',(#3702),#242);
#395=STYLED_ITEM('',(#3702),#243);
#396=STYLED_ITEM('',(#3702),#244);
#397=STYLED_ITEM('',(#3739),#1648);
#398=STYLED_ITEM('',(#3740),#7749);
#399=STYLED_ITEM('',(#3702),#1649);
#400=STYLED_ITEM('',(#3741),#245);
#401=STYLED_ITEM('',(#3742),#246);
#402=STYLED_ITEM('',(#3743),#247);
#403=STYLED_ITEM('',(#3744),#248);
#404=STYLED_ITEM('',(#3745),#249);
#405=STYLED_ITEM('',(#3746),#250);
#406=STYLED_ITEM('',(#3747),#7763);
#407=STYLED_ITEM('',(#3748),#7764);
#408=STYLED_ITEM('',(#3703),#1650);
#409=STYLED_ITEM('',(#3720),#1651);
#410=STYLED_ITEM('',(#3703),#1652);
#411=STYLED_ITEM('',(#3749),#7768);
#412=STYLED_ITEM('',(#3702),#1653);
#413=STYLED_ITEM('',(#3702),#1654);
#414=STYLED_ITEM('',(#3702),#1655);
#415=STYLED_ITEM('',(#3703),#251);
#416=STYLED_ITEM('',(#3703),#252);
#417=STYLED_ITEM('',(#3703),#253);
#418=STYLED_ITEM('',(#3750),#254);
#419=STYLED_ITEM('',(#3703),#255);
#420=STYLED_ITEM('',(#3751),#7782);
#421=STYLED_ITEM('',(#3752),#7783);
#422=STYLED_ITEM('',(#3753),#7784);
#423=STYLED_ITEM('',(#3702),#1656);
#424=STYLED_ITEM('',(#3702),#90);
#425=STYLED_ITEM('',(#3703),#256);
#426=STYLED_ITEM('',(#3703),#257);
#427=STYLED_ITEM('',(#3703),#258);
#428=STYLED_ITEM('',(#3703),#259);
#429=STYLED_ITEM('',(#3754),#260);
#430=STYLED_ITEM('',(#3703),#261);
#431=STYLED_ITEM('',(#3755),#7801);
#432=STYLED_ITEM('',(#3756),#7802);
#433=STYLED_ITEM('',(#3757),#7803);
#434=STYLED_ITEM('',(#3703),#1658);
#435=STYLED_ITEM('',(#3702),#262);
#436=STYLED_ITEM('',(#3702),#263);
#437=STYLED_ITEM('',(#3758),#7809);
#438=STYLED_ITEM('',(#3702),#1659);
#439=STYLED_ITEM('',(#3759),#264);
#440=STYLED_ITEM('',(#3760),#265);
#441=STYLED_ITEM('',(#3761),#266);
#442=STYLED_ITEM('',(#3762),#267);
#443=STYLED_ITEM('',(#3763),#268);
#444=STYLED_ITEM('',(#3764),#269);
#445=STYLED_ITEM('',(#3765),#7823);
#446=STYLED_ITEM('',(#3766),#7824);
#447=STYLED_ITEM('',(#3702),#270);
#448=STYLED_ITEM('',(#3702),#271);
#449=STYLED_ITEM('',(#3767),#7829);
#450=STYLED_ITEM('',(#3768),#7830);
#451=STYLED_ITEM('',(#3769),#7831);
#452=STYLED_ITEM('',(#3770),#7832);
#453=STYLED_ITEM('',(#3771),#7833);
#454=STYLED_ITEM('',(#3772),#312);
#455=STYLED_ITEM('',(#3773),#313);
#456=STYLED_ITEM('',(#3774),#314);
#457=STYLED_ITEM('',(#3775),#315);
#458=STYLED_ITEM('',(#3776),#316);
#459=STYLED_ITEM('',(#3777),#317);
#460=STYLED_ITEM('',(#3778),#318);
#461=STYLED_ITEM('',(#3779),#319);
#462=STYLED_ITEM('',(#3780),#320);
#463=STYLED_ITEM('',(#3781),#321);
#464=STYLED_ITEM('',(#3782),#322);
#465=STYLED_ITEM('',(#3783),#323);
#466=STYLED_ITEM('',(#3784),#29);
#467=STYLED_ITEM('',(#3785),#34);
#468=STYLED_ITEM('',(#3786),#39);
#469=MANIFOLD_SOLID_BREP('Solid1',#3661);
#470=MANIFOLD_SOLID_BREP('Solid1',#3662);
#471=MANIFOLD_SOLID_BREP('Solid1',#3663);
#472=FACE_BOUND('',#766,.T.);
#473=FACE_BOUND('',#768,.T.);
#474=FACE_BOUND('',#774,.T.);
#475=FACE_BOUND('',#775,.T.);
#476=FACE_BOUND('',#776,.T.);
#477=FACE_BOUND('',#787,.T.);
#478=FACE_BOUND('',#788,.T.);
#479=FACE_BOUND('',#789,.T.);
#480=FACE_BOUND('',#798,.T.);
#481=FACE_BOUND('',#802,.T.);
#482=FACE_BOUND('',#806,.T.);
#483=FACE_BOUND('',#823,.T.);
#484=FACE_BOUND('',#836,.T.);
#485=FACE_BOUND('',#841,.T.);
#486=FACE_BOUND('',#847,.T.);
#487=FACE_BOUND('',#873,.T.);
#488=FACE_BOUND('',#883,.T.);
#489=FACE_BOUND('',#897,.T.);
#490=FACE_BOUND('',#911,.T.);
#491=FACE_BOUND('',#912,.T.);
#492=FACE_BOUND('',#925,.T.);
#493=FACE_BOUND('',#936,.T.);
#494=FACE_BOUND('',#951,.T.);
#495=FACE_BOUND('',#952,.T.);
#496=FACE_BOUND('',#972,.T.);
#497=PLANE('',#3853);
#498=PLANE('',#3854);
#499=PLANE('',#3875);
#500=PLANE('',#3876);
#501=PLANE('',#3887);
#502=PLANE('',#3890);
#503=PLANE('',#3897);
#504=PLANE('',#3898);
#505=PLANE('',#3899);
#506=PLANE('',#3903);
#507=PLANE('',#3905);
#508=PLANE('',#3908);
#509=PLANE('',#3924);
#510=PLANE('',#3926);
#511=PLANE('',#3938);
#512=PLANE('',#3943);
#513=PLANE('',#3946);
#514=PLANE('',#3950);
#515=PLANE('',#3953);
#516=PLANE('',#3954);
#517=PLANE('',#3955);
#518=PLANE('',#3956);
#519=PLANE('',#3957);
#520=PLANE('',#3958);
#521=PLANE('',#3959);
#522=PLANE('',#3960);
#523=PLANE('',#3961);
#524=PLANE('',#3983);
#525=PLANE('',#4005);
#526=PLANE('',#4006);
#527=PLANE('',#4007);
#528=PLANE('',#4008);
#529=PLANE('',#4013);
#530=PLANE('',#4014);
#531=PLANE('',#4015);
#532=PLANE('',#4021);
#533=PLANE('',#4022);
#534=PLANE('',#4026);
#535=PLANE('',#4027);
#536=PLANE('',#4035);
#537=PLANE('',#4036);
#538=PLANE('',#4041);
#539=PLANE('',#4042);
#540=PLANE('',#4046);
#541=PLANE('',#4047);
#542=PLANE('',#4048);
#543=PLANE('',#4049);
#544=PLANE('',#4050);
#545=PLANE('',#4051);
#546=PLANE('',#4052);
#547=PLANE('',#4053);
#548=PLANE('',#4060);
#549=PLANE('',#4061);
#550=PLANE('',#4062);
#551=PLANE('',#4063);
#552=PLANE('',#4064);
#553=PLANE('',#4065);
#554=PLANE('',#4066);
#555=PLANE('',#4092);
#556=PLANE('',#4096);
#557=PLANE('',#4098);
#558=PLANE('',#4118);
#559=PLANE('',#4122);
#560=PLANE('',#4123);
#561=PLANE('',#4143);
#562=PLANE('',#4145);
#563=PLANE('',#4146);
#564=PLANE('',#4166);
#565=PLANE('',#4168);
#566=PLANE('',#4179);
#567=PLANE('',#4182);
#568=PLANE('',#4195);
#569=PLANE('',#4199);
#570=PLANE('',#4200);
#571=PLANE('',#4201);
#572=PLANE('',#4202);
#573=PLANE('',#4203);
#574=FACE_OUTER_BOUND('',#763,.T.);
#575=FACE_OUTER_BOUND('',#764,.T.);
#576=FACE_OUTER_BOUND('',#765,.T.);
#577=FACE_OUTER_BOUND('',#767,.T.);
#578=FACE_OUTER_BOUND('',#769,.T.);
#579=FACE_OUTER_BOUND('',#770,.T.);
#580=FACE_OUTER_BOUND('',#771,.T.);
#581=FACE_OUTER_BOUND('',#772,.T.);
#582=FACE_OUTER_BOUND('',#773,.T.);
#583=FACE_OUTER_BOUND('',#777,.T.);
#584=FACE_OUTER_BOUND('',#778,.T.);
#585=FACE_OUTER_BOUND('',#779,.T.);
#586=FACE_OUTER_BOUND('',#780,.T.);
#587=FACE_OUTER_BOUND('',#781,.T.);
#588=FACE_OUTER_BOUND('',#782,.T.);
#589=FACE_OUTER_BOUND('',#783,.T.);
#590=FACE_OUTER_BOUND('',#784,.T.);
#591=FACE_OUTER_BOUND('',#785,.T.);
#592=FACE_OUTER_BOUND('',#786,.T.);
#593=FACE_OUTER_BOUND('',#790,.T.);
#594=FACE_OUTER_BOUND('',#791,.T.);
#595=FACE_OUTER_BOUND('',#792,.T.);
#596=FACE_OUTER_BOUND('',#793,.T.);
#597=FACE_OUTER_BOUND('',#794,.T.);
#598=FACE_OUTER_BOUND('',#795,.T.);
#599=FACE_OUTER_BOUND('',#796,.T.);
#600=FACE_OUTER_BOUND('',#797,.T.);
#601=FACE_OUTER_BOUND('',#799,.T.);
#602=FACE_OUTER_BOUND('',#800,.T.);
#603=FACE_OUTER_BOUND('',#801,.T.);
#604=FACE_OUTER_BOUND('',#803,.T.);
#605=FACE_OUTER_BOUND('',#804,.T.);
#606=FACE_OUTER_BOUND('',#805,.T.);
#607=FACE_OUTER_BOUND('',#807,.T.);
#608=FACE_OUTER_BOUND('',#808,.T.);
#609=FACE_OUTER_BOUND('',#809,.T.);
#610=FACE_OUTER_BOUND('',#810,.T.);
#611=FACE_OUTER_BOUND('',#811,.T.);
#612=FACE_OUTER_BOUND('',#812,.T.);
#613=FACE_OUTER_BOUND('',#813,.T.);
#614=FACE_OUTER_BOUND('',#814,.T.);
#615=FACE_OUTER_BOUND('',#815,.T.);
#616=FACE_OUTER_BOUND('',#816,.T.);
#617=FACE_OUTER_BOUND('',#817,.T.);
#618=FACE_OUTER_BOUND('',#818,.T.);
#619=FACE_OUTER_BOUND('',#819,.T.);
#620=FACE_OUTER_BOUND('',#820,.T.);
#621=FACE_OUTER_BOUND('',#821,.T.);
#622=FACE_OUTER_BOUND('',#822,.T.);
#623=FACE_OUTER_BOUND('',#824,.T.);
#624=FACE_OUTER_BOUND('',#825,.T.);
#625=FACE_OUTER_BOUND('',#826,.T.);
#626=FACE_OUTER_BOUND('',#827,.T.);
#627=FACE_OUTER_BOUND('',#828,.T.);
#628=FACE_OUTER_BOUND('',#829,.T.);
#629=FACE_OUTER_BOUND('',#830,.T.);
#630=FACE_OUTER_BOUND('',#831,.T.);
#631=FACE_OUTER_BOUND('',#832,.T.);
#632=FACE_OUTER_BOUND('',#833,.T.);
#633=FACE_OUTER_BOUND('',#834,.T.);
#634=FACE_OUTER_BOUND('',#835,.T.);
#635=FACE_OUTER_BOUND('',#837,.T.);
#636=FACE_OUTER_BOUND('',#838,.T.);
#637=FACE_OUTER_BOUND('',#839,.T.);
#638=FACE_OUTER_BOUND('',#840,.T.);
#639=FACE_OUTER_BOUND('',#842,.T.);
#640=FACE_OUTER_BOUND('',#843,.T.);
#641=FACE_OUTER_BOUND('',#844,.T.);
#642=FACE_OUTER_BOUND('',#845,.T.);
#643=FACE_OUTER_BOUND('',#846,.T.);
#644=FACE_OUTER_BOUND('',#848,.T.);
#645=FACE_OUTER_BOUND('',#849,.T.);
#646=FACE_OUTER_BOUND('',#850,.T.);
#647=FACE_OUTER_BOUND('',#851,.T.);
#648=FACE_OUTER_BOUND('',#852,.T.);
#649=FACE_OUTER_BOUND('',#853,.T.);
#650=FACE_OUTER_BOUND('',#854,.T.);
#651=FACE_OUTER_BOUND('',#855,.T.);
#652=FACE_OUTER_BOUND('',#856,.T.);
#653=FACE_OUTER_BOUND('',#857,.T.);
#654=FACE_OUTER_BOUND('',#858,.T.);
#655=FACE_OUTER_BOUND('',#859,.T.);
#656=FACE_OUTER_BOUND('',#860,.T.);
#657=FACE_OUTER_BOUND('',#861,.T.);
#658=FACE_OUTER_BOUND('',#862,.T.);
#659=FACE_OUTER_BOUND('',#863,.T.);
#660=FACE_OUTER_BOUND('',#864,.T.);
#661=FACE_OUTER_BOUND('',#865,.T.);
#662=FACE_OUTER_BOUND('',#866,.T.);
#663=FACE_OUTER_BOUND('',#867,.T.);
#664=FACE_OUTER_BOUND('',#868,.T.);
#665=FACE_OUTER_BOUND('',#869,.T.);
#666=FACE_OUTER_BOUND('',#870,.T.);
#667=FACE_OUTER_BOUND('',#871,.T.);
#668=FACE_OUTER_BOUND('',#872,.T.);
#669=FACE_OUTER_BOUND('',#874,.T.);
#670=FACE_OUTER_BOUND('',#875,.T.);
#671=FACE_OUTER_BOUND('',#876,.T.);
#672=FACE_OUTER_BOUND('',#877,.T.);
#673=FACE_OUTER_BOUND('',#878,.T.);
#674=FACE_OUTER_BOUND('',#879,.T.);
#675=FACE_OUTER_BOUND('',#880,.T.);
#676=FACE_OUTER_BOUND('',#881,.T.);
#677=FACE_OUTER_BOUND('',#882,.T.);
#678=FACE_OUTER_BOUND('',#884,.T.);
#679=FACE_OUTER_BOUND('',#885,.T.);
#680=FACE_OUTER_BOUND('',#886,.T.);
#681=FACE_OUTER_BOUND('',#887,.T.);
#682=FACE_OUTER_BOUND('',#888,.T.);
#683=FACE_OUTER_BOUND('',#889,.T.);
#684=FACE_OUTER_BOUND('',#890,.T.);
#685=FACE_OUTER_BOUND('',#891,.T.);
#686=FACE_OUTER_BOUND('',#892,.T.);
#687=FACE_OUTER_BOUND('',#893,.T.);
#688=FACE_OUTER_BOUND('',#894,.T.);
#689=FACE_OUTER_BOUND('',#895,.T.);
#690=FACE_OUTER_BOUND('',#896,.T.);
#691=FACE_OUTER_BOUND('',#898,.T.);
#692=FACE_OUTER_BOUND('',#899,.T.);
#693=FACE_OUTER_BOUND('',#900,.T.);
#694=FACE_OUTER_BOUND('',#901,.T.);
#695=FACE_OUTER_BOUND('',#902,.T.);
#696=FACE_OUTER_BOUND('',#903,.T.);
#697=FACE_OUTER_BOUND('',#904,.T.);
#698=FACE_OUTER_BOUND('',#905,.T.);
#699=FACE_OUTER_BOUND('',#906,.T.);
#700=FACE_OUTER_BOUND('',#907,.T.);
#701=FACE_OUTER_BOUND('',#908,.T.);
#702=FACE_OUTER_BOUND('',#909,.T.);
#703=FACE_OUTER_BOUND('',#910,.T.);
#704=FACE_OUTER_BOUND('',#913,.T.);
#705=FACE_OUTER_BOUND('',#914,.T.);
#706=FACE_OUTER_BOUND('',#915,.T.);
#707=FACE_OUTER_BOUND('',#916,.T.);
#708=FACE_OUTER_BOUND('',#917,.T.);
#709=FACE_OUTER_BOUND('',#918,.T.);
#710=FACE_OUTER_BOUND('',#919,.T.);
#711=FACE_OUTER_BOUND('',#920,.T.);
#712=FACE_OUTER_BOUND('',#921,.T.);
#713=FACE_OUTER_BOUND('',#922,.T.);
#714=FACE_OUTER_BOUND('',#923,.T.);
#715=FACE_OUTER_BOUND('',#924,.T.);
#716=FACE_OUTER_BOUND('',#926,.T.);
#717=FACE_OUTER_BOUND('',#927,.T.);
#718=FACE_OUTER_BOUND('',#928,.T.);
#719=FACE_OUTER_BOUND('',#929,.T.);
#720=FACE_OUTER_BOUND('',#930,.T.);
#721=FACE_OUTER_BOUND('',#931,.T.);
#722=FACE_OUTER_BOUND('',#932,.T.);
#723=FACE_OUTER_BOUND('',#933,.T.);
#724=FACE_OUTER_BOUND('',#934,.T.);
#725=FACE_OUTER_BOUND('',#935,.T.);
#726=FACE_OUTER_BOUND('',#937,.T.);
#727=FACE_OUTER_BOUND('',#938,.T.);
#728=FACE_OUTER_BOUND('',#939,.T.);
#729=FACE_OUTER_BOUND('',#940,.T.);
#730=FACE_OUTER_BOUND('',#941,.T.);
#731=FACE_OUTER_BOUND('',#942,.T.);
#732=FACE_OUTER_BOUND('',#943,.T.);
#733=FACE_OUTER_BOUND('',#944,.T.);
#734=FACE_OUTER_BOUND('',#945,.T.);
#735=FACE_OUTER_BOUND('',#946,.T.);
#736=FACE_OUTER_BOUND('',#947,.T.);
#737=FACE_OUTER_BOUND('',#948,.T.);
#738=FACE_OUTER_BOUND('',#949,.T.);
#739=FACE_OUTER_BOUND('',#950,.T.);
#740=FACE_OUTER_BOUND('',#953,.T.);
#741=FACE_OUTER_BOUND('',#954,.T.);
#742=FACE_OUTER_BOUND('',#955,.T.);
#743=FACE_OUTER_BOUND('',#956,.T.);
#744=FACE_OUTER_BOUND('',#957,.T.);
#745=FACE_OUTER_BOUND('',#958,.T.);
#746=FACE_OUTER_BOUND('',#959,.T.);
#747=FACE_OUTER_BOUND('',#960,.T.);
#748=FACE_OUTER_BOUND('',#961,.T.);
#749=FACE_OUTER_BOUND('',#962,.T.);
#750=FACE_OUTER_BOUND('',#963,.T.);
#751=FACE_OUTER_BOUND('',#964,.T.);
#752=FACE_OUTER_BOUND('',#965,.T.);
#753=FACE_OUTER_BOUND('',#966,.T.);
#754=FACE_OUTER_BOUND('',#967,.T.);
#755=FACE_OUTER_BOUND('',#968,.T.);
#756=FACE_OUTER_BOUND('',#969,.T.);
#757=FACE_OUTER_BOUND('',#970,.T.);
#758=FACE_OUTER_BOUND('',#971,.T.);
#759=FACE_OUTER_BOUND('',#973,.T.);
#760=FACE_OUTER_BOUND('',#974,.T.);
#761=FACE_OUTER_BOUND('',#975,.T.);
#762=FACE_OUTER_BOUND('',#976,.T.);
#763=EDGE_LOOP('',(#2444,#2445,#2446,#2447));
#764=EDGE_LOOP('',(#2448,#2449,#2450,#2451));
#765=EDGE_LOOP('',(#2452));
#766=EDGE_LOOP('',(#2453));
#767=EDGE_LOOP('',(#2454));
#768=EDGE_LOOP('',(#2455));
#769=EDGE_LOOP('',(#2456,#2457,#2458,#2459));
#770=EDGE_LOOP('',(#2460,#2461,#2462,#2463));
#771=EDGE_LOOP('',(#2464,#2465,#2466,#2467));
#772=EDGE_LOOP('',(#2468,#2469,#2470,#2471));
#773=EDGE_LOOP('',(#2472,#2473,#2474,#2475,#2476,#2477,#2478,#2479,#2480,
#2481,#2482,#2483,#2484,#2485,#2486,#2487));
#774=EDGE_LOOP('',(#2488));
#775=EDGE_LOOP('',(#2489));
#776=EDGE_LOOP('',(#2490));
#777=EDGE_LOOP('',(#2491,#2492,#2493,#2494));
#778=EDGE_LOOP('',(#2495,#2496,#2497,#2498));
#779=EDGE_LOOP('',(#2499,#2500,#2501,#2502));
#780=EDGE_LOOP('',(#2503,#2504,#2505,#2506));
#781=EDGE_LOOP('',(#2507,#2508,#2509,#2510));
#782=EDGE_LOOP('',(#2511,#2512,#2513,#2514));
#783=EDGE_LOOP('',(#2515,#2516,#2517,#2518));
#784=EDGE_LOOP('',(#2519,#2520,#2521,#2522));
#785=EDGE_LOOP('',(#2523,#2524,#2525,#2526));
#786=EDGE_LOOP('',(#2527,#2528,#2529,#2530,#2531,#2532,#2533,#2534,#2535,
#2536,#2537,#2538,#2539,#2540,#2541,#2542));
#787=EDGE_LOOP('',(#2543));
#788=EDGE_LOOP('',(#2544));
#789=EDGE_LOOP('',(#2545));
#790=EDGE_LOOP('',(#2546,#2547,#2548,#2549));
#791=EDGE_LOOP('',(#2550,#2551,#2552,#2553));
#792=EDGE_LOOP('',(#2554,#2555,#2556,#2557));
#793=EDGE_LOOP('',(#2558,#2559,#2560,#2561));
#794=EDGE_LOOP('',(#2562,#2563,#2564,#2565));
#795=EDGE_LOOP('',(#2566,#2567,#2568,#2569));
#796=EDGE_LOOP('',(#2570,#2571,#2572,#2573));
#797=EDGE_LOOP('',(#2574,#2575,#2576,#2577,#2578,#2579));
#798=EDGE_LOOP('',(#2580,#2581,#2582,#2583,#2584,#2585));
#799=EDGE_LOOP('',(#2586,#2587,#2588,#2589,#2590,#2591,#2592,#2593,#2594,
#2595,#2596,#2597,#2598,#2599,#2600,#2601));
#800=EDGE_LOOP('',(#2602,#2603,#2604,#2605));
#801=EDGE_LOOP('',(#2606,#2607,#2608,#2609,#2610,#2611));
#802=EDGE_LOOP('',(#2612));
#803=EDGE_LOOP('',(#2613,#2614,#2615,#2616));
#804=EDGE_LOOP('',(#2617,#2618,#2619,#2620,#2621));
#805=EDGE_LOOP('',(#2622,#2623,#2624,#2625,#2626,#2627,#2628));
#806=EDGE_LOOP('',(#2629));
#807=EDGE_LOOP('',(#2630,#2631,#2632,#2633));
#808=EDGE_LOOP('',(#2634,#2635,#2636,#2637,#2638));
#809=EDGE_LOOP('',(#2639,#2640,#2641,#2642));
#810=EDGE_LOOP('',(#2643,#2644,#2645,#2646));
#811=EDGE_LOOP('',(#2647,#2648,#2649,#2650));
#812=EDGE_LOOP('',(#2651,#2652,#2653,#2654));
#813=EDGE_LOOP('',(#2655,#2656,#2657,#2658));
#814=EDGE_LOOP('',(#2659,#2660,#2661,#2662));
#815=EDGE_LOOP('',(#2663,#2664,#2665,#2666));
#816=EDGE_LOOP('',(#2667,#2668,#2669,#2670));
#817=EDGE_LOOP('',(#2671,#2672,#2673,#2674));
#818=EDGE_LOOP('',(#2675,#2676,#2677,#2678,#2679,#2680,#2681,#2682,#2683));
#819=EDGE_LOOP('',(#2684,#2685,#2686,#2687,#2688,#2689,#2690,#2691,#2692,
#2693,#2694,#2695,#2696,#2697,#2698,#2699,#2700,#2701,#2702,#2703,#2704,
#2705,#2706,#2707,#2708,#2709,#2710,#2711,#2712,#2713,#2714,#2715,#2716,
#2717,#2718,#2719));
#820=EDGE_LOOP('',(#2720,#2721,#2722,#2723,#2724,#2725));
#821=EDGE_LOOP('',(#2726,#2727,#2728,#2729));
#822=EDGE_LOOP('',(#2730));
#823=EDGE_LOOP('',(#2731));
#824=EDGE_LOOP('',(#2732,#2733,#2734,#2735,#2736,#2737,#2738,#2739,#2740,
#2741,#2742,#2743,#2744,#2745,#2746,#2747,#2748,#2749,#2750,#2751,#2752,
#2753,#2754));
#825=EDGE_LOOP('',(#2755,#2756,#2757,#2758));
#826=EDGE_LOOP('',(#2759,#2760,#2761,#2762));
#827=EDGE_LOOP('',(#2763,#2764,#2765,#2766,#2767,#2768,#2769,#2770,#2771,
#2772,#2773,#2774,#2775,#2776,#2777,#2778,#2779));
#828=EDGE_LOOP('',(#2780,#2781,#2782,#2783,#2784));
#829=EDGE_LOOP('',(#2785,#2786,#2787,#2788,#2789));
#830=EDGE_LOOP('',(#2790,#2791,#2792,#2793,#2794));
#831=EDGE_LOOP('',(#2795,#2796,#2797,#2798,#2799));
#832=EDGE_LOOP('',(#2800,#2801,#2802,#2803));
#833=EDGE_LOOP('',(#2804,#2805,#2806,#2807));
#834=EDGE_LOOP('',(#2808,#2809,#2810,#2811));
#835=EDGE_LOOP('',(#2812,#2813,#2814,#2815,#2816,#2817));
#836=EDGE_LOOP('',(#2818));
#837=EDGE_LOOP('',(#2819,#2820,#2821,#2822));
#838=EDGE_LOOP('',(#2823,#2824,#2825,#2826));
#839=EDGE_LOOP('',(#2827,#2828,#2829,#2830));
#840=EDGE_LOOP('',(#2831,#2832,#2833,#2834,#2835,#2836,#2837));
#841=EDGE_LOOP('',(#2838));
#842=EDGE_LOOP('',(#2839,#2840,#2841,#2842));
#843=EDGE_LOOP('',(#2843,#2844,#2845,#2846,#2847));
#844=EDGE_LOOP('',(#2848,#2849,#2850,#2851,#2852,#2853,#2854,#2855));
#845=EDGE_LOOP('',(#2856,#2857,#2858,#2859,#2860));
#846=EDGE_LOOP('',(#2861));
#847=EDGE_LOOP('',(#2862));
#848=EDGE_LOOP('',(#2863,#2864,#2865,#2866,#2867));
#849=EDGE_LOOP('',(#2868,#2869,#2870,#2871,#2872));
#850=EDGE_LOOP('',(#2873,#2874,#2875,#2876,#2877));
#851=EDGE_LOOP('',(#2878,#2879,#2880,#2881));
#852=EDGE_LOOP('',(#2882,#2883,#2884,#2885));
#853=EDGE_LOOP('',(#2886,#2887,#2888,#2889));
#854=EDGE_LOOP('',(#2890,#2891,#2892,#2893));
#855=EDGE_LOOP('',(#2894,#2895,#2896,#2897,#2898,#2899,#2900));
#856=EDGE_LOOP('',(#2901,#2902,#2903,#2904,#2905,#2906));
#857=EDGE_LOOP('',(#2907,#2908,#2909,#2910,#2911));
#858=EDGE_LOOP('',(#2912,#2913,#2914,#2915));
#859=EDGE_LOOP('',(#2916,#2917,#2918,#2919));
#860=EDGE_LOOP('',(#2920,#2921,#2922,#2923));
#861=EDGE_LOOP('',(#2924,#2925,#2926,#2927));
#862=EDGE_LOOP('',(#2928,#2929,#2930,#2931,#2932));
#863=EDGE_LOOP('',(#2933,#2934,#2935,#2936,#2937,#2938));
#864=EDGE_LOOP('',(#2939,#2940,#2941,#2942,#2943,#2944,#2945));
#865=EDGE_LOOP('',(#2946,#2947,#2948,#2949,#2950,#2951));
#866=EDGE_LOOP('',(#2952,#2953,#2954,#2955));
#867=EDGE_LOOP('',(#2956,#2957,#2958,#2959));
#868=EDGE_LOOP('',(#2960,#2961,#2962,#2963));
#869=EDGE_LOOP('',(#2964,#2965,#2966,#2967));
#870=EDGE_LOOP('',(#2968,#2969,#2970,#2971));
#871=EDGE_LOOP('',(#2972,#2973,#2974,#2975));
#872=EDGE_LOOP('',(#2976,#2977,#2978,#2979,#2980,#2981));
#873=EDGE_LOOP('',(#2982));
#874=EDGE_LOOP('',(#2983,#2984,#2985,#2986));
#875=EDGE_LOOP('',(#2987,#2988,#2989,#2990));
#876=EDGE_LOOP('',(#2991,#2992,#2993,#2994));
#877=EDGE_LOOP('',(#2995,#2996,#2997,#2998));
#878=EDGE_LOOP('',(#2999,#3000,#3001,#3002));
#879=EDGE_LOOP('',(#3003,#3004,#3005,#3006));
#880=EDGE_LOOP('',(#3007,#3008,#3009,#3010));
#881=EDGE_LOOP('',(#3011,#3012,#3013,#3014));
#882=EDGE_LOOP('',(#3015,#3016,#3017,#3018,#3019,#3020));
#883=EDGE_LOOP('',(#3021));
#884=EDGE_LOOP('',(#3022,#3023,#3024,#3025));
#885=EDGE_LOOP('',(#3026,#3027,#3028,#3029));
#886=EDGE_LOOP('',(#3030,#3031,#3032,#3033));
#887=EDGE_LOOP('',(#3034,#3035,#3036,#3037));
#888=EDGE_LOOP('',(#3038,#3039,#3040,#3041));
#889=EDGE_LOOP('',(#3042,#3043,#3044,#3045));
#890=EDGE_LOOP('',(#3046,#3047,#3048,#3049));
#891=EDGE_LOOP('',(#3050,#3051,#3052,#3053));
#892=EDGE_LOOP('',(#3054,#3055,#3056,#3057));
#893=EDGE_LOOP('',(#3058,#3059,#3060,#3061));
#894=EDGE_LOOP('',(#3062,#3063,#3064,#3065));
#895=EDGE_LOOP('',(#3066,#3067,#3068,#3069));
#896=EDGE_LOOP('',(#3070,#3071,#3072,#3073,#3074));
#897=EDGE_LOOP('',(#3075));
#898=EDGE_LOOP('',(#3076,#3077,#3078,#3079));
#899=EDGE_LOOP('',(#3080,#3081,#3082,#3083,#3084,#3085,#3086,#3087));
#900=EDGE_LOOP('',(#3088,#3089,#3090,#3091));
#901=EDGE_LOOP('',(#3092,#3093,#3094,#3095));
#902=EDGE_LOOP('',(#3096,#3097,#3098,#3099));
#903=EDGE_LOOP('',(#3100,#3101,#3102,#3103));
#904=EDGE_LOOP('',(#3104,#3105,#3106,#3107));
#905=EDGE_LOOP('',(#3108,#3109,#3110,#3111));
#906=EDGE_LOOP('',(#3112,#3113,#3114,#3115));
#907=EDGE_LOOP('',(#3116,#3117,#3118,#3119));
#908=EDGE_LOOP('',(#3120,#3121,#3122,#3123));
#909=EDGE_LOOP('',(#3124,#3125,#3126,#3127));
#910=EDGE_LOOP('',(#3128,#3129,#3130,#3131,#3132,#3133,#3134,#3135,#3136));
#911=EDGE_LOOP('',(#3137));
#912=EDGE_LOOP('',(#3138));
#913=EDGE_LOOP('',(#3139,#3140,#3141,#3142,#3143,#3144,#3145,#3146));
#914=EDGE_LOOP('',(#3147,#3148,#3149,#3150));
#915=EDGE_LOOP('',(#3151,#3152,#3153,#3154));
#916=EDGE_LOOP('',(#3155,#3156,#3157,#3158));
#917=EDGE_LOOP('',(#3159,#3160,#3161,#3162));
#918=EDGE_LOOP('',(#3163,#3164,#3165,#3166));
#919=EDGE_LOOP('',(#3167,#3168,#3169,#3170));
#920=EDGE_LOOP('',(#3171,#3172,#3173,#3174));
#921=EDGE_LOOP('',(#3175,#3176,#3177,#3178));
#922=EDGE_LOOP('',(#3179,#3180,#3181,#3182,#3183,#3184));
#923=EDGE_LOOP('',(#3185,#3186,#3187,#3188));
#924=EDGE_LOOP('',(#3189,#3190,#3191,#3192,#3193));
#925=EDGE_LOOP('',(#3194));
#926=EDGE_LOOP('',(#3195,#3196,#3197,#3198,#3199,#3200,#3201,#3202));
#927=EDGE_LOOP('',(#3203,#3204,#3205,#3206));
#928=EDGE_LOOP('',(#3207,#3208,#3209,#3210));
#929=EDGE_LOOP('',(#3211,#3212,#3213,#3214));
#930=EDGE_LOOP('',(#3215,#3216,#3217,#3218));
#931=EDGE_LOOP('',(#3219,#3220,#3221,#3222));
#932=EDGE_LOOP('',(#3223,#3224,#3225,#3226));
#933=EDGE_LOOP('',(#3227,#3228,#3229,#3230));
#934=EDGE_LOOP('',(#3231,#3232,#3233,#3234));
#935=EDGE_LOOP('',(#3235,#3236,#3237,#3238,#3239));
#936=EDGE_LOOP('',(#3240));
#937=EDGE_LOOP('',(#3241,#3242,#3243,#3244));
#938=EDGE_LOOP('',(#3245,#3246,#3247,#3248,#3249,#3250,#3251,#3252));
#939=EDGE_LOOP('',(#3253,#3254,#3255,#3256));
#940=EDGE_LOOP('',(#3257,#3258,#3259,#3260,#3261));
#941=EDGE_LOOP('',(#3262,#3263,#3264,#3265));
#942=EDGE_LOOP('',(#3266,#3267,#3268,#3269));
#943=EDGE_LOOP('',(#3270,#3271,#3272,#3273,#3274));
#944=EDGE_LOOP('',(#3275,#3276,#3277,#3278));
#945=EDGE_LOOP('',(#3279,#3280,#3281,#3282));
#946=EDGE_LOOP('',(#3283,#3284,#3285,#3286));
#947=EDGE_LOOP('',(#3287,#3288,#3289,#3290));
#948=EDGE_LOOP('',(#3291,#3292,#3293,#3294));
#949=EDGE_LOOP('',(#3295,#3296,#3297,#3298));
#950=EDGE_LOOP('',(#3299,#3300,#3301,#3302,#3303,#3304,#3305,#3306,#3307));
#951=EDGE_LOOP('',(#3308,#3309,#3310,#3311,#3312,#3313));
#952=EDGE_LOOP('',(#3314,#3315,#3316,#3317,#3318,#3319));
#953=EDGE_LOOP('',(#3320,#3321,#3322));
#954=EDGE_LOOP('',(#3323,#3324,#3325));
#955=EDGE_LOOP('',(#3326,#3327,#3328,#3329));
#956=EDGE_LOOP('',(#3330,#3331,#3332,#3333));
#957=EDGE_LOOP('',(#3334,#3335,#3336,#3337));
#958=EDGE_LOOP('',(#3338,#3339,#3340));
#959=EDGE_LOOP('',(#3341,#3342,#3343));
#960=EDGE_LOOP('',(#3344,#3345,#3346,#3347,#3348));
#961=EDGE_LOOP('',(#3349,#3350,#3351,#3352));
#962=EDGE_LOOP('',(#3353,#3354,#3355));
#963=EDGE_LOOP('',(#3356,#3357,#3358));
#964=EDGE_LOOP('',(#3359,#3360,#3361,#3362));
#965=EDGE_LOOP('',(#3363,#3364,#3365,#3366));
#966=EDGE_LOOP('',(#3367,#3368,#3369,#3370));
#967=EDGE_LOOP('',(#3371,#3372,#3373,#3374));
#968=EDGE_LOOP('',(#3375,#3376,#3377));
#969=EDGE_LOOP('',(#3378,#3379,#3380,#3381,#3382));
#970=EDGE_LOOP('',(#3383,#3384,#3385));
#971=EDGE_LOOP('',(#3386,#3387,#3388,#3389,#3390));
#972=EDGE_LOOP('',(#3391));
#973=EDGE_LOOP('',(#3392,#3393,#3394,#3395));
#974=EDGE_LOOP('',(#3396,#3397,#3398,#3399,#3400));
#975=EDGE_LOOP('',(#3401,#3402,#3403,#3404,#3405));
#976=EDGE_LOOP('',(#3406,#3407,#3408,#3409));
#977=LINE('',#5302,#1216);
#978=LINE('',#5308,#1217);
#979=LINE('',#5332,#1218);
#980=LINE('',#5338,#1219);
#981=LINE('',#5345,#1220);
#982=LINE('',#5348,#1221);
#983=LINE('',#5351,#1222);
#984=LINE('',#5353,#1223);
#985=LINE('',#5354,#1224);
#986=LINE('',#5357,#1225);
#987=LINE('',#5361,#1226);
#988=LINE('',#5365,#1227);
#989=LINE('',#5369,#1228);
#990=LINE('',#5373,#1229);
#991=LINE('',#5377,#1230);
#992=LINE('',#5381,#1231);
#993=LINE('',#5388,#1232);
#994=LINE('',#5391,#1233);
#995=LINE('',#5392,#1234);
#996=LINE('',#5397,#1235);
#997=LINE('',#5398,#1236);
#998=LINE('',#5401,#1237);
#999=LINE('',#5402,#1238);
#1000=LINE('',#5406,#1239);
#1001=LINE('',#5410,#1240);
#1002=LINE('',#5413,#1241);
#1003=LINE('',#5416,#1242);
#1004=LINE('',#5418,#1243);
#1005=LINE('',#5420,#1244);
#1006=LINE('',#5423,#1245);
#1007=LINE('',#5427,#1246);
#1008=LINE('',#5430,#1247);
#1009=LINE('',#5434,#1248);
#1010=LINE('',#5436,#1249);
#1011=LINE('',#5437,#1250);
#1012=LINE('',#5440,#1251);
#1013=LINE('',#5442,#1252);
#1014=LINE('',#5499,#1253);
#1015=LINE('',#5502,#1254);
#1016=LINE('',#5505,#1255);
#1017=LINE('',#5507,#1256);
#1018=LINE('',#5509,#1257);
#1019=LINE('',#5512,#1258);
#1020=LINE('',#5515,#1259);
#1021=LINE('',#5517,#1260);
#1022=LINE('',#5519,#1261);
#1023=LINE('',#5521,#1262);
#1024=LINE('',#5523,#1263);
#1025=LINE('',#5524,#1264);
#1026=LINE('',#5527,#1265);
#1027=LINE('',#5533,#1266);
#1028=LINE('',#5537,#1267);
#1029=LINE('',#5543,#1268);
#1030=LINE('',#5545,#1269);
#1031=LINE('',#5547,#1270);
#1032=LINE('',#5558,#1271);
#1033=LINE('',#5561,#1272);
#1034=LINE('',#5565,#1273);
#1035=LINE('',#5566,#1274);
#1036=LINE('',#5571,#1275);
#1037=LINE('',#5574,#1276);
#1038=LINE('',#5577,#1277);
#1039=LINE('',#5583,#1278);
#1040=LINE('',#5588,#1279);
#1041=LINE('',#5593,#1280);
#1042=LINE('',#5596,#1281);
#1043=LINE('',#5602,#1282);
#1044=LINE('',#5605,#1283);
#1045=LINE('',#5607,#1284);
#1046=LINE('',#5608,#1285);
#1047=LINE('',#5611,#1286);
#1048=LINE('',#5612,#1287);
#1049=LINE('',#5615,#1288);
#1050=LINE('',#5616,#1289);
#1051=LINE('',#5619,#1290);
#1052=LINE('',#5620,#1291);
#1053=LINE('',#5623,#1292);
#1054=LINE('',#5624,#1293);
#1055=LINE('',#5626,#1294);
#1056=LINE('',#5629,#1295);
#1057=LINE('',#5631,#1296);
#1058=LINE('',#5632,#1297);
#1059=LINE('',#5635,#1298);
#1060=LINE('',#5636,#1299);
#1061=LINE('',#5639,#1300);
#1062=LINE('',#5640,#1301);
#1063=LINE('',#5693,#1302);
#1064=LINE('',#5753,#1303);
#1065=LINE('',#5787,#1304);
#1066=LINE('',#5802,#1305);
#1067=LINE('',#5806,#1306);
#1068=LINE('',#5821,#1307);
#1069=LINE('',#5886,#1308);
#1070=LINE('',#5901,#1309);
#1071=LINE('',#5905,#1310);
#1072=LINE('',#5920,#1311);
#1073=LINE('',#5966,#1312);
#1074=LINE('',#5968,#1313);
#1075=LINE('',#5977,#1314);
#1076=LINE('',#5981,#1315);
#1077=LINE('',#5997,#1316);
#1078=LINE('',#6001,#1317);
#1079=LINE('',#6024,#1318);
#1080=LINE('',#6042,#1319);
#1081=LINE('',#6043,#1320);
#1082=LINE('',#6046,#1321);
#1083=LINE('',#6050,#1322);
#1084=LINE('',#6056,#1323);
#1085=LINE('',#6059,#1324);
#1086=LINE('',#6061,#1325);
#1087=LINE('',#6093,#1326);
#1088=LINE('',#6094,#1327);
#1089=LINE('',#6097,#1328);
#1090=LINE('',#6098,#1329);
#1091=LINE('',#6100,#1330);
#1092=LINE('',#6107,#1331);
#1093=LINE('',#6109,#1332);
#1094=LINE('',#6112,#1333);
#1095=LINE('',#6128,#1334);
#1096=LINE('',#6131,#1335);
#1097=LINE('',#6132,#1336);
#1098=LINE('',#6134,#1337);
#1099=LINE('',#6141,#1338);
#1100=LINE('',#6149,#1339);
#1101=LINE('',#6168,#1340);
#1102=LINE('',#6180,#1341);
#1103=LINE('',#6203,#1342);
#1104=LINE('',#6207,#1343);
#1105=LINE('',#6210,#1344);
#1106=LINE('',#6212,#1345);
#1107=LINE('',#6214,#1346);
#1108=LINE('',#6215,#1347);
#1109=LINE('',#6217,#1348);
#1110=LINE('',#6224,#1349);
#1111=LINE('',#6243,#1350);
#1112=LINE('',#6255,#1351);
#1113=LINE('',#6277,#1352);
#1114=LINE('',#6278,#1353);
#1115=LINE('',#6281,#1354);
#1116=LINE('',#6283,#1355);
#1117=LINE('',#6284,#1356);
#1118=LINE('',#6287,#1357);
#1119=LINE('',#6291,#1358);
#1120=LINE('',#6294,#1359);
#1121=LINE('',#6296,#1360);
#1122=LINE('',#6297,#1361);
#1123=LINE('',#6301,#1362);
#1124=LINE('',#6303,#1363);
#1125=LINE('',#6305,#1364);
#1126=LINE('',#6306,#1365);
#1127=LINE('',#6309,#1366);
#1128=LINE('',#6311,#1367);
#1129=LINE('',#6312,#1368);
#1130=LINE('',#6315,#1369);
#1131=LINE('',#6317,#1370);
#1132=LINE('',#6318,#1371);
#1133=LINE('',#6321,#1372);
#1134=LINE('',#6323,#1373);
#1135=LINE('',#6324,#1374);
#1136=LINE('',#6327,#1375);
#1137=LINE('',#6329,#1376);
#1138=LINE('',#6330,#1377);
#1139=LINE('',#6332,#1378);
#1140=LINE('',#6333,#1379);
#1141=LINE('',#6340,#1380);
#1142=LINE('',#6345,#1381);
#1143=LINE('',#6350,#1382);
#1144=LINE('',#6352,#1383);
#1145=LINE('',#6354,#1384);
#1146=LINE('',#6355,#1385);
#1147=LINE('',#6358,#1386);
#1148=LINE('',#6360,#1387);
#1149=LINE('',#6361,#1388);
#1150=LINE('',#6364,#1389);
#1151=LINE('',#6366,#1390);
#1152=LINE('',#6367,#1391);
#1153=LINE('',#6370,#1392);
#1154=LINE('',#6372,#1393);
#1155=LINE('',#6373,#1394);
#1156=LINE('',#6376,#1395);
#1157=LINE('',#6378,#1396);
#1158=LINE('',#6379,#1397);
#1159=LINE('',#6381,#1398);
#1160=LINE('',#6382,#1399);
#1161=LINE('',#6390,#1400);
#1162=LINE('',#6395,#1401);
#1163=LINE('',#6415,#1402);
#1164=LINE('',#6432,#1403);
#1165=LINE('',#6433,#1404);
#1166=LINE('',#6452,#1405);
#1167=LINE('',#6453,#1406);
#1168=LINE('',#6469,#1407);
#1169=LINE('',#6470,#1408);
#1170=LINE('',#6473,#1409);
#1171=LINE('',#6476,#1410);
#1172=LINE('',#6479,#1411);
#1173=LINE('',#6482,#1412);
#1174=LINE('',#6506,#1413);
#1175=LINE('',#6525,#1414);
#1176=LINE('',#6526,#1415);
#1177=LINE('',#6545,#1416);
#1178=LINE('',#6546,#1417);
#1179=LINE('',#6562,#1418);
#1180=LINE('',#6563,#1419);
#1181=LINE('',#6566,#1420);
#1182=LINE('',#6569,#1421);
#1183=LINE('',#6572,#1422);
#1184=LINE('',#6576,#1423);
#1185=LINE('',#6578,#1424);
#1186=LINE('',#6617,#1425);
#1187=LINE('',#6620,#1426);
#1188=LINE('',#6638,#1427);
#1189=LINE('',#6639,#1428);
#1190=LINE('',#6656,#1429);
#1191=LINE('',#6657,#1430);
#1192=LINE('',#6676,#1431);
#1193=LINE('',#6677,#1432);
#1194=LINE('',#6690,#1433);
#1195=LINE('',#6691,#1434);
#1196=LINE('',#6693,#1435);
#1197=LINE('',#6696,#1436);
#1198=LINE('',#6719,#1437);
#1199=LINE('',#6738,#1438);
#1200=LINE('',#6739,#1439);
#1201=LINE('',#6758,#1440);
#1202=LINE('',#6759,#1441);
#1203=LINE('',#6774,#1442);
#1204=LINE('',#6776,#1443);
#1205=LINE('',#6782,#1444);
#1206=LINE('',#6933,#1445);
#1207=LINE('',#7026,#1446);
#1208=LINE('',#7030,#1447);
#1209=LINE('',#7083,#1448);
#1210=LINE('',#7085,#1449);
#1211=LINE('',#7088,#1450);
#1212=LINE('',#7122,#1451);
#1213=LINE('',#7544,#1452);
#1214=LINE('',#7675,#1453);
#1215=LINE('',#7676,#1454);
#1216=VECTOR('',#4257,11.45);
#1217=VECTOR('',#4264,13.45);
#1218=VECTOR('',#4297,2.4);
#1219=VECTOR('',#4304,2.4);
#1220=VECTOR('',#4311,10.);
#1221=VECTOR('',#4314,10.);
#1222=VECTOR('',#4317,10.);
#1223=VECTOR('',#4318,10.);
#1224=VECTOR('',#4319,10.);
#1225=VECTOR('',#4322,10.);
#1226=VECTOR('',#4325,10.);
#1227=VECTOR('',#4328,10.);
#1228=VECTOR('',#4331,10.);
#1229=VECTOR('',#4334,10.);
#1230=VECTOR('',#4337,10.);
#1231=VECTOR('',#4340,10.);
#1232=VECTOR('',#4349,10.);
#1233=VECTOR('',#4352,10.);
#1234=VECTOR('',#4353,10.);
#1235=VECTOR('',#4358,10.);
#1236=VECTOR('',#4359,10.);
#1237=VECTOR('',#4362,10.);
#1238=VECTOR('',#4363,10.);
#1239=VECTOR('',#4368,10.);
#1240=VECTOR('',#4373,10.);
#1241=VECTOR('',#4376,10.);
#1242=VECTOR('',#4379,10.);
#1243=VECTOR('',#4382,10.);
#1244=VECTOR('',#4385,10.);
#1245=VECTOR('',#4388,10.);
#1246=VECTOR('',#4391,10.);
#1247=VECTOR('',#4394,10.);
#1248=VECTOR('',#4399,10.);
#1249=VECTOR('',#4402,10.);
#1250=VECTOR('',#4403,10.);
#1251=VECTOR('',#4408,10.);
#1252=VECTOR('',#4411,11.);
#1253=VECTOR('',#4442,10.);
#1254=VECTOR('',#4445,10.);
#1255=VECTOR('',#4448,10.);
#1256=VECTOR('',#4449,10.);
#1257=VECTOR('',#4450,10.);
#1258=VECTOR('',#4453,10.);
#1259=VECTOR('',#4454,10.);
#1260=VECTOR('',#4455,10.);
#1261=VECTOR('',#4456,10.);
#1262=VECTOR('',#4457,10.);
#1263=VECTOR('',#4458,10.);
#1264=VECTOR('',#4459,10.);
#1265=VECTOR('',#4462,10.);
#1266=VECTOR('',#4467,10.);
#1267=VECTOR('',#4470,10.);
#1268=VECTOR('',#4475,10.);
#1269=VECTOR('',#4476,10.);
#1270=VECTOR('',#4477,10.);
#1271=VECTOR('',#4490,10.);
#1272=VECTOR('',#4493,10.);
#1273=VECTOR('',#4496,10.);
#1274=VECTOR('',#4497,10.);
#1275=VECTOR('',#4502,10.);
#1276=VECTOR('',#4505,10.);
#1277=VECTOR('',#4508,10.);
#1278=VECTOR('',#4515,10.);
#1279=VECTOR('',#4516,10.);
#1280=VECTOR('',#4521,10.);
#1281=VECTOR('',#4524,10.);
#1282=VECTOR('',#4531,10.);
#1283=VECTOR('',#4534,10.);
#1284=VECTOR('',#4535,10.);
#1285=VECTOR('',#4536,10.);
#1286=VECTOR('',#4539,10.);
#1287=VECTOR('',#4540,10.);
#1288=VECTOR('',#4543,10.);
#1289=VECTOR('',#4544,10.);
#1290=VECTOR('',#4547,10.);
#1291=VECTOR('',#4548,10.);
#1292=VECTOR('',#4551,10.);
#1293=VECTOR('',#4552,10.);
#1294=VECTOR('',#4555,10.);
#1295=VECTOR('',#4558,10.);
#1296=VECTOR('',#4559,10.);
#1297=VECTOR('',#4560,10.);
#1298=VECTOR('',#4563,10.);
#1299=VECTOR('',#4564,10.);
#1300=VECTOR('',#4567,10.);
#1301=VECTOR('',#4568,10.);
#1302=VECTOR('',#4571,2.5);
#1303=VECTOR('',#4576,16.45);
#1304=VECTOR('',#4579,10.);
#1305=VECTOR('',#4582,10.);
#1306=VECTOR('',#4585,10.);
#1307=VECTOR('',#4588,10.);
#1308=VECTOR('',#4593,10.);
#1309=VECTOR('',#4596,10.);
#1310=VECTOR('',#4599,10.);
#1311=VECTOR('',#4602,10.);
#1312=VECTOR('',#4627,13.45);
#1313=VECTOR('',#4628,13.45);
#1314=VECTOR('',#4631,10.);
#1315=VECTOR('',#4634,10.);
#1316=VECTOR('',#4639,10.);
#1317=VECTOR('',#4642,10.);
#1318=VECTOR('',#4647,10.);
#1319=VECTOR('',#4650,10.);
#1320=VECTOR('',#4651,10.);
#1321=VECTOR('',#4654,10.);
#1322=VECTOR('',#4657,13.5);
#1323=VECTOR('',#4664,10.);
#1324=VECTOR('',#4667,10.);
#1325=VECTOR('',#4668,10.);
#1326=VECTOR('',#4681,10.);
#1327=VECTOR('',#4682,10.);
#1328=VECTOR('',#4685,10.);
#1329=VECTOR('',#4686,10.);
#1330=VECTOR('',#4689,10.);
#1331=VECTOR('',#4698,2.);
#1332=VECTOR('',#4701,2.);
#1333=VECTOR('',#4706,10.);
#1334=VECTOR('',#4717,10.);
#1335=VECTOR('',#4720,10.);
#1336=VECTOR('',#4721,10.);
#1337=VECTOR('',#4724,10.);
#1338=VECTOR('',#4735,10.);
#1339=VECTOR('',#4740,10.);
#1340=VECTOR('',#4743,10.);
#1341=VECTOR('',#4748,10.);
#1342=VECTOR('',#4751,10.);
#1343=VECTOR('',#4754,10.);
#1344=VECTOR('',#4757,10.);
#1345=VECTOR('',#4760,10.);
#1346=VECTOR('',#4761,10.);
#1347=VECTOR('',#4762,10.);
#1348=VECTOR('',#4765,10.);
#1349=VECTOR('',#4768,10.);
#1350=VECTOR('',#4771,10.);
#1351=VECTOR('',#4776,10.);
#1352=VECTOR('',#4779,10.);
#1353=VECTOR('',#4780,10.);
#1354=VECTOR('',#4783,10.);
#1355=VECTOR('',#4784,10.);
#1356=VECTOR('',#4785,10.);
#1357=VECTOR('',#4788,10.);
#1358=VECTOR('',#4791,10.);
#1359=VECTOR('',#4796,10.);
#1360=VECTOR('',#4797,10.);
#1361=VECTOR('',#4798,10.);
#1362=VECTOR('',#4801,10.);
#1363=VECTOR('',#4802,10.);
#1364=VECTOR('',#4803,10.);
#1365=VECTOR('',#4804,10.);
#1366=VECTOR('',#4807,10.);
#1367=VECTOR('',#4808,10.);
#1368=VECTOR('',#4809,10.);
#1369=VECTOR('',#4812,10.);
#1370=VECTOR('',#4813,10.);
#1371=VECTOR('',#4814,10.);
#1372=VECTOR('',#4817,10.);
#1373=VECTOR('',#4818,10.);
#1374=VECTOR('',#4819,10.);
#1375=VECTOR('',#4822,10.);
#1376=VECTOR('',#4823,10.);
#1377=VECTOR('',#4824,10.);
#1378=VECTOR('',#4827,10.);
#1379=VECTOR('',#4828,10.);
#1380=VECTOR('',#4837,3.3);
#1381=VECTOR('',#4842,3.3);
#1382=VECTOR('',#4847,10.);
#1383=VECTOR('',#4848,10.);
#1384=VECTOR('',#4849,10.);
#1385=VECTOR('',#4850,10.);
#1386=VECTOR('',#4853,10.);
#1387=VECTOR('',#4854,10.);
#1388=VECTOR('',#4855,10.);
#1389=VECTOR('',#4858,10.);
#1390=VECTOR('',#4859,10.);
#1391=VECTOR('',#4860,10.);
#1392=VECTOR('',#4863,10.);
#1393=VECTOR('',#4864,10.);
#1394=VECTOR('',#4865,10.);
#1395=VECTOR('',#4868,10.);
#1396=VECTOR('',#4869,10.);
#1397=VECTOR('',#4870,10.);
#1398=VECTOR('',#4873,10.);
#1399=VECTOR('',#4874,10.);
#1400=VECTOR('',#4883,3.3);
#1401=VECTOR('',#4890,3.3);
#1402=VECTOR('',#4903,10.);
#1403=VECTOR('',#4912,10.);
#1404=VECTOR('',#4913,10.);
#1405=VECTOR('',#4924,10.);
#1406=VECTOR('',#4925,10.);
#1407=VECTOR('',#4934,10.);
#1408=VECTOR('',#4935,10.);
#1409=VECTOR('',#4938,10.);
#1410=VECTOR('',#4941,10.);
#1411=VECTOR('',#4944,10.);
#1412=VECTOR('',#4949,10.);
#1413=VECTOR('',#4964,10.);
#1414=VECTOR('',#4975,10.);
#1415=VECTOR('',#4976,10.);
#1416=VECTOR('',#4987,10.);
#1417=VECTOR('',#4988,10.);
#1418=VECTOR('',#4997,10.);
#1419=VECTOR('',#4998,10.);
#1420=VECTOR('',#5001,10.);
#1421=VECTOR('',#5004,10.);
#1422=VECTOR('',#5007,10.);
#1423=VECTOR('',#5012,10.);
#1424=VECTOR('',#5013,10.);
#1425=VECTOR('',#5020,10.);
#1426=VECTOR('',#5023,10.);
#1427=VECTOR('',#5034,10.);
#1428=VECTOR('',#5035,10.);
#1429=VECTOR('',#5044,10.);
#1430=VECTOR('',#5045,10.);
#1431=VECTOR('',#5056,10.);
#1432=VECTOR('',#5057,10.);
#1433=VECTOR('',#5064,10.);
#1434=VECTOR('',#5065,10.);
#1435=VECTOR('',#5068,10.);
#1436=VECTOR('',#5071,10.);
#1437=VECTOR('',#5084,10.);
#1438=VECTOR('',#5095,10.);
#1439=VECTOR('',#5096,10.);
#1440=VECTOR('',#5107,10.);
#1441=VECTOR('',#5108,10.);
#1442=VECTOR('',#5117,10.);
#1443=VECTOR('',#5120,10.);
#1444=VECTOR('',#5121,10.);
#1445=VECTOR('',#5134,10.);
#1446=VECTOR('',#5143,10.);
#1447=VECTOR('',#5148,10.);
#1448=VECTOR('',#5153,10.);
#1449=VECTOR('',#5156,10.);
#1450=VECTOR('',#5159,10.);
#1451=VECTOR('',#5160,10.);
#1452=VECTOR('',#5185,10.);
#1453=VECTOR('',#5198,10.);
#1454=VECTOR('',#5199,10.);
#1455=CIRCLE('',#3848,11.45);
#1456=CIRCLE('',#3849,11.45);
#1457=CIRCLE('',#3851,13.45);
#1458=CIRCLE('',#3852,13.45);
#1459=CIRCLE('',#3855,13.45);
#1460=CIRCLE('',#3856,11.45);
#1461=CIRCLE('',#3867,2.4);
#1462=CIRCLE('',#3868,2.4);
#1463=CIRCLE('',#3870,2.4);
#1464=CIRCLE('',#3871,2.4);
#1465=CIRCLE('',#3873,10.);
#1466=CIRCLE('',#3874,10.);
#1467=CIRCLE('',#3877,10.);
#1468=CIRCLE('',#3878,10.);
#1469=CIRCLE('',#3879,10.);
#1470=CIRCLE('',#3880,10.);
#1471=CIRCLE('',#3881,10.);
#1472=CIRCLE('',#3882,10.);
#1473=CIRCLE('',#3883,10.);
#1474=CIRCLE('',#3884,11.);
#1475=CIRCLE('',#3886,10.);
#1476=CIRCLE('',#3889,10.);
#1477=CIRCLE('',#3892,10.);
#1478=CIRCLE('',#3894,10.);
#1479=CIRCLE('',#3896,10.);
#1480=CIRCLE('',#3900,10.);
#1481=CIRCLE('',#3901,10.);
#1482=CIRCLE('',#3902,11.);
#1483=CIRCLE('',#3909,11.);
#1484=CIRCLE('',#3910,2.5);
#1485=CIRCLE('',#3911,2.5);
#1486=CIRCLE('',#3922,2.);
#1487=CIRCLE('',#3923,2.);
#1488=CIRCLE('',#3925,2.);
#1489=CIRCLE('',#3927,0.465);
#1490=CIRCLE('',#3928,13.5);
#1491=CIRCLE('',#3929,10.8390996311773);
#1492=CIRCLE('',#3930,13.5);
#1493=CIRCLE('',#3931,0.465);
#1494=CIRCLE('',#3932,4.);
#1495=CIRCLE('',#3933,13.5);
#1496=CIRCLE('',#3934,4.);
#1497=CIRCLE('',#3936,2.);
#1498=CIRCLE('',#3937,2.);
#1499=CIRCLE('',#3939,2.);
#1500=CIRCLE('',#3940,2.);
#1501=CIRCLE('',#3942,2.);
#1502=CIRCLE('',#3944,14.3);
#1503=CIRCLE('',#3945,4.);
#1504=CIRCLE('',#3947,2.);
#1505=CIRCLE('',#3949,2.);
#1506=CIRCLE('',#3951,4.);
#1507=CIRCLE('',#3952,14.3);
#1508=CIRCLE('',#3964,16.45);
#1509=CIRCLE('',#3965,16.45);
#1510=CIRCLE('',#3966,16.45);
#1511=CIRCLE('',#3967,16.45);
#1512=CIRCLE('',#3968,16.45);
#1513=CIRCLE('',#3969,16.45);
#1514=CIRCLE('',#3970,16.45);
#1515=CIRCLE('',#3971,16.45);
#1516=CIRCLE('',#3972,16.45);
#1517=CIRCLE('',#3973,16.45);
#1518=CIRCLE('',#3974,16.45);
#1519=CIRCLE('',#3975,16.45);
#1520=CIRCLE('',#3977,15.45);
#1521=CIRCLE('',#3978,1.);
#1522=CIRCLE('',#3980,13.45);
#1523=CIRCLE('',#3981,0.4);
#1524=CIRCLE('',#3982,13.05);
#1525=CIRCLE('',#3984,10.);
#1526=CIRCLE('',#3986,13.45);
#1527=CIRCLE('',#3987,13.45);
#1528=CIRCLE('',#3988,13.45);
#1529=CIRCLE('',#3989,13.45);
#1530=CIRCLE('',#3990,13.45);
#1531=CIRCLE('',#3991,13.45);
#1532=CIRCLE('',#3995,13.5);
#1533=CIRCLE('',#3996,13.5);
#1534=CIRCLE('',#3997,13.5);
#1535=CIRCLE('',#3998,13.5);
#1536=CIRCLE('',#3999,13.5);
#1537=CIRCLE('',#4000,13.5);
#1538=CIRCLE('',#4009,2.);
#1539=CIRCLE('',#4011,2.);
#1540=CIRCLE('',#4017,10.);
#1541=CIRCLE('',#4018,10.);
#1542=CIRCLE('',#4020,10.);
#1543=CIRCLE('',#4023,14.5);
#1544=CIRCLE('',#4025,1.);
#1545=CIRCLE('',#4029,14.2890996311773);
#1546=CIRCLE('',#4031,14.2890996311773);
#1547=CIRCLE('',#4033,3.);
#1548=CIRCLE('',#4034,3.);
#1549=CIRCLE('',#4038,14.2890996311773);
#1550=CIRCLE('',#4040,14.2890996311773);
#1551=CIRCLE('',#4044,3.);
#1552=CIRCLE('',#4045,3.);
#1553=CIRCLE('',#4054,3.3);
#1554=CIRCLE('',#4056,3.3);
#1555=CIRCLE('',#4058,3.3);
#1556=CIRCLE('',#4059,3.3);
#1557=CIRCLE('',#4067,3.3);
#1558=CIRCLE('',#4069,3.3);
#1559=CIRCLE('',#4070,3.3);
#1560=CIRCLE('',#4072,3.3);
#1561=CIRCLE('',#4073,2.);
#1562=CIRCLE('',#4074,1.);
#1563=CIRCLE('',#4075,2.);
#1564=CIRCLE('',#4076,3.);
#1565=CIRCLE('',#4078,2.);
#1566=CIRCLE('',#4079,2.);
#1567=CIRCLE('',#4080,1.);
#1568=CIRCLE('',#4082,2.);
#1569=CIRCLE('',#4083,2.);
#1570=CIRCLE('',#4084,3.);
#1571=CIRCLE('',#4085,1.);
#1572=CIRCLE('',#4087,2.);
#1573=CIRCLE('',#4088,2.);
#1574=CIRCLE('',#4089,3.);
#1575=CIRCLE('',#4090,1.);
#1576=CIRCLE('',#4093,19.45);
#1577=CIRCLE('',#4095,3.);
#1578=CIRCLE('',#4099,2.);
#1579=CIRCLE('',#4100,1.);
#1580=CIRCLE('',#4101,2.);
#1581=CIRCLE('',#4103,2.);
#1582=CIRCLE('',#4104,2.);
#1583=CIRCLE('',#4105,3.);
#1584=CIRCLE('',#4106,1.);
#1585=CIRCLE('',#4108,2.);
#1586=CIRCLE('',#4109,2.);
#1587=CIRCLE('',#4110,3.);
#1588=CIRCLE('',#4111,1.);
#1589=CIRCLE('',#4113,2.);
#1590=CIRCLE('',#4114,2.);
#1591=CIRCLE('',#4115,3.);
#1592=CIRCLE('',#4116,1.);
#1593=CIRCLE('',#4119,19.45);
#1594=CIRCLE('',#4121,3.);
#1595=CIRCLE('',#4125,2.);
#1596=CIRCLE('',#4126,2.);
#1597=CIRCLE('',#4127,2.);
#1598=CIRCLE('',#4128,1.);
#1599=CIRCLE('',#4129,3.);
#1600=CIRCLE('',#4131,2.);
#1601=CIRCLE('',#4132,2.);
#1602=CIRCLE('',#4133,1.);
#1603=CIRCLE('',#4135,2.);
#1604=CIRCLE('',#4136,2.);
#1605=CIRCLE('',#4137,1.);
#1606=CIRCLE('',#4138,3.);
#1607=CIRCLE('',#4140,2.);
#1608=CIRCLE('',#4141,3.);
#1609=CIRCLE('',#4142,1.);
#1610=CIRCLE('',#4147,2.);
#1611=CIRCLE('',#4148,1.);
#1612=CIRCLE('',#4149,2.);
#1613=CIRCLE('',#4151,2.);
#1614=CIRCLE('',#4152,2.);
#1615=CIRCLE('',#4153,3.);
#1616=CIRCLE('',#4154,1.);
#1617=CIRCLE('',#4156,2.);
#1618=CIRCLE('',#4157,2.);
#1619=CIRCLE('',#4158,3.);
#1620=CIRCLE('',#4159,1.);
#1621=CIRCLE('',#4161,2.);
#1622=CIRCLE('',#4162,2.);
#1623=CIRCLE('',#4163,3.);
#1624=CIRCLE('',#4164,1.);
#1625=CIRCLE('',#4170,3.);
#1626=CIRCLE('',#4171,3.);
#1627=CIRCLE('',#4174,3.);
#1628=CIRCLE('',#4175,3.);
#1629=CIRCLE('',#4178,3.);
#1630=CIRCLE('',#4180,19.45);
#1631=CIRCLE('',#4183,3.);
#1632=CIRCLE('',#4184,3.);
#1633=CIRCLE('',#4186,3.);
#1634=CIRCLE('',#4187,3.);
#1635=CIRCLE('',#4190,3.);
#1636=CIRCLE('',#4191,3.);
#1637=CIRCLE('',#4192,3.);
#1638=CIRCLE('',#4194,3.);
#1639=CIRCLE('',#4196,19.45);
#1640=CIRCLE('',#4198,3.);
#1641=CIRCLE('',#4204,11.45);
#1642=CIRCLE('',#4205,13.45);
#1643=CIRCLE('',#4206,16.45);
#1644=CIRCLE('',#4207,11.45);
#1645=CIRCLE('',#4208,16.45);
#1646=CIRCLE('',#4209,16.45);
#1647=CIRCLE('',#4210,11.45);
#1648=CIRCLE('',#4211,2.75754120719052);
#1649=CIRCLE('',#4212,3.3);
#1650=CIRCLE('',#4213,10.);
#1651=CIRCLE('',#4214,11.45);
#1652=CIRCLE('',#4215,13.5);
#1653=CIRCLE('',#4216,10.);
#1654=CIRCLE('',#4217,13.5);
#1655=CIRCLE('',#4218,13.5);
#1656=CIRCLE('',#4219,13.45);
#1657=CIRCLE('',#4220,13.5);
#1658=CIRCLE('',#4221,2.);
#1659=CIRCLE('',#4222,2.);
#1660=VERTEX_POINT('',#5299);
#1661=VERTEX_POINT('',#5301);
#1662=VERTEX_POINT('',#5305);
#1663=VERTEX_POINT('',#5307);
#1664=VERTEX_POINT('',#5329);
#1665=VERTEX_POINT('',#5331);
#1666=VERTEX_POINT('',#5335);
#1667=VERTEX_POINT('',#5337);
#1668=VERTEX_POINT('',#5341);
#1669=VERTEX_POINT('',#5342);
#1670=VERTEX_POINT('',#5344);
#1671=VERTEX_POINT('',#5346);
#1672=VERTEX_POINT('',#5350);
#1673=VERTEX_POINT('',#5352);
#1674=VERTEX_POINT('',#5356);
#1675=VERTEX_POINT('',#5358);
#1676=VERTEX_POINT('',#5360);
#1677=VERTEX_POINT('',#5362);
#1678=VERTEX_POINT('',#5364);
#1679=VERTEX_POINT('',#5366);
#1680=VERTEX_POINT('',#5368);
#1681=VERTEX_POINT('',#5370);
#1682=VERTEX_POINT('',#5372);
#1683=VERTEX_POINT('',#5374);
#1684=VERTEX_POINT('',#5376);
#1685=VERTEX_POINT('',#5378);
#1686=VERTEX_POINT('',#5380);
#1687=VERTEX_POINT('',#5383);
#1688=VERTEX_POINT('',#5386);
#1689=VERTEX_POINT('',#5390);
#1690=VERTEX_POINT('',#5394);
#1691=VERTEX_POINT('',#5395);
#1692=VERTEX_POINT('',#5400);
#1693=VERTEX_POINT('',#5404);
#1694=VERTEX_POINT('',#5408);
#1695=VERTEX_POINT('',#5412);
#1696=VERTEX_POINT('',#5414);
#1697=VERTEX_POINT('',#5422);
#1698=VERTEX_POINT('',#5424);
#1699=VERTEX_POINT('',#5426);
#1700=VERTEX_POINT('',#5428);
#1701=VERTEX_POINT('',#5431);
#1702=VERTEX_POINT('',#5495);
#1703=VERTEX_POINT('',#5496);
#1704=VERTEX_POINT('',#5498);
#1705=VERTEX_POINT('',#5500);
#1706=VERTEX_POINT('',#5504);
#1707=VERTEX_POINT('',#5506);
#1708=VERTEX_POINT('',#5508);
#1709=VERTEX_POINT('',#5510);
#1710=VERTEX_POINT('',#5513);
#1711=VERTEX_POINT('',#5514);
#1712=VERTEX_POINT('',#5516);
#1713=VERTEX_POINT('',#5518);
#1714=VERTEX_POINT('',#5520);
#1715=VERTEX_POINT('',#5522);
#1716=VERTEX_POINT('',#5526);
#1717=VERTEX_POINT('',#5528);
#1718=VERTEX_POINT('',#5530);
#1719=VERTEX_POINT('',#5532);
#1720=VERTEX_POINT('',#5534);
#1721=VERTEX_POINT('',#5536);
#1722=VERTEX_POINT('',#5538);
#1723=VERTEX_POINT('',#5540);
#1724=VERTEX_POINT('',#5542);
#1725=VERTEX_POINT('',#5544);
#1726=VERTEX_POINT('',#5546);
#1727=VERTEX_POINT('',#5548);
#1728=VERTEX_POINT('',#5550);
#1729=VERTEX_POINT('',#5554);
#1730=VERTEX_POINT('',#5556);
#1731=VERTEX_POINT('',#5560);
#1732=VERTEX_POINT('',#5562);
#1733=VERTEX_POINT('',#5564);
#1734=VERTEX_POINT('',#5567);
#1735=VERTEX_POINT('',#5570);
#1736=VERTEX_POINT('',#5572);
#1737=VERTEX_POINT('',#5576);
#1738=VERTEX_POINT('',#5578);
#1739=VERTEX_POINT('',#5582);
#1740=VERTEX_POINT('',#5589);
#1741=VERTEX_POINT('',#5592);
#1742=VERTEX_POINT('',#5594);
#1743=VERTEX_POINT('',#5598);
#1744=VERTEX_POINT('',#5600);
#1745=VERTEX_POINT('',#5604);
#1746=VERTEX_POINT('',#5606);
#1747=VERTEX_POINT('',#5610);
#1748=VERTEX_POINT('',#5614);
#1749=VERTEX_POINT('',#5618);
#1750=VERTEX_POINT('',#5622);
#1751=VERTEX_POINT('',#5628);
#1752=VERTEX_POINT('',#5630);
#1753=VERTEX_POINT('',#5634);
#1754=VERTEX_POINT('',#5638);
#1755=VERTEX_POINT('',#5642);
#1756=VERTEX_POINT('',#5643);
#1757=VERTEX_POINT('',#5666);
#1758=VERTEX_POINT('',#5692);
#1759=VERTEX_POINT('',#5694);
#1760=VERTEX_POINT('',#5705);
#1761=VERTEX_POINT('',#5716);
#1762=VERTEX_POINT('',#5750);
#1763=VERTEX_POINT('',#5752);
#1764=VERTEX_POINT('',#5754);
#1765=VERTEX_POINT('',#5767);
#1766=VERTEX_POINT('',#5769);
#1767=VERTEX_POINT('',#5786);
#1768=VERTEX_POINT('',#5788);
#1769=VERTEX_POINT('',#5799);
#1770=VERTEX_POINT('',#5801);
#1771=VERTEX_POINT('',#5803);
#1772=VERTEX_POINT('',#5805);
#1773=VERTEX_POINT('',#5807);
#1774=VERTEX_POINT('',#5809);
#1775=VERTEX_POINT('',#5820);
#1776=VERTEX_POINT('',#5822);
#1777=VERTEX_POINT('',#5842);
#1778=VERTEX_POINT('',#5844);
#1779=VERTEX_POINT('',#5853);
#1780=VERTEX_POINT('',#5866);
#1781=VERTEX_POINT('',#5868);
#1782=VERTEX_POINT('',#5885);
#1783=VERTEX_POINT('',#5887);
#1784=VERTEX_POINT('',#5898);
#1785=VERTEX_POINT('',#5900);
#1786=VERTEX_POINT('',#5902);
#1787=VERTEX_POINT('',#5904);
#1788=VERTEX_POINT('',#5906);
#1789=VERTEX_POINT('',#5908);
#1790=VERTEX_POINT('',#5919);
#1791=VERTEX_POINT('',#5921);
#1792=VERTEX_POINT('',#5941);
#1793=VERTEX_POINT('',#5953);
#1794=VERTEX_POINT('',#5957);
#1795=VERTEX_POINT('',#5959);
#1796=VERTEX_POINT('',#5963);
#1797=VERTEX_POINT('',#5967);
#1798=VERTEX_POINT('',#5969);
#1799=VERTEX_POINT('',#5974);
#1800=VERTEX_POINT('',#5976);
#1801=VERTEX_POINT('',#5978);
#1802=VERTEX_POINT('',#5980);
#1803=VERTEX_POINT('',#5982);
#1804=VERTEX_POINT('',#5984);
#1805=VERTEX_POINT('',#5989);
#1806=VERTEX_POINT('',#5994);
#1807=VERTEX_POINT('',#5996);
#1808=VERTEX_POINT('',#5998);
#1809=VERTEX_POINT('',#6000);
#1810=VERTEX_POINT('',#6002);
#1811=VERTEX_POINT('',#6009);
#1812=VERTEX_POINT('',#6026);
#1813=VERTEX_POINT('',#6027);
#1814=VERTEX_POINT('',#6045);
#1815=VERTEX_POINT('',#6047);
#1816=VERTEX_POINT('',#6049);
#1817=VERTEX_POINT('',#6051);
#1818=VERTEX_POINT('',#6054);
#1819=VERTEX_POINT('',#6057);
#1820=VERTEX_POINT('',#6060);
#1821=VERTEX_POINT('',#6092);
#1822=VERTEX_POINT('',#6096);
#1823=VERTEX_POINT('',#6102);
#1824=VERTEX_POINT('',#6105);
#1825=VERTEX_POINT('',#6115);
#1826=VERTEX_POINT('',#6119);
#1827=VERTEX_POINT('',#6123);
#1828=VERTEX_POINT('',#6127);
#1829=VERTEX_POINT('',#6129);
#1830=VERTEX_POINT('',#6136);
#1831=VERTEX_POINT('',#6144);
#1832=VERTEX_POINT('',#6148);
#1833=VERTEX_POINT('',#6167);
#1834=VERTEX_POINT('',#6174);
#1835=VERTEX_POINT('',#6178);
#1836=VERTEX_POINT('',#6202);
#1837=VERTEX_POINT('',#6204);
#1838=VERTEX_POINT('',#6206);
#1839=VERTEX_POINT('',#6208);
#1840=VERTEX_POINT('',#6213);
#1841=VERTEX_POINT('',#6219);
#1842=VERTEX_POINT('',#6223);
#1843=VERTEX_POINT('',#6242);
#1844=VERTEX_POINT('',#6249);
#1845=VERTEX_POINT('',#6253);
#1846=VERTEX_POINT('',#6280);
#1847=VERTEX_POINT('',#6282);
#1848=VERTEX_POINT('',#6286);
#1849=VERTEX_POINT('',#6288);
#1850=VERTEX_POINT('',#6290);
#1851=VERTEX_POINT('',#6295);
#1852=VERTEX_POINT('',#6299);
#1853=VERTEX_POINT('',#6300);
#1854=VERTEX_POINT('',#6302);
#1855=VERTEX_POINT('',#6304);
#1856=VERTEX_POINT('',#6308);
#1857=VERTEX_POINT('',#6310);
#1858=VERTEX_POINT('',#6314);
#1859=VERTEX_POINT('',#6316);
#1860=VERTEX_POINT('',#6320);
#1861=VERTEX_POINT('',#6322);
#1862=VERTEX_POINT('',#6326);
#1863=VERTEX_POINT('',#6328);
#1864=VERTEX_POINT('',#6335);
#1865=VERTEX_POINT('',#6338);
#1866=VERTEX_POINT('',#6342);
#1867=VERTEX_POINT('',#6344);
#1868=VERTEX_POINT('',#6348);
#1869=VERTEX_POINT('',#6349);
#1870=VERTEX_POINT('',#6351);
#1871=VERTEX_POINT('',#6353);
#1872=VERTEX_POINT('',#6357);
#1873=VERTEX_POINT('',#6359);
#1874=VERTEX_POINT('',#6363);
#1875=VERTEX_POINT('',#6365);
#1876=VERTEX_POINT('',#6369);
#1877=VERTEX_POINT('',#6371);
#1878=VERTEX_POINT('',#6375);
#1879=VERTEX_POINT('',#6377);
#1880=VERTEX_POINT('',#6384);
#1881=VERTEX_POINT('',#6387);
#1882=VERTEX_POINT('',#6389);
#1883=VERTEX_POINT('',#6393);
#1884=VERTEX_POINT('',#6405);
#1885=VERTEX_POINT('',#6406);
#1886=VERTEX_POINT('',#6408);
#1887=VERTEX_POINT('',#6413);
#1888=VERTEX_POINT('',#6425);
#1889=VERTEX_POINT('',#6429);
#1890=VERTEX_POINT('',#6430);
#1891=VERTEX_POINT('',#6443);
#1892=VERTEX_POINT('',#6444);
#1893=VERTEX_POINT('',#6449);
#1894=VERTEX_POINT('',#6450);
#1895=VERTEX_POINT('',#6463);
#1896=VERTEX_POINT('',#6464);
#1897=VERTEX_POINT('',#6472);
#1898=VERTEX_POINT('',#6474);
#1899=VERTEX_POINT('',#6478);
#1900=VERTEX_POINT('',#6498);
#1901=VERTEX_POINT('',#6500);
#1902=VERTEX_POINT('',#6504);
#1903=VERTEX_POINT('',#6516);
#1904=VERTEX_POINT('',#6517);
#1905=VERTEX_POINT('',#6522);
#1906=VERTEX_POINT('',#6523);
#1907=VERTEX_POINT('',#6536);
#1908=VERTEX_POINT('',#6537);
#1909=VERTEX_POINT('',#6542);
#1910=VERTEX_POINT('',#6543);
#1911=VERTEX_POINT('',#6556);
#1912=VERTEX_POINT('',#6557);
#1913=VERTEX_POINT('',#6565);
#1914=VERTEX_POINT('',#6567);
#1915=VERTEX_POINT('',#6571);
#1916=VERTEX_POINT('',#6575);
#1917=VERTEX_POINT('',#6577);
#1918=VERTEX_POINT('',#6579);
#1919=VERTEX_POINT('',#6595);
#1920=VERTEX_POINT('',#6613);
#1921=VERTEX_POINT('',#6614);
#1922=VERTEX_POINT('',#6616);
#1923=VERTEX_POINT('',#6618);
#1924=VERTEX_POINT('',#6630);
#1925=VERTEX_POINT('',#6631);
#1926=VERTEX_POINT('',#6636);
#1927=VERTEX_POINT('',#6649);
#1928=VERTEX_POINT('',#6653);
#1929=VERTEX_POINT('',#6654);
#1930=VERTEX_POINT('',#6667);
#1931=VERTEX_POINT('',#6668);
#1932=VERTEX_POINT('',#6673);
#1933=VERTEX_POINT('',#6674);
#1934=VERTEX_POINT('',#6695);
#1935=VERTEX_POINT('',#6711);
#1936=VERTEX_POINT('',#6713);
#1937=VERTEX_POINT('',#6717);
#1938=VERTEX_POINT('',#6729);
#1939=VERTEX_POINT('',#6730);
#1940=VERTEX_POINT('',#6735);
#1941=VERTEX_POINT('',#6736);
#1942=VERTEX_POINT('',#6749);
#1943=VERTEX_POINT('',#6750);
#1944=VERTEX_POINT('',#6755);
#1945=VERTEX_POINT('',#6756);
#1946=VERTEX_POINT('',#6769);
#1947=VERTEX_POINT('',#6777);
#1948=VERTEX_POINT('',#6835);
#1949=VERTEX_POINT('',#6883);
#1950=VERTEX_POINT('',#6935);
#1951=VERTEX_POINT('',#6977);
#1952=VERTEX_POINT('',#7028);
#1953=VERTEX_POINT('',#7081);
#1954=VERTEX_POINT('',#7087);
#1955=VERTEX_POINT('',#7089);
#1956=VERTEX_POINT('',#7105);
#1957=VERTEX_POINT('',#7117);
#1958=VERTEX_POINT('',#7234);
#1959=VERTEX_POINT('',#7508);
#1960=VERTEX_POINT('',#7542);
#1961=EDGE_CURVE('',#1660,#1660,#1455,.T.);
#1962=EDGE_CURVE('',#1660,#1661,#977,.T.);
#1963=EDGE_CURVE('',#1661,#1661,#1456,.T.);
#1964=EDGE_CURVE('',#1662,#1662,#1457,.T.);
#1965=EDGE_CURVE('',#1662,#1663,#978,.T.);
#1966=EDGE_CURVE('',#1663,#1663,#1458,.T.);
#1967=EDGE_CURVE('',#1664,#1664,#1461,.T.);
#1968=EDGE_CURVE('',#1664,#1665,#979,.T.);
#1969=EDGE_CURVE('',#1665,#1665,#1462,.T.);
#1970=EDGE_CURVE('',#1666,#1666,#1463,.T.);
#1971=EDGE_CURVE('',#1666,#1667,#980,.T.);
#1972=EDGE_CURVE('',#1667,#1667,#1464,.T.);
#1973=EDGE_CURVE('',#1668,#1669,#1465,.T.);
#1974=EDGE_CURVE('',#1669,#1670,#981,.T.);
#1975=EDGE_CURVE('',#1670,#1671,#1466,.T.);
#1976=EDGE_CURVE('',#1671,#1668,#982,.T.);
#1977=EDGE_CURVE('',#1669,#1672,#983,.T.);
#1978=EDGE_CURVE('',#1673,#1672,#984,.T.);
#1979=EDGE_CURVE('',#1670,#1673,#985,.T.);
#1980=EDGE_CURVE('',#1668,#1674,#986,.T.);
#1981=EDGE_CURVE('',#1675,#1674,#1467,.T.);
#1982=EDGE_CURVE('',#1675,#1676,#987,.T.);
#1983=EDGE_CURVE('',#1677,#1676,#1468,.T.);
#1984=EDGE_CURVE('',#1678,#1677,#988,.T.);
#1985=EDGE_CURVE('',#1679,#1678,#1469,.T.);
#1986=EDGE_CURVE('',#1680,#1679,#989,.T.);
#1987=EDGE_CURVE('',#1681,#1680,#1470,.T.);
#1988=EDGE_CURVE('',#1682,#1681,#990,.T.);
#1989=EDGE_CURVE('',#1683,#1682,#1471,.T.);
#1990=EDGE_CURVE('',#1683,#1684,#991,.T.);
#1991=EDGE_CURVE('',#1685,#1684,#1472,.T.);
#1992=EDGE_CURVE('',#1685,#1686,#992,.T.);
#1993=EDGE_CURVE('',#1672,#1686,#1473,.T.);
#1994=EDGE_CURVE('',#1687,#1687,#1474,.T.);
#1995=EDGE_CURVE('',#1688,#1673,#1475,.T.);
#1996=EDGE_CURVE('',#1686,#1688,#993,.T.);
#1997=EDGE_CURVE('',#1689,#1685,#994,.T.);
#1998=EDGE_CURVE('',#1688,#1689,#995,.T.);
#1999=EDGE_CURVE('',#1690,#1691,#1476,.T.);
#2000=EDGE_CURVE('',#1691,#1675,#996,.T.);
#2001=EDGE_CURVE('',#1674,#1690,#997,.T.);
#2002=EDGE_CURVE('',#1692,#1691,#998,.T.);
#2003=EDGE_CURVE('',#1676,#1692,#999,.T.);
#2004=EDGE_CURVE('',#1692,#1693,#1477,.T.);
#2005=EDGE_CURVE('',#1693,#1677,#1000,.T.);
#2006=EDGE_CURVE('',#1694,#1689,#1478,.T.);
#2007=EDGE_CURVE('',#1684,#1694,#1001,.T.);
#2008=EDGE_CURVE('',#1682,#1695,#1002,.T.);
#2009=EDGE_CURVE('',#1695,#1696,#1479,.T.);
#2010=EDGE_CURVE('',#1696,#1683,#1003,.T.);
#2011=EDGE_CURVE('',#1694,#1696,#1004,.T.);
#2012=EDGE_CURVE('',#1690,#1671,#1005,.T.);
#2013=EDGE_CURVE('',#1695,#1697,#1006,.T.);
#2014=EDGE_CURVE('',#1698,#1697,#1480,.T.);
#2015=EDGE_CURVE('',#1698,#1699,#1007,.T.);
#2016=EDGE_CURVE('',#1700,#1699,#1481,.T.);
#2017=EDGE_CURVE('',#1700,#1693,#1008,.T.);
#2018=EDGE_CURVE('',#1701,#1701,#1482,.T.);
#2019=EDGE_CURVE('',#1678,#1700,#1009,.T.);
#2020=EDGE_CURVE('',#1697,#1681,#1010,.T.);
#2021=EDGE_CURVE('',#1680,#1698,#1011,.T.);
#2022=EDGE_CURVE('',#1699,#1679,#1012,.T.);
#2023=EDGE_CURVE('',#1701,#1687,#1013,.T.);
#2024=EDGE_CURVE('',#1702,#1703,#1486,.T.);
#2025=EDGE_CURVE('',#1703,#1704,#1014,.T.);
#2026=EDGE_CURVE('',#1704,#1705,#1487,.T.);
#2027=EDGE_CURVE('',#1705,#1702,#1015,.T.);
#2028=EDGE_CURVE('',#1706,#1702,#1016,.T.);
#2029=EDGE_CURVE('',#1707,#1706,#1017,.T.);
#2030=EDGE_CURVE('',#1708,#1707,#1018,.T.);
#2031=EDGE_CURVE('',#1709,#1708,#1488,.T.);
#2032=EDGE_CURVE('',#1703,#1709,#1019,.T.);
#2033=EDGE_CURVE('',#1710,#1711,#1020,.T.);
#2034=EDGE_CURVE('',#1712,#1710,#1021,.T.);
#2035=EDGE_CURVE('',#1713,#1712,#1022,.T.);
#2036=EDGE_CURVE('',#1714,#1713,#1023,.T.);
#2037=EDGE_CURVE('',#1715,#1714,#1024,.T.);
#2038=EDGE_CURVE('',#1711,#1715,#1025,.T.);
#2039=EDGE_CURVE('',#1705,#1716,#1026,.T.);
#2040=EDGE_CURVE('',#1717,#1716,#1489,.T.);
#2041=EDGE_CURVE('',#1717,#1718,#1490,.T.);
#2042=EDGE_CURVE('',#1718,#1719,#1027,.T.);
#2043=EDGE_CURVE('',#1720,#1719,#1491,.T.);
#2044=EDGE_CURVE('',#1720,#1721,#1028,.T.);
#2045=EDGE_CURVE('',#1721,#1722,#1492,.T.);
#2046=EDGE_CURVE('',#1723,#1722,#1493,.T.);
#2047=EDGE_CURVE('',#1724,#1723,#1029,.T.);
#2048=EDGE_CURVE('',#1725,#1724,#1030,.T.);
#2049=EDGE_CURVE('',#1726,#1725,#1031,.T.);
#2050=EDGE_CURVE('',#1727,#1726,#1494,.T.);
#2051=EDGE_CURVE('',#1727,#1728,#1495,.T.);
#2052=EDGE_CURVE('',#1706,#1728,#1496,.T.);
#2053=EDGE_CURVE('',#1729,#1725,#1497,.T.);
#2054=EDGE_CURVE('',#1724,#1730,#1498,.T.);
#2055=EDGE_CURVE('',#1730,#1729,#1032,.T.);
#2056=EDGE_CURVE('',#1729,#1731,#1033,.T.);
#2057=EDGE_CURVE('',#1732,#1731,#1499,.T.);
#2058=EDGE_CURVE('',#1732,#1733,#1034,.T.);
#2059=EDGE_CURVE('',#1726,#1733,#1035,.T.);
#2060=EDGE_CURVE('',#1734,#1734,#1500,.T.);
#2061=EDGE_CURVE('',#1731,#1735,#1036,.T.);
#2062=EDGE_CURVE('',#1735,#1736,#1501,.T.);
#2063=EDGE_CURVE('',#1736,#1732,#1037,.T.);
#2064=EDGE_CURVE('',#1737,#1736,#1038,.T.);
#2065=EDGE_CURVE('',#1738,#1737,#1502,.T.);
#2066=EDGE_CURVE('',#1733,#1738,#1503,.T.);
#2067=EDGE_CURVE('',#1739,#1723,#1039,.T.);
#2068=EDGE_CURVE('',#1737,#1739,#147,.T.);
#2069=EDGE_CURVE('',#1730,#1735,#1040,.T.);
#2070=EDGE_CURVE('',#1740,#1740,#1504,.T.);
#2071=EDGE_CURVE('',#1708,#1741,#1041,.T.);
#2072=EDGE_CURVE('',#1741,#1742,#1505,.T.);
#2073=EDGE_CURVE('',#1742,#1709,#1042,.T.);
#2074=EDGE_CURVE('',#1743,#1707,#1506,.T.);
#2075=EDGE_CURVE('',#1744,#1743,#1507,.T.);
#2076=EDGE_CURVE('',#1744,#1741,#1043,.T.);
#2077=EDGE_CURVE('',#1711,#1745,#1044,.T.);
#2078=EDGE_CURVE('',#1745,#1746,#1045,.T.);
#2079=EDGE_CURVE('',#1746,#1710,#1046,.T.);
#2080=EDGE_CURVE('',#1715,#1747,#1047,.T.);
#2081=EDGE_CURVE('',#1747,#1745,#1048,.T.);
#2082=EDGE_CURVE('',#1714,#1748,#1049,.T.);
#2083=EDGE_CURVE('',#1748,#1747,#1050,.T.);
#2084=EDGE_CURVE('',#1749,#1748,#1051,.T.);
#2085=EDGE_CURVE('',#1713,#1749,#1052,.T.);
#2086=EDGE_CURVE('',#1750,#1749,#1053,.T.);
#2087=EDGE_CURVE('',#1712,#1750,#1054,.T.);
#2088=EDGE_CURVE('',#1746,#1750,#1055,.T.);
#2089=EDGE_CURVE('',#1750,#1751,#1056,.T.);
#2090=EDGE_CURVE('',#1751,#1752,#1057,.T.);
#2091=EDGE_CURVE('',#1749,#1752,#1058,.T.);
#2092=EDGE_CURVE('',#1746,#1753,#1059,.T.);
#2093=EDGE_CURVE('',#1753,#1751,#1060,.T.);
#2094=EDGE_CURVE('',#1745,#1754,#1061,.T.);
#2095=EDGE_CURVE('',#1754,#1753,#1062,.T.);
#2096=EDGE_CURVE('',#1755,#1756,#148,.T.);
#2097=EDGE_CURVE('',#1757,#1755,#149,.T.);
#2098=EDGE_CURVE('',#1757,#1758,#1063,.T.);
#2099=EDGE_CURVE('',#1759,#1758,#150,.T.);
#2100=EDGE_CURVE('',#1760,#1759,#151,.T.);
#2101=EDGE_CURVE('',#1761,#1760,#152,.T.);
#2102=EDGE_CURVE('',#1758,#1761,#153,.T.);
#2103=EDGE_CURVE('',#1756,#1757,#154,.T.);
#2104=EDGE_CURVE('',#1762,#1755,#1508,.T.);
#2105=EDGE_CURVE('',#1762,#1763,#1064,.T.);
#2106=EDGE_CURVE('',#1764,#1763,#155,.T.);
#2107=EDGE_CURVE('',#1765,#1764,#1509,.T.);
#2108=EDGE_CURVE('',#1766,#1765,#156,.F.);
#2109=EDGE_CURVE('',#1766,#1767,#1065,.T.);
#2110=EDGE_CURVE('',#1768,#1767,#157,.F.);
#2111=EDGE_CURVE('',#1769,#1768,#1510,.T.);
#2112=EDGE_CURVE('',#1769,#1770,#1066,.T.);
#2113=EDGE_CURVE('',#1770,#1771,#1511,.T.);
#2114=EDGE_CURVE('',#1771,#1772,#1067,.T.);
#2115=EDGE_CURVE('',#1773,#1772,#1512,.T.);
#2116=EDGE_CURVE('',#1774,#1773,#158,.F.);
#2117=EDGE_CURVE('',#1774,#1775,#1068,.T.);
#2118=EDGE_CURVE('',#1776,#1775,#159,.F.);
#2119=EDGE_CURVE('',#1777,#1776,#1513,.T.);
#2120=EDGE_CURVE('',#1778,#1777,#160,.T.);
#2121=EDGE_CURVE('',#1779,#1778,#161,.T.);
#2122=EDGE_CURVE('',#1780,#1779,#1514,.T.);
#2123=EDGE_CURVE('',#1781,#1780,#162,.F.);
#2124=EDGE_CURVE('',#1781,#1782,#1069,.T.);
#2125=EDGE_CURVE('',#1783,#1782,#163,.F.);
#2126=EDGE_CURVE('',#1784,#1783,#1515,.T.);
#2127=EDGE_CURVE('',#1784,#1785,#1070,.T.);
#2128=EDGE_CURVE('',#1785,#1786,#1516,.T.);
#2129=EDGE_CURVE('',#1786,#1787,#1071,.T.);
#2130=EDGE_CURVE('',#1788,#1787,#1517,.T.);
#2131=EDGE_CURVE('',#1789,#1788,#164,.F.);
#2132=EDGE_CURVE('',#1789,#1790,#1072,.T.);
#2133=EDGE_CURVE('',#1791,#1790,#165,.F.);
#2134=EDGE_CURVE('',#1792,#1791,#1518,.T.);
#2135=EDGE_CURVE('',#1763,#1792,#166,.T.);
#2136=EDGE_CURVE('',#1756,#1762,#1519,.T.);
#2137=EDGE_CURVE('',#1793,#1793,#1520,.T.);
#2138=EDGE_CURVE('',#1793,#1762,#1521,.T.);
#2139=EDGE_CURVE('',#1794,#1794,#1522,.T.);
#2140=EDGE_CURVE('',#1794,#1795,#1523,.T.);
#2141=EDGE_CURVE('',#1795,#1795,#1524,.T.);
#2142=EDGE_CURVE('',#1796,#1796,#1525,.T.);
#2143=EDGE_CURVE('',#1794,#1761,#1073,.T.);
#2144=EDGE_CURVE('',#1759,#1797,#1074,.T.);
#2145=EDGE_CURVE('',#1798,#1797,#167,.T.);
#2146=EDGE_CURVE('',#1799,#1798,#1526,.T.);
#2147=EDGE_CURVE('',#1799,#1800,#1075,.T.);
#2148=EDGE_CURVE('',#1800,#1801,#1527,.T.);
#2149=EDGE_CURVE('',#1801,#1802,#1076,.T.);
#2150=EDGE_CURVE('',#1803,#1802,#1528,.T.);
#2151=EDGE_CURVE('',#1804,#1803,#168,.T.);
#2152=EDGE_CURVE('',#1805,#1804,#169,.T.);
#2153=EDGE_CURVE('',#1806,#1805,#1529,.T.);
#2154=EDGE_CURVE('',#1806,#1807,#1077,.T.);
#2155=EDGE_CURVE('',#1807,#1808,#1530,.T.);
#2156=EDGE_CURVE('',#1808,#1809,#1078,.T.);
#2157=EDGE_CURVE('',#1810,#1809,#1531,.T.);
#2158=EDGE_CURVE('',#1797,#1810,#170,.T.);
#2159=EDGE_CURVE('',#1811,#1739,#171,.T.);
#2160=EDGE_CURVE('',#1722,#1811,#1079,.T.);
#2161=EDGE_CURVE('',#1812,#1813,#172,.T.);
#2162=EDGE_CURVE('',#1813,#1717,#1080,.T.);
#2163=EDGE_CURVE('',#1716,#1812,#1081,.T.);
#2164=EDGE_CURVE('',#1721,#1814,#1082,.T.);
#2165=EDGE_CURVE('',#1814,#1815,#1532,.T.);
#2166=EDGE_CURVE('',#1815,#1816,#1083,.T.);
#2167=EDGE_CURVE('',#1817,#1816,#1533,.T.);
#2168=EDGE_CURVE('',#1816,#1817,#1534,.T.);
#2169=EDGE_CURVE('',#1815,#1818,#1535,.T.);
#2170=EDGE_CURVE('',#1818,#1718,#1084,.T.);
#2171=EDGE_CURVE('',#1819,#1813,#1536,.T.);
#2172=EDGE_CURVE('',#1728,#1819,#1085,.T.);
#2173=EDGE_CURVE('',#1820,#1727,#1086,.T.);
#2174=EDGE_CURVE('',#1811,#1820,#1537,.T.);
#2175=EDGE_CURVE('',#1820,#1738,#173,.T.);
#2176=EDGE_CURVE('',#1812,#1744,#174,.T.);
#2177=EDGE_CURVE('',#1743,#1819,#175,.T.);
#2178=EDGE_CURVE('',#1747,#1821,#1087,.T.);
#2179=EDGE_CURVE('',#1821,#1754,#1088,.T.);
#2180=EDGE_CURVE('',#1748,#1822,#1089,.T.);
#2181=EDGE_CURVE('',#1822,#1821,#1090,.T.);
#2182=EDGE_CURVE('',#1752,#1822,#1091,.T.);
#2183=EDGE_CURVE('',#1823,#1823,#1538,.T.);
#2184=EDGE_CURVE('',#1824,#1824,#1539,.T.);
#2185=EDGE_CURVE('',#1824,#1823,#1092,.T.);
#2186=EDGE_CURVE('',#1734,#1740,#1093,.T.);
#2187=EDGE_CURVE('',#1704,#1742,#1094,.T.);
#2188=EDGE_CURVE('',#1825,#1720,#127,.T.);
#2189=EDGE_CURVE('',#1719,#1826,#128,.T.);
#2190=EDGE_CURVE('',#1826,#1827,#1540,.T.);
#2191=EDGE_CURVE('',#1827,#1825,#1541,.T.);
#2192=EDGE_CURVE('',#1826,#1828,#1095,.T.);
#2193=EDGE_CURVE('',#1828,#1829,#1542,.T.);
#2194=EDGE_CURVE('',#1829,#1825,#1096,.T.);
#2195=EDGE_CURVE('',#1827,#1796,#1097,.T.);
#2196=EDGE_CURVE('',#1818,#1828,#1098,.T.);
#2197=EDGE_CURVE('',#1830,#1830,#1543,.T.);
#2198=EDGE_CURVE('',#1817,#1830,#1544,.T.);
#2199=EDGE_CURVE('',#1829,#1814,#1099,.T.);
#2200=EDGE_CURVE('',#1831,#1799,#129,.T.);
#2201=EDGE_CURVE('',#1798,#1832,#1100,.T.);
#2202=EDGE_CURVE('',#1832,#1831,#1545,.T.);
#2203=EDGE_CURVE('',#1797,#1833,#1101,.T.);
#2204=EDGE_CURVE('',#1833,#1832,#176,.T.);
#2205=EDGE_CURVE('',#1809,#1834,#130,.T.);
#2206=EDGE_CURVE('',#1834,#1835,#1546,.T.);
#2207=EDGE_CURVE('',#1835,#1810,#1102,.T.);
#2208=EDGE_CURVE('',#1835,#1833,#177,.T.);
#2209=EDGE_CURVE('',#1835,#1836,#1103,.T.);
#2210=EDGE_CURVE('',#1837,#1836,#1547,.T.);
#2211=EDGE_CURVE('',#1837,#1838,#1104,.T.);
#2212=EDGE_CURVE('',#1839,#1838,#1548,.T.);
#2213=EDGE_CURVE('',#1839,#1832,#1105,.T.);
#2214=EDGE_CURVE('',#1834,#1784,#1106,.T.);
#2215=EDGE_CURVE('',#1840,#1783,#1107,.T.);
#2216=EDGE_CURVE('',#1836,#1840,#1108,.T.);
#2217=EDGE_CURVE('',#1808,#1785,#1109,.T.);
#2218=EDGE_CURVE('',#1841,#1806,#131,.T.);
#2219=EDGE_CURVE('',#1805,#1842,#1110,.T.);
#2220=EDGE_CURVE('',#1842,#1841,#1549,.T.);
#2221=EDGE_CURVE('',#1804,#1843,#1111,.T.);
#2222=EDGE_CURVE('',#1843,#1842,#178,.T.);
#2223=EDGE_CURVE('',#1802,#1844,#132,.T.);
#2224=EDGE_CURVE('',#1844,#1845,#1550,.T.);
#2225=EDGE_CURVE('',#1845,#1803,#1112,.T.);
#2226=EDGE_CURVE('',#1845,#1843,#179,.T.);
#2227=EDGE_CURVE('',#1787,#1841,#1113,.T.);
#2228=EDGE_CURVE('',#1786,#1807,#1114,.T.);
#2229=EDGE_CURVE('',#1846,#1842,#1115,.T.);
#2230=EDGE_CURVE('',#1847,#1846,#1116,.T.);
#2231=EDGE_CURVE('',#1788,#1847,#1117,.T.);
#2232=EDGE_CURVE('',#1845,#1848,#1118,.T.);
#2233=EDGE_CURVE('',#1849,#1848,#1551,.T.);
#2234=EDGE_CURVE('',#1849,#1850,#1119,.T.);
#2235=EDGE_CURVE('',#1846,#1850,#1552,.T.);
#2236=EDGE_CURVE('',#1844,#1769,#1120,.T.);
#2237=EDGE_CURVE('',#1851,#1768,#1121,.T.);
#2238=EDGE_CURVE('',#1848,#1851,#1122,.T.);
#2239=EDGE_CURVE('',#1852,#1853,#1123,.T.);
#2240=EDGE_CURVE('',#1852,#1854,#1124,.T.);
#2241=EDGE_CURVE('',#1855,#1854,#1125,.T.);
#2242=EDGE_CURVE('',#1853,#1855,#1126,.T.);
#2243=EDGE_CURVE('',#1853,#1856,#1127,.T.);
#2244=EDGE_CURVE('',#1857,#1855,#1128,.T.);
#2245=EDGE_CURVE('',#1856,#1857,#1129,.T.);
#2246=EDGE_CURVE('',#1856,#1858,#1130,.T.);
#2247=EDGE_CURVE('',#1859,#1857,#1131,.T.);
#2248=EDGE_CURVE('',#1858,#1859,#1132,.T.);
#2249=EDGE_CURVE('',#1858,#1860,#1133,.T.);
#2250=EDGE_CURVE('',#1861,#1859,#1134,.T.);
#2251=EDGE_CURVE('',#1860,#1861,#1135,.T.);
#2252=EDGE_CURVE('',#1860,#1862,#1136,.T.);
#2253=EDGE_CURVE('',#1863,#1861,#1137,.T.);
#2254=EDGE_CURVE('',#1862,#1863,#1138,.T.);
#2255=EDGE_CURVE('',#1862,#1852,#1139,.T.);
#2256=EDGE_CURVE('',#1854,#1863,#1140,.T.);
#2257=EDGE_CURVE('',#1864,#1864,#1553,.T.);
#2258=EDGE_CURVE('',#1865,#1865,#1554,.T.);
#2259=EDGE_CURVE('',#1865,#1864,#1141,.T.);
#2260=EDGE_CURVE('',#1866,#1866,#1555,.T.);
#2261=EDGE_CURVE('',#1866,#1867,#1142,.T.);
#2262=EDGE_CURVE('',#1867,#1867,#1556,.T.);
#2263=EDGE_CURVE('',#1868,#1869,#1143,.T.);
#2264=EDGE_CURVE('',#1868,#1870,#1144,.T.);
#2265=EDGE_CURVE('',#1870,#1871,#1145,.T.);
#2266=EDGE_CURVE('',#1869,#1871,#1146,.T.);
#2267=EDGE_CURVE('',#1872,#1868,#1147,.T.);
#2268=EDGE_CURVE('',#1872,#1873,#1148,.T.);
#2269=EDGE_CURVE('',#1873,#1870,#1149,.T.);
#2270=EDGE_CURVE('',#1874,#1872,#1150,.T.);
#2271=EDGE_CURVE('',#1874,#1875,#1151,.T.);
#2272=EDGE_CURVE('',#1875,#1873,#1152,.T.);
#2273=EDGE_CURVE('',#1876,#1874,#1153,.T.);
#2274=EDGE_CURVE('',#1876,#1877,#1154,.T.);
#2275=EDGE_CURVE('',#1877,#1875,#1155,.T.);
#2276=EDGE_CURVE('',#1878,#1876,#1156,.T.);
#2277=EDGE_CURVE('',#1878,#1879,#1157,.T.);
#2278=EDGE_CURVE('',#1879,#1877,#1158,.T.);
#2279=EDGE_CURVE('',#1869,#1878,#1159,.T.);
#2280=EDGE_CURVE('',#1871,#1879,#1160,.T.);
#2281=EDGE_CURVE('',#1880,#1880,#1557,.T.);
#2282=EDGE_CURVE('',#1881,#1881,#1558,.T.);
#2283=EDGE_CURVE('',#1881,#1882,#1161,.T.);
#2284=EDGE_CURVE('',#1882,#1882,#1559,.T.);
#2285=EDGE_CURVE('',#1883,#1883,#1560,.T.);
#2286=EDGE_CURVE('',#1883,#1880,#1162,.T.);
#2287=EDGE_CURVE('',#1884,#1885,#1561,.T.);
#2288=EDGE_CURVE('',#1885,#1886,#1562,.T.);
#2289=EDGE_CURVE('',#1886,#1840,#1563,.T.);
#2290=EDGE_CURVE('',#1840,#1884,#1564,.T.);
#2291=EDGE_CURVE('',#1887,#1836,#1565,.T.);
#2292=EDGE_CURVE('',#1886,#1887,#1163,.T.);
#2293=EDGE_CURVE('',#1888,#1837,#1566,.T.);
#2294=EDGE_CURVE('',#1887,#1888,#1567,.T.);
#2295=EDGE_CURVE('',#1889,#1890,#1568,.T.);
#2296=EDGE_CURVE('',#1890,#1837,#1164,.T.);
#2297=EDGE_CURVE('',#1888,#1889,#1165,.T.);
#2298=EDGE_CURVE('',#1891,#1892,#1569,.T.);
#2299=EDGE_CURVE('',#1892,#1890,#1570,.T.);
#2300=EDGE_CURVE('',#1889,#1891,#1571,.T.);
#2301=EDGE_CURVE('',#1893,#1894,#1572,.T.);
#2302=EDGE_CURVE('',#1894,#1892,#1166,.T.);
#2303=EDGE_CURVE('',#1891,#1893,#1167,.T.);
#2304=EDGE_CURVE('',#1895,#1896,#1573,.T.);
#2305=EDGE_CURVE('',#1896,#1894,#1574,.T.);
#2306=EDGE_CURVE('',#1893,#1895,#1575,.T.);
#2307=EDGE_CURVE('',#1884,#1896,#1168,.T.);
#2308=EDGE_CURVE('',#1895,#1885,#1169,.T.);
#2309=EDGE_CURVE('',#1897,#1894,#1170,.T.);
#2310=EDGE_CURVE('',#1898,#1897,#1576,.T.);
#2311=EDGE_CURVE('',#1892,#1898,#1171,.T.);
#2312=EDGE_CURVE('',#1896,#1899,#1172,.T.);
#2313=EDGE_CURVE('',#1897,#1899,#1577,.T.);
#2314=EDGE_CURVE('',#1782,#1884,#1173,.T.);
#2315=EDGE_CURVE('',#1899,#1781,#180,.T.);
#2316=EDGE_CURVE('',#1850,#1900,#1578,.T.);
#2317=EDGE_CURVE('',#1900,#1901,#1579,.T.);
#2318=EDGE_CURVE('',#1901,#1846,#1580,.T.);
#2319=EDGE_CURVE('',#1902,#1847,#1581,.T.);
#2320=EDGE_CURVE('',#1901,#1902,#1174,.T.);
#2321=EDGE_CURVE('',#1903,#1904,#1582,.T.);
#2322=EDGE_CURVE('',#1904,#1847,#1583,.T.);
#2323=EDGE_CURVE('',#1902,#1903,#1584,.T.);
#2324=EDGE_CURVE('',#1905,#1906,#1585,.T.);
#2325=EDGE_CURVE('',#1906,#1904,#1175,.T.);
#2326=EDGE_CURVE('',#1903,#1905,#1176,.T.);
#2327=EDGE_CURVE('',#1907,#1908,#1586,.T.);
#2328=EDGE_CURVE('',#1908,#1906,#1587,.T.);
#2329=EDGE_CURVE('',#1905,#1907,#1588,.T.);
#2330=EDGE_CURVE('',#1909,#1910,#1589,.T.);
#2331=EDGE_CURVE('',#1910,#1908,#1177,.T.);
#2332=EDGE_CURVE('',#1907,#1909,#1178,.T.);
#2333=EDGE_CURVE('',#1911,#1912,#1590,.T.);
#2334=EDGE_CURVE('',#1912,#1910,#1591,.T.);
#2335=EDGE_CURVE('',#1909,#1911,#1592,.T.);
#2336=EDGE_CURVE('',#1850,#1912,#1179,.T.);
#2337=EDGE_CURVE('',#1911,#1900,#1180,.T.);
#2338=EDGE_CURVE('',#1913,#1910,#1181,.T.);
#2339=EDGE_CURVE('',#1914,#1913,#1593,.T.);
#2340=EDGE_CURVE('',#1908,#1914,#1182,.T.);
#2341=EDGE_CURVE('',#1912,#1915,#1183,.T.);
#2342=EDGE_CURVE('',#1915,#1913,#1594,.T.);
#2343=EDGE_CURVE('',#1916,#1849,#1184,.T.);
#2344=EDGE_CURVE('',#1917,#1916,#1185,.T.);
#2345=EDGE_CURVE('',#1918,#1917,#181,.T.);
#2346=EDGE_CURVE('',#1763,#1918,#182,.T.);
#2347=EDGE_CURVE('',#1919,#1763,#183,.T.);
#2348=EDGE_CURVE('',#1915,#1919,#184,.T.);
#2349=EDGE_CURVE('',#1920,#1921,#1595,.T.);
#2350=EDGE_CURVE('',#1921,#1922,#1186,.T.);
#2351=EDGE_CURVE('',#1922,#1923,#1596,.T.);
#2352=EDGE_CURVE('',#1923,#1920,#1187,.T.);
#2353=EDGE_CURVE('',#1924,#1925,#1597,.T.);
#2354=EDGE_CURVE('',#1925,#1923,#1598,.T.);
#2355=EDGE_CURVE('',#1922,#1924,#1599,.T.);
#2356=EDGE_CURVE('',#1839,#1926,#1600,.T.);
#2357=EDGE_CURVE('',#1926,#1925,#1188,.T.);
#2358=EDGE_CURVE('',#1924,#1839,#1189,.T.);
#2359=EDGE_CURVE('',#1838,#1927,#1601,.T.);
#2360=EDGE_CURVE('',#1927,#1926,#1602,.T.);
#2361=EDGE_CURVE('',#1928,#1929,#1603,.T.);
#2362=EDGE_CURVE('',#1929,#1927,#1190,.T.);
#2363=EDGE_CURVE('',#1838,#1928,#1191,.T.);
#2364=EDGE_CURVE('',#1930,#1931,#1604,.T.);
#2365=EDGE_CURVE('',#1931,#1929,#1605,.T.);
#2366=EDGE_CURVE('',#1928,#1930,#1606,.T.);
#2367=EDGE_CURVE('',#1932,#1933,#1607,.T.);
#2368=EDGE_CURVE('',#1933,#1931,#1192,.T.);
#2369=EDGE_CURVE('',#1930,#1932,#1193,.T.);
#2370=EDGE_CURVE('',#1932,#1921,#1608,.T.);
#2371=EDGE_CURVE('',#1920,#1933,#1609,.T.);
#2372=EDGE_CURVE('',#1773,#1924,#1194,.T.);
#2373=EDGE_CURVE('',#1772,#1831,#1195,.T.);
#2374=EDGE_CURVE('',#1922,#1774,#1196,.T.);
#2375=EDGE_CURVE('',#1934,#1921,#1197,.T.);
#2376=EDGE_CURVE('',#1775,#1934,#185,.T.);
#2377=EDGE_CURVE('',#1848,#1935,#1610,.T.);
#2378=EDGE_CURVE('',#1935,#1936,#1611,.T.);
#2379=EDGE_CURVE('',#1936,#1849,#1612,.T.);
#2380=EDGE_CURVE('',#1937,#1916,#1613,.T.);
#2381=EDGE_CURVE('',#1936,#1937,#1198,.T.);
#2382=EDGE_CURVE('',#1938,#1939,#1614,.T.);
#2383=EDGE_CURVE('',#1939,#1916,#1615,.T.);
#2384=EDGE_CURVE('',#1937,#1938,#1616,.T.);
#2385=EDGE_CURVE('',#1940,#1941,#1617,.T.);
#2386=EDGE_CURVE('',#1941,#1939,#1199,.T.);
#2387=EDGE_CURVE('',#1938,#1940,#1200,.T.);
#2388=EDGE_CURVE('',#1942,#1943,#1618,.T.);
#2389=EDGE_CURVE('',#1943,#1941,#1619,.T.);
#2390=EDGE_CURVE('',#1940,#1942,#1620,.T.);
#2391=EDGE_CURVE('',#1944,#1945,#1621,.T.);
#2392=EDGE_CURVE('',#1945,#1943,#1201,.T.);
#2393=EDGE_CURVE('',#1942,#1944,#1202,.T.);
#2394=EDGE_CURVE('',#1946,#1851,#1622,.T.);
#2395=EDGE_CURVE('',#1851,#1945,#1623,.T.);
#2396=EDGE_CURVE('',#1944,#1946,#1624,.T.);
#2397=EDGE_CURVE('',#1946,#1935,#1203,.T.);
#2398=EDGE_CURVE('',#1767,#1945,#1204,.T.);
#2399=EDGE_CURVE('',#1947,#1766,#186,.T.);
#2400=EDGE_CURVE('',#1943,#1947,#1205,.T.);
#2401=EDGE_CURVE('',#1780,#1897,#187,.T.);
#2402=EDGE_CURVE('',#1779,#1948,#1625,.T.);
#2403=EDGE_CURVE('',#1898,#1948,#188,.T.);
#2404=EDGE_CURVE('',#1949,#1914,#1626,.T.);
#2405=EDGE_CURVE('',#1914,#1791,#189,.T.);
#2406=EDGE_CURVE('',#1790,#1949,#190,.T.);
#2407=EDGE_CURVE('',#1949,#1906,#1206,.T.);
#2408=EDGE_CURVE('',#1950,#1913,#191,.T.);
#2409=EDGE_CURVE('',#1950,#1792,#1627,.T.);
#2410=EDGE_CURVE('',#1934,#1951,#1628,.T.);
#2411=EDGE_CURVE('',#1951,#1776,#192,.T.);
#2412=EDGE_CURVE('',#1932,#1951,#1207,.T.);
#2413=EDGE_CURVE('',#1947,#1952,#1629,.T.);
#2414=EDGE_CURVE('',#1952,#1941,#1208,.T.);
#2415=EDGE_CURVE('',#1765,#1952,#193,.T.);
#2416=EDGE_CURVE('',#1953,#1952,#1630,.T.);
#2417=EDGE_CURVE('',#1939,#1953,#1209,.T.);
#2418=EDGE_CURVE('',#1904,#1789,#1210,.T.);
#2419=EDGE_CURVE('',#1954,#1890,#1211,.T.);
#2420=EDGE_CURVE('',#1955,#1954,#194,.T.);
#2421=EDGE_CURVE('',#1778,#1955,#195,.T.);
#2422=EDGE_CURVE('',#1956,#1778,#196,.T.);
#2423=EDGE_CURVE('',#1957,#1956,#197,.T.);
#2424=EDGE_CURVE('',#1928,#1957,#1212,.T.);
#2425=EDGE_CURVE('',#1763,#1950,#198,.T.);
#2426=EDGE_CURVE('',#1950,#1919,#1631,.T.);
#2427=EDGE_CURVE('',#1918,#1958,#1632,.T.);
#2428=EDGE_CURVE('',#1958,#1763,#199,.T.);
#2429=EDGE_CURVE('',#1953,#1917,#1633,.T.);
#2430=EDGE_CURVE('',#1953,#1958,#200,.T.);
#2431=EDGE_CURVE('',#1764,#1958,#1634,.T.);
#2432=EDGE_CURVE('',#1898,#1954,#1635,.T.);
#2433=EDGE_CURVE('',#1948,#1778,#201,.T.);
#2434=EDGE_CURVE('',#1955,#1948,#1636,.T.);
#2435=EDGE_CURVE('',#1959,#1956,#1637,.T.);
#2436=EDGE_CURVE('',#1778,#1959,#202,.T.);
#2437=EDGE_CURVE('',#1957,#1960,#1638,.T.);
#2438=EDGE_CURVE('',#1960,#1930,#1213,.T.);
#2439=EDGE_CURVE('',#1959,#1960,#203,.T.);
#2440=EDGE_CURVE('',#1951,#1960,#1639,.T.);
#2441=EDGE_CURVE('',#1959,#1777,#1640,.T.);
#2442=EDGE_CURVE('',#1800,#1771,#1214,.T.);
#2443=EDGE_CURVE('',#1770,#1801,#1215,.T.);
#2444=ORIENTED_EDGE('',*,*,#1961,.F.);
#2445=ORIENTED_EDGE('',*,*,#1962,.T.);
#2446=ORIENTED_EDGE('',*,*,#1963,.T.);
#2447=ORIENTED_EDGE('',*,*,#1962,.F.);
#2448=ORIENTED_EDGE('',*,*,#1964,.F.);
#2449=ORIENTED_EDGE('',*,*,#1965,.T.);
#2450=ORIENTED_EDGE('',*,*,#1966,.T.);
#2451=ORIENTED_EDGE('',*,*,#1965,.F.);
#2452=ORIENTED_EDGE('',*,*,#1964,.T.);
#2453=ORIENTED_EDGE('',*,*,#1961,.T.);
#2454=ORIENTED_EDGE('',*,*,#1966,.F.);
#2455=ORIENTED_EDGE('',*,*,#1963,.F.);
#2456=ORIENTED_EDGE('',*,*,#1967,.F.);
#2457=ORIENTED_EDGE('',*,*,#1968,.T.);
#2458=ORIENTED_EDGE('',*,*,#1969,.F.);
#2459=ORIENTED_EDGE('',*,*,#1968,.F.);
#2460=ORIENTED_EDGE('',*,*,#1970,.F.);
#2461=ORIENTED_EDGE('',*,*,#1971,.T.);
#2462=ORIENTED_EDGE('',*,*,#1972,.F.);
#2463=ORIENTED_EDGE('',*,*,#1971,.F.);
#2464=ORIENTED_EDGE('',*,*,#1973,.T.);
#2465=ORIENTED_EDGE('',*,*,#1974,.T.);
#2466=ORIENTED_EDGE('',*,*,#1975,.T.);
#2467=ORIENTED_EDGE('',*,*,#1976,.T.);
#2468=ORIENTED_EDGE('',*,*,#1974,.F.);
#2469=ORIENTED_EDGE('',*,*,#1977,.T.);
#2470=ORIENTED_EDGE('',*,*,#1978,.F.);
#2471=ORIENTED_EDGE('',*,*,#1979,.F.);
#2472=ORIENTED_EDGE('',*,*,#1973,.F.);
#2473=ORIENTED_EDGE('',*,*,#1980,.T.);
#2474=ORIENTED_EDGE('',*,*,#1981,.F.);
#2475=ORIENTED_EDGE('',*,*,#1982,.T.);
#2476=ORIENTED_EDGE('',*,*,#1983,.F.);
#2477=ORIENTED_EDGE('',*,*,#1984,.F.);
#2478=ORIENTED_EDGE('',*,*,#1985,.F.);
#2479=ORIENTED_EDGE('',*,*,#1986,.F.);
#2480=ORIENTED_EDGE('',*,*,#1987,.F.);
#2481=ORIENTED_EDGE('',*,*,#1988,.F.);
#2482=ORIENTED_EDGE('',*,*,#1989,.F.);
#2483=ORIENTED_EDGE('',*,*,#1990,.T.);
#2484=ORIENTED_EDGE('',*,*,#1991,.F.);
#2485=ORIENTED_EDGE('',*,*,#1992,.T.);
#2486=ORIENTED_EDGE('',*,*,#1993,.F.);
#2487=ORIENTED_EDGE('',*,*,#1977,.F.);
#2488=ORIENTED_EDGE('',*,*,#1969,.T.);
#2489=ORIENTED_EDGE('',*,*,#1972,.T.);
#2490=ORIENTED_EDGE('',*,*,#1994,.F.);
#2491=ORIENTED_EDGE('',*,*,#1995,.T.);
#2492=ORIENTED_EDGE('',*,*,#1978,.T.);
#2493=ORIENTED_EDGE('',*,*,#1993,.T.);
#2494=ORIENTED_EDGE('',*,*,#1996,.T.);
#2495=ORIENTED_EDGE('',*,*,#1996,.F.);
#2496=ORIENTED_EDGE('',*,*,#1992,.F.);
#2497=ORIENTED_EDGE('',*,*,#1997,.F.);
#2498=ORIENTED_EDGE('',*,*,#1998,.F.);
#2499=ORIENTED_EDGE('',*,*,#1999,.T.);
#2500=ORIENTED_EDGE('',*,*,#2000,.T.);
#2501=ORIENTED_EDGE('',*,*,#1981,.T.);
#2502=ORIENTED_EDGE('',*,*,#2001,.T.);
#2503=ORIENTED_EDGE('',*,*,#2000,.F.);
#2504=ORIENTED_EDGE('',*,*,#2002,.F.);
#2505=ORIENTED_EDGE('',*,*,#2003,.F.);
#2506=ORIENTED_EDGE('',*,*,#1982,.F.);
#2507=ORIENTED_EDGE('',*,*,#2004,.T.);
#2508=ORIENTED_EDGE('',*,*,#2005,.T.);
#2509=ORIENTED_EDGE('',*,*,#1983,.T.);
#2510=ORIENTED_EDGE('',*,*,#2003,.T.);
#2511=ORIENTED_EDGE('',*,*,#2006,.T.);
#2512=ORIENTED_EDGE('',*,*,#1997,.T.);
#2513=ORIENTED_EDGE('',*,*,#1991,.T.);
#2514=ORIENTED_EDGE('',*,*,#2007,.T.);
#2515=ORIENTED_EDGE('',*,*,#1989,.T.);
#2516=ORIENTED_EDGE('',*,*,#2008,.T.);
#2517=ORIENTED_EDGE('',*,*,#2009,.T.);
#2518=ORIENTED_EDGE('',*,*,#2010,.T.);
#2519=ORIENTED_EDGE('',*,*,#2007,.F.);
#2520=ORIENTED_EDGE('',*,*,#1990,.F.);
#2521=ORIENTED_EDGE('',*,*,#2010,.F.);
#2522=ORIENTED_EDGE('',*,*,#2011,.F.);
#2523=ORIENTED_EDGE('',*,*,#1976,.F.);
#2524=ORIENTED_EDGE('',*,*,#2012,.F.);
#2525=ORIENTED_EDGE('',*,*,#2001,.F.);
#2526=ORIENTED_EDGE('',*,*,#1980,.F.);
#2527=ORIENTED_EDGE('',*,*,#1975,.F.);
#2528=ORIENTED_EDGE('',*,*,#1979,.T.);
#2529=ORIENTED_EDGE('',*,*,#1995,.F.);
#2530=ORIENTED_EDGE('',*,*,#1998,.T.);
#2531=ORIENTED_EDGE('',*,*,#2006,.F.);
#2532=ORIENTED_EDGE('',*,*,#2011,.T.);
#2533=ORIENTED_EDGE('',*,*,#2009,.F.);
#2534=ORIENTED_EDGE('',*,*,#2013,.T.);
#2535=ORIENTED_EDGE('',*,*,#2014,.F.);
#2536=ORIENTED_EDGE('',*,*,#2015,.T.);
#2537=ORIENTED_EDGE('',*,*,#2016,.F.);
#2538=ORIENTED_EDGE('',*,*,#2017,.T.);
#2539=ORIENTED_EDGE('',*,*,#2004,.F.);
#2540=ORIENTED_EDGE('',*,*,#2002,.T.);
#2541=ORIENTED_EDGE('',*,*,#1999,.F.);
#2542=ORIENTED_EDGE('',*,*,#2012,.T.);
#2543=ORIENTED_EDGE('',*,*,#1967,.T.);
#2544=ORIENTED_EDGE('',*,*,#1970,.T.);
#2545=ORIENTED_EDGE('',*,*,#2018,.T.);
#2546=ORIENTED_EDGE('',*,*,#2005,.F.);
#2547=ORIENTED_EDGE('',*,*,#2017,.F.);
#2548=ORIENTED_EDGE('',*,*,#2019,.F.);
#2549=ORIENTED_EDGE('',*,*,#1984,.T.);
#2550=ORIENTED_EDGE('',*,*,#2014,.T.);
#2551=ORIENTED_EDGE('',*,*,#2020,.T.);
#2552=ORIENTED_EDGE('',*,*,#1987,.T.);
#2553=ORIENTED_EDGE('',*,*,#2021,.T.);
#2554=ORIENTED_EDGE('',*,*,#2008,.F.);
#2555=ORIENTED_EDGE('',*,*,#1988,.T.);
#2556=ORIENTED_EDGE('',*,*,#2020,.F.);
#2557=ORIENTED_EDGE('',*,*,#2013,.F.);
#2558=ORIENTED_EDGE('',*,*,#2016,.T.);
#2559=ORIENTED_EDGE('',*,*,#2022,.T.);
#2560=ORIENTED_EDGE('',*,*,#1985,.T.);
#2561=ORIENTED_EDGE('',*,*,#2019,.T.);
#2562=ORIENTED_EDGE('',*,*,#2018,.F.);
#2563=ORIENTED_EDGE('',*,*,#2023,.T.);
#2564=ORIENTED_EDGE('',*,*,#1994,.T.);
#2565=ORIENTED_EDGE('',*,*,#2023,.F.);
#2566=ORIENTED_EDGE('',*,*,#2021,.F.);
#2567=ORIENTED_EDGE('',*,*,#1986,.T.);
#2568=ORIENTED_EDGE('',*,*,#2022,.F.);
#2569=ORIENTED_EDGE('',*,*,#2015,.F.);
#2570=ORIENTED_EDGE('',*,*,#2024,.T.);
#2571=ORIENTED_EDGE('',*,*,#2025,.T.);
#2572=ORIENTED_EDGE('',*,*,#2026,.T.);
#2573=ORIENTED_EDGE('',*,*,#2027,.T.);
#2574=ORIENTED_EDGE('',*,*,#2024,.F.);
#2575=ORIENTED_EDGE('',*,*,#2028,.F.);
#2576=ORIENTED_EDGE('',*,*,#2029,.F.);
#2577=ORIENTED_EDGE('',*,*,#2030,.F.);
#2578=ORIENTED_EDGE('',*,*,#2031,.F.);
#2579=ORIENTED_EDGE('',*,*,#2032,.F.);
#2580=ORIENTED_EDGE('',*,*,#2033,.F.);
#2581=ORIENTED_EDGE('',*,*,#2034,.F.);
#2582=ORIENTED_EDGE('',*,*,#2035,.F.);
#2583=ORIENTED_EDGE('',*,*,#2036,.F.);
#2584=ORIENTED_EDGE('',*,*,#2037,.F.);
#2585=ORIENTED_EDGE('',*,*,#2038,.F.);
#2586=ORIENTED_EDGE('',*,*,#2027,.F.);
#2587=ORIENTED_EDGE('',*,*,#2039,.T.);
#2588=ORIENTED_EDGE('',*,*,#2040,.F.);
#2589=ORIENTED_EDGE('',*,*,#2041,.T.);
#2590=ORIENTED_EDGE('',*,*,#2042,.T.);
#2591=ORIENTED_EDGE('',*,*,#2043,.F.);
#2592=ORIENTED_EDGE('',*,*,#2044,.T.);
#2593=ORIENTED_EDGE('',*,*,#2045,.T.);
#2594=ORIENTED_EDGE('',*,*,#2046,.F.);
#2595=ORIENTED_EDGE('',*,*,#2047,.F.);
#2596=ORIENTED_EDGE('',*,*,#2048,.F.);
#2597=ORIENTED_EDGE('',*,*,#2049,.F.);
#2598=ORIENTED_EDGE('',*,*,#2050,.F.);
#2599=ORIENTED_EDGE('',*,*,#2051,.T.);
#2600=ORIENTED_EDGE('',*,*,#2052,.F.);
#2601=ORIENTED_EDGE('',*,*,#2028,.T.);
#2602=ORIENTED_EDGE('',*,*,#2053,.T.);
#2603=ORIENTED_EDGE('',*,*,#2048,.T.);
#2604=ORIENTED_EDGE('',*,*,#2054,.T.);
#2605=ORIENTED_EDGE('',*,*,#2055,.T.);
#2606=ORIENTED_EDGE('',*,*,#2053,.F.);
#2607=ORIENTED_EDGE('',*,*,#2056,.T.);
#2608=ORIENTED_EDGE('',*,*,#2057,.F.);
#2609=ORIENTED_EDGE('',*,*,#2058,.T.);
#2610=ORIENTED_EDGE('',*,*,#2059,.F.);
#2611=ORIENTED_EDGE('',*,*,#2049,.T.);
#2612=ORIENTED_EDGE('',*,*,#2060,.T.);
#2613=ORIENTED_EDGE('',*,*,#2057,.T.);
#2614=ORIENTED_EDGE('',*,*,#2061,.T.);
#2615=ORIENTED_EDGE('',*,*,#2062,.T.);
#2616=ORIENTED_EDGE('',*,*,#2063,.T.);
#2617=ORIENTED_EDGE('',*,*,#2063,.F.);
#2618=ORIENTED_EDGE('',*,*,#2064,.F.);
#2619=ORIENTED_EDGE('',*,*,#2065,.F.);
#2620=ORIENTED_EDGE('',*,*,#2066,.F.);
#2621=ORIENTED_EDGE('',*,*,#2058,.F.);
#2622=ORIENTED_EDGE('',*,*,#2054,.F.);
#2623=ORIENTED_EDGE('',*,*,#2047,.T.);
#2624=ORIENTED_EDGE('',*,*,#2067,.F.);
#2625=ORIENTED_EDGE('',*,*,#2068,.F.);
#2626=ORIENTED_EDGE('',*,*,#2064,.T.);
#2627=ORIENTED_EDGE('',*,*,#2062,.F.);
#2628=ORIENTED_EDGE('',*,*,#2069,.F.);
#2629=ORIENTED_EDGE('',*,*,#2070,.T.);
#2630=ORIENTED_EDGE('',*,*,#2031,.T.);
#2631=ORIENTED_EDGE('',*,*,#2071,.T.);
#2632=ORIENTED_EDGE('',*,*,#2072,.T.);
#2633=ORIENTED_EDGE('',*,*,#2073,.T.);
#2634=ORIENTED_EDGE('',*,*,#2071,.F.);
#2635=ORIENTED_EDGE('',*,*,#2030,.T.);
#2636=ORIENTED_EDGE('',*,*,#2074,.F.);
#2637=ORIENTED_EDGE('',*,*,#2075,.F.);
#2638=ORIENTED_EDGE('',*,*,#2076,.T.);
#2639=ORIENTED_EDGE('',*,*,#2033,.T.);
#2640=ORIENTED_EDGE('',*,*,#2077,.T.);
#2641=ORIENTED_EDGE('',*,*,#2078,.T.);
#2642=ORIENTED_EDGE('',*,*,#2079,.T.);
#2643=ORIENTED_EDGE('',*,*,#2038,.T.);
#2644=ORIENTED_EDGE('',*,*,#2080,.T.);
#2645=ORIENTED_EDGE('',*,*,#2081,.T.);
#2646=ORIENTED_EDGE('',*,*,#2077,.F.);
#2647=ORIENTED_EDGE('',*,*,#2037,.T.);
#2648=ORIENTED_EDGE('',*,*,#2082,.T.);
#2649=ORIENTED_EDGE('',*,*,#2083,.T.);
#2650=ORIENTED_EDGE('',*,*,#2080,.F.);
#2651=ORIENTED_EDGE('',*,*,#2084,.T.);
#2652=ORIENTED_EDGE('',*,*,#2082,.F.);
#2653=ORIENTED_EDGE('',*,*,#2036,.T.);
#2654=ORIENTED_EDGE('',*,*,#2085,.T.);
#2655=ORIENTED_EDGE('',*,*,#2086,.T.);
#2656=ORIENTED_EDGE('',*,*,#2085,.F.);
#2657=ORIENTED_EDGE('',*,*,#2035,.T.);
#2658=ORIENTED_EDGE('',*,*,#2087,.T.);
#2659=ORIENTED_EDGE('',*,*,#2034,.T.);
#2660=ORIENTED_EDGE('',*,*,#2079,.F.);
#2661=ORIENTED_EDGE('',*,*,#2088,.T.);
#2662=ORIENTED_EDGE('',*,*,#2087,.F.);
#2663=ORIENTED_EDGE('',*,*,#2086,.F.);
#2664=ORIENTED_EDGE('',*,*,#2089,.T.);
#2665=ORIENTED_EDGE('',*,*,#2090,.T.);
#2666=ORIENTED_EDGE('',*,*,#2091,.F.);
#2667=ORIENTED_EDGE('',*,*,#2088,.F.);
#2668=ORIENTED_EDGE('',*,*,#2092,.T.);
#2669=ORIENTED_EDGE('',*,*,#2093,.T.);
#2670=ORIENTED_EDGE('',*,*,#2089,.F.);
#2671=ORIENTED_EDGE('',*,*,#2078,.F.);
#2672=ORIENTED_EDGE('',*,*,#2094,.T.);
#2673=ORIENTED_EDGE('',*,*,#2095,.T.);
#2674=ORIENTED_EDGE('',*,*,#2092,.F.);
#2675=ORIENTED_EDGE('',*,*,#2096,.F.);
#2676=ORIENTED_EDGE('',*,*,#2097,.F.);
#2677=ORIENTED_EDGE('',*,*,#2098,.T.);
#2678=ORIENTED_EDGE('',*,*,#2099,.F.);
#2679=ORIENTED_EDGE('',*,*,#2100,.F.);
#2680=ORIENTED_EDGE('',*,*,#2101,.F.);
#2681=ORIENTED_EDGE('',*,*,#2102,.F.);
#2682=ORIENTED_EDGE('',*,*,#2098,.F.);
#2683=ORIENTED_EDGE('',*,*,#2103,.F.);
#2684=ORIENTED_EDGE('',*,*,#2103,.T.);
#2685=ORIENTED_EDGE('',*,*,#2097,.T.);
#2686=ORIENTED_EDGE('',*,*,#2104,.F.);
#2687=ORIENTED_EDGE('',*,*,#2105,.T.);
#2688=ORIENTED_EDGE('',*,*,#2106,.F.);
#2689=ORIENTED_EDGE('',*,*,#2107,.F.);
#2690=ORIENTED_EDGE('',*,*,#2108,.F.);
#2691=ORIENTED_EDGE('',*,*,#2109,.T.);
#2692=ORIENTED_EDGE('',*,*,#2110,.F.);
#2693=ORIENTED_EDGE('',*,*,#2111,.F.);
#2694=ORIENTED_EDGE('',*,*,#2112,.T.);
#2695=ORIENTED_EDGE('',*,*,#2113,.T.);
#2696=ORIENTED_EDGE('',*,*,#2114,.T.);
#2697=ORIENTED_EDGE('',*,*,#2115,.F.);
#2698=ORIENTED_EDGE('',*,*,#2116,.F.);
#2699=ORIENTED_EDGE('',*,*,#2117,.T.);
#2700=ORIENTED_EDGE('',*,*,#2118,.F.);
#2701=ORIENTED_EDGE('',*,*,#2119,.F.);
#2702=ORIENTED_EDGE('',*,*,#2120,.F.);
#2703=ORIENTED_EDGE('',*,*,#2121,.F.);
#2704=ORIENTED_EDGE('',*,*,#2122,.F.);
#2705=ORIENTED_EDGE('',*,*,#2123,.F.);
#2706=ORIENTED_EDGE('',*,*,#2124,.T.);
#2707=ORIENTED_EDGE('',*,*,#2125,.F.);
#2708=ORIENTED_EDGE('',*,*,#2126,.F.);
#2709=ORIENTED_EDGE('',*,*,#2127,.T.);
#2710=ORIENTED_EDGE('',*,*,#2128,.T.);
#2711=ORIENTED_EDGE('',*,*,#2129,.T.);
#2712=ORIENTED_EDGE('',*,*,#2130,.F.);
#2713=ORIENTED_EDGE('',*,*,#2131,.F.);
#2714=ORIENTED_EDGE('',*,*,#2132,.T.);
#2715=ORIENTED_EDGE('',*,*,#2133,.F.);
#2716=ORIENTED_EDGE('',*,*,#2134,.F.);
#2717=ORIENTED_EDGE('',*,*,#2135,.F.);
#2718=ORIENTED_EDGE('',*,*,#2105,.F.);
#2719=ORIENTED_EDGE('',*,*,#2136,.F.);
#2720=ORIENTED_EDGE('',*,*,#2137,.T.);
#2721=ORIENTED_EDGE('',*,*,#2138,.T.);
#2722=ORIENTED_EDGE('',*,*,#2104,.T.);
#2723=ORIENTED_EDGE('',*,*,#2096,.T.);
#2724=ORIENTED_EDGE('',*,*,#2136,.T.);
#2725=ORIENTED_EDGE('',*,*,#2138,.F.);
#2726=ORIENTED_EDGE('',*,*,#2139,.T.);
#2727=ORIENTED_EDGE('',*,*,#2140,.T.);
#2728=ORIENTED_EDGE('',*,*,#2141,.T.);
#2729=ORIENTED_EDGE('',*,*,#2140,.F.);
#2730=ORIENTED_EDGE('',*,*,#2141,.F.);
#2731=ORIENTED_EDGE('',*,*,#2142,.F.);
#2732=ORIENTED_EDGE('',*,*,#2139,.F.);
#2733=ORIENTED_EDGE('',*,*,#2143,.T.);
#2734=ORIENTED_EDGE('',*,*,#2101,.T.);
#2735=ORIENTED_EDGE('',*,*,#2100,.T.);
#2736=ORIENTED_EDGE('',*,*,#2144,.T.);
#2737=ORIENTED_EDGE('',*,*,#2145,.F.);
#2738=ORIENTED_EDGE('',*,*,#2146,.F.);
#2739=ORIENTED_EDGE('',*,*,#2147,.T.);
#2740=ORIENTED_EDGE('',*,*,#2148,.T.);
#2741=ORIENTED_EDGE('',*,*,#2149,.T.);
#2742=ORIENTED_EDGE('',*,*,#2150,.F.);
#2743=ORIENTED_EDGE('',*,*,#2151,.F.);
#2744=ORIENTED_EDGE('',*,*,#2152,.F.);
#2745=ORIENTED_EDGE('',*,*,#2153,.F.);
#2746=ORIENTED_EDGE('',*,*,#2154,.T.);
#2747=ORIENTED_EDGE('',*,*,#2155,.T.);
#2748=ORIENTED_EDGE('',*,*,#2156,.T.);
#2749=ORIENTED_EDGE('',*,*,#2157,.F.);
#2750=ORIENTED_EDGE('',*,*,#2158,.F.);
#2751=ORIENTED_EDGE('',*,*,#2144,.F.);
#2752=ORIENTED_EDGE('',*,*,#2099,.T.);
#2753=ORIENTED_EDGE('',*,*,#2102,.T.);
#2754=ORIENTED_EDGE('',*,*,#2143,.F.);
#2755=ORIENTED_EDGE('',*,*,#2159,.T.);
#2756=ORIENTED_EDGE('',*,*,#2067,.T.);
#2757=ORIENTED_EDGE('',*,*,#2046,.T.);
#2758=ORIENTED_EDGE('',*,*,#2160,.T.);
#2759=ORIENTED_EDGE('',*,*,#2161,.T.);
#2760=ORIENTED_EDGE('',*,*,#2162,.T.);
#2761=ORIENTED_EDGE('',*,*,#2040,.T.);
#2762=ORIENTED_EDGE('',*,*,#2163,.T.);
#2763=ORIENTED_EDGE('',*,*,#2160,.F.);
#2764=ORIENTED_EDGE('',*,*,#2045,.F.);
#2765=ORIENTED_EDGE('',*,*,#2164,.T.);
#2766=ORIENTED_EDGE('',*,*,#2165,.T.);
#2767=ORIENTED_EDGE('',*,*,#2166,.T.);
#2768=ORIENTED_EDGE('',*,*,#2167,.F.);
#2769=ORIENTED_EDGE('',*,*,#2168,.F.);
#2770=ORIENTED_EDGE('',*,*,#2166,.F.);
#2771=ORIENTED_EDGE('',*,*,#2169,.T.);
#2772=ORIENTED_EDGE('',*,*,#2170,.T.);
#2773=ORIENTED_EDGE('',*,*,#2041,.F.);
#2774=ORIENTED_EDGE('',*,*,#2162,.F.);
#2775=ORIENTED_EDGE('',*,*,#2171,.F.);
#2776=ORIENTED_EDGE('',*,*,#2172,.F.);
#2777=ORIENTED_EDGE('',*,*,#2051,.F.);
#2778=ORIENTED_EDGE('',*,*,#2173,.F.);
#2779=ORIENTED_EDGE('',*,*,#2174,.F.);
#2780=ORIENTED_EDGE('',*,*,#2175,.T.);
#2781=ORIENTED_EDGE('',*,*,#2065,.T.);
#2782=ORIENTED_EDGE('',*,*,#2068,.T.);
#2783=ORIENTED_EDGE('',*,*,#2159,.F.);
#2784=ORIENTED_EDGE('',*,*,#2174,.T.);
#2785=ORIENTED_EDGE('',*,*,#2176,.T.);
#2786=ORIENTED_EDGE('',*,*,#2075,.T.);
#2787=ORIENTED_EDGE('',*,*,#2177,.T.);
#2788=ORIENTED_EDGE('',*,*,#2171,.T.);
#2789=ORIENTED_EDGE('',*,*,#2161,.F.);
#2790=ORIENTED_EDGE('',*,*,#2066,.T.);
#2791=ORIENTED_EDGE('',*,*,#2175,.F.);
#2792=ORIENTED_EDGE('',*,*,#2173,.T.);
#2793=ORIENTED_EDGE('',*,*,#2050,.T.);
#2794=ORIENTED_EDGE('',*,*,#2059,.T.);
#2795=ORIENTED_EDGE('',*,*,#2074,.T.);
#2796=ORIENTED_EDGE('',*,*,#2029,.T.);
#2797=ORIENTED_EDGE('',*,*,#2052,.T.);
#2798=ORIENTED_EDGE('',*,*,#2172,.T.);
#2799=ORIENTED_EDGE('',*,*,#2177,.F.);
#2800=ORIENTED_EDGE('',*,*,#2081,.F.);
#2801=ORIENTED_EDGE('',*,*,#2178,.T.);
#2802=ORIENTED_EDGE('',*,*,#2179,.T.);
#2803=ORIENTED_EDGE('',*,*,#2094,.F.);
#2804=ORIENTED_EDGE('',*,*,#2083,.F.);
#2805=ORIENTED_EDGE('',*,*,#2180,.T.);
#2806=ORIENTED_EDGE('',*,*,#2181,.T.);
#2807=ORIENTED_EDGE('',*,*,#2178,.F.);
#2808=ORIENTED_EDGE('',*,*,#2084,.F.);
#2809=ORIENTED_EDGE('',*,*,#2091,.T.);
#2810=ORIENTED_EDGE('',*,*,#2182,.T.);
#2811=ORIENTED_EDGE('',*,*,#2180,.F.);
#2812=ORIENTED_EDGE('',*,*,#2093,.F.);
#2813=ORIENTED_EDGE('',*,*,#2095,.F.);
#2814=ORIENTED_EDGE('',*,*,#2179,.F.);
#2815=ORIENTED_EDGE('',*,*,#2181,.F.);
#2816=ORIENTED_EDGE('',*,*,#2182,.F.);
#2817=ORIENTED_EDGE('',*,*,#2090,.F.);
#2818=ORIENTED_EDGE('',*,*,#2183,.F.);
#2819=ORIENTED_EDGE('',*,*,#2184,.F.);
#2820=ORIENTED_EDGE('',*,*,#2185,.T.);
#2821=ORIENTED_EDGE('',*,*,#2183,.T.);
#2822=ORIENTED_EDGE('',*,*,#2185,.F.);
#2823=ORIENTED_EDGE('',*,*,#2060,.F.);
#2824=ORIENTED_EDGE('',*,*,#2186,.T.);
#2825=ORIENTED_EDGE('',*,*,#2070,.F.);
#2826=ORIENTED_EDGE('',*,*,#2186,.F.);
#2827=ORIENTED_EDGE('',*,*,#2055,.F.);
#2828=ORIENTED_EDGE('',*,*,#2069,.T.);
#2829=ORIENTED_EDGE('',*,*,#2061,.F.);
#2830=ORIENTED_EDGE('',*,*,#2056,.F.);
#2831=ORIENTED_EDGE('',*,*,#2026,.F.);
#2832=ORIENTED_EDGE('',*,*,#2187,.T.);
#2833=ORIENTED_EDGE('',*,*,#2072,.F.);
#2834=ORIENTED_EDGE('',*,*,#2076,.F.);
#2835=ORIENTED_EDGE('',*,*,#2176,.F.);
#2836=ORIENTED_EDGE('',*,*,#2163,.F.);
#2837=ORIENTED_EDGE('',*,*,#2039,.F.);
#2838=ORIENTED_EDGE('',*,*,#2184,.T.);
#2839=ORIENTED_EDGE('',*,*,#2025,.F.);
#2840=ORIENTED_EDGE('',*,*,#2032,.T.);
#2841=ORIENTED_EDGE('',*,*,#2073,.F.);
#2842=ORIENTED_EDGE('',*,*,#2187,.F.);
#2843=ORIENTED_EDGE('',*,*,#2188,.T.);
#2844=ORIENTED_EDGE('',*,*,#2043,.T.);
#2845=ORIENTED_EDGE('',*,*,#2189,.T.);
#2846=ORIENTED_EDGE('',*,*,#2190,.T.);
#2847=ORIENTED_EDGE('',*,*,#2191,.T.);
#2848=ORIENTED_EDGE('',*,*,#2190,.F.);
#2849=ORIENTED_EDGE('',*,*,#2192,.T.);
#2850=ORIENTED_EDGE('',*,*,#2193,.T.);
#2851=ORIENTED_EDGE('',*,*,#2194,.T.);
#2852=ORIENTED_EDGE('',*,*,#2191,.F.);
#2853=ORIENTED_EDGE('',*,*,#2195,.T.);
#2854=ORIENTED_EDGE('',*,*,#2142,.T.);
#2855=ORIENTED_EDGE('',*,*,#2195,.F.);
#2856=ORIENTED_EDGE('',*,*,#2189,.F.);
#2857=ORIENTED_EDGE('',*,*,#2042,.F.);
#2858=ORIENTED_EDGE('',*,*,#2170,.F.);
#2859=ORIENTED_EDGE('',*,*,#2196,.T.);
#2860=ORIENTED_EDGE('',*,*,#2192,.F.);
#2861=ORIENTED_EDGE('',*,*,#2137,.F.);
#2862=ORIENTED_EDGE('',*,*,#2197,.F.);
#2863=ORIENTED_EDGE('',*,*,#2167,.T.);
#2864=ORIENTED_EDGE('',*,*,#2168,.T.);
#2865=ORIENTED_EDGE('',*,*,#2198,.T.);
#2866=ORIENTED_EDGE('',*,*,#2197,.T.);
#2867=ORIENTED_EDGE('',*,*,#2198,.F.);
#2868=ORIENTED_EDGE('',*,*,#2188,.F.);
#2869=ORIENTED_EDGE('',*,*,#2194,.F.);
#2870=ORIENTED_EDGE('',*,*,#2199,.T.);
#2871=ORIENTED_EDGE('',*,*,#2164,.F.);
#2872=ORIENTED_EDGE('',*,*,#2044,.F.);
#2873=ORIENTED_EDGE('',*,*,#2193,.F.);
#2874=ORIENTED_EDGE('',*,*,#2196,.F.);
#2875=ORIENTED_EDGE('',*,*,#2169,.F.);
#2876=ORIENTED_EDGE('',*,*,#2165,.F.);
#2877=ORIENTED_EDGE('',*,*,#2199,.F.);
#2878=ORIENTED_EDGE('',*,*,#2200,.T.);
#2879=ORIENTED_EDGE('',*,*,#2146,.T.);
#2880=ORIENTED_EDGE('',*,*,#2201,.T.);
#2881=ORIENTED_EDGE('',*,*,#2202,.T.);
#2882=ORIENTED_EDGE('',*,*,#2203,.T.);
#2883=ORIENTED_EDGE('',*,*,#2204,.T.);
#2884=ORIENTED_EDGE('',*,*,#2201,.F.);
#2885=ORIENTED_EDGE('',*,*,#2145,.T.);
#2886=ORIENTED_EDGE('',*,*,#2205,.T.);
#2887=ORIENTED_EDGE('',*,*,#2206,.T.);
#2888=ORIENTED_EDGE('',*,*,#2207,.T.);
#2889=ORIENTED_EDGE('',*,*,#2157,.T.);
#2890=ORIENTED_EDGE('',*,*,#2207,.F.);
#2891=ORIENTED_EDGE('',*,*,#2208,.T.);
#2892=ORIENTED_EDGE('',*,*,#2203,.F.);
#2893=ORIENTED_EDGE('',*,*,#2158,.T.);
#2894=ORIENTED_EDGE('',*,*,#2204,.F.);
#2895=ORIENTED_EDGE('',*,*,#2208,.F.);
#2896=ORIENTED_EDGE('',*,*,#2209,.T.);
#2897=ORIENTED_EDGE('',*,*,#2210,.F.);
#2898=ORIENTED_EDGE('',*,*,#2211,.T.);
#2899=ORIENTED_EDGE('',*,*,#2212,.F.);
#2900=ORIENTED_EDGE('',*,*,#2213,.T.);
#2901=ORIENTED_EDGE('',*,*,#2206,.F.);
#2902=ORIENTED_EDGE('',*,*,#2214,.T.);
#2903=ORIENTED_EDGE('',*,*,#2126,.T.);
#2904=ORIENTED_EDGE('',*,*,#2215,.F.);
#2905=ORIENTED_EDGE('',*,*,#2216,.F.);
#2906=ORIENTED_EDGE('',*,*,#2209,.F.);
#2907=ORIENTED_EDGE('',*,*,#2205,.F.);
#2908=ORIENTED_EDGE('',*,*,#2156,.F.);
#2909=ORIENTED_EDGE('',*,*,#2217,.T.);
#2910=ORIENTED_EDGE('',*,*,#2127,.F.);
#2911=ORIENTED_EDGE('',*,*,#2214,.F.);
#2912=ORIENTED_EDGE('',*,*,#2218,.T.);
#2913=ORIENTED_EDGE('',*,*,#2153,.T.);
#2914=ORIENTED_EDGE('',*,*,#2219,.T.);
#2915=ORIENTED_EDGE('',*,*,#2220,.T.);
#2916=ORIENTED_EDGE('',*,*,#2221,.T.);
#2917=ORIENTED_EDGE('',*,*,#2222,.T.);
#2918=ORIENTED_EDGE('',*,*,#2219,.F.);
#2919=ORIENTED_EDGE('',*,*,#2152,.T.);
#2920=ORIENTED_EDGE('',*,*,#2223,.T.);
#2921=ORIENTED_EDGE('',*,*,#2224,.T.);
#2922=ORIENTED_EDGE('',*,*,#2225,.T.);
#2923=ORIENTED_EDGE('',*,*,#2150,.T.);
#2924=ORIENTED_EDGE('',*,*,#2225,.F.);
#2925=ORIENTED_EDGE('',*,*,#2226,.T.);
#2926=ORIENTED_EDGE('',*,*,#2221,.F.);
#2927=ORIENTED_EDGE('',*,*,#2151,.T.);
#2928=ORIENTED_EDGE('',*,*,#2218,.F.);
#2929=ORIENTED_EDGE('',*,*,#2227,.F.);
#2930=ORIENTED_EDGE('',*,*,#2129,.F.);
#2931=ORIENTED_EDGE('',*,*,#2228,.T.);
#2932=ORIENTED_EDGE('',*,*,#2154,.F.);
#2933=ORIENTED_EDGE('',*,*,#2220,.F.);
#2934=ORIENTED_EDGE('',*,*,#2229,.F.);
#2935=ORIENTED_EDGE('',*,*,#2230,.F.);
#2936=ORIENTED_EDGE('',*,*,#2231,.F.);
#2937=ORIENTED_EDGE('',*,*,#2130,.T.);
#2938=ORIENTED_EDGE('',*,*,#2227,.T.);
#2939=ORIENTED_EDGE('',*,*,#2222,.F.);
#2940=ORIENTED_EDGE('',*,*,#2226,.F.);
#2941=ORIENTED_EDGE('',*,*,#2232,.T.);
#2942=ORIENTED_EDGE('',*,*,#2233,.F.);
#2943=ORIENTED_EDGE('',*,*,#2234,.T.);
#2944=ORIENTED_EDGE('',*,*,#2235,.F.);
#2945=ORIENTED_EDGE('',*,*,#2229,.T.);
#2946=ORIENTED_EDGE('',*,*,#2224,.F.);
#2947=ORIENTED_EDGE('',*,*,#2236,.T.);
#2948=ORIENTED_EDGE('',*,*,#2111,.T.);
#2949=ORIENTED_EDGE('',*,*,#2237,.F.);
#2950=ORIENTED_EDGE('',*,*,#2238,.F.);
#2951=ORIENTED_EDGE('',*,*,#2232,.F.);
#2952=ORIENTED_EDGE('',*,*,#2239,.F.);
#2953=ORIENTED_EDGE('',*,*,#2240,.T.);
#2954=ORIENTED_EDGE('',*,*,#2241,.F.);
#2955=ORIENTED_EDGE('',*,*,#2242,.F.);
#2956=ORIENTED_EDGE('',*,*,#2243,.F.);
#2957=ORIENTED_EDGE('',*,*,#2242,.T.);
#2958=ORIENTED_EDGE('',*,*,#2244,.F.);
#2959=ORIENTED_EDGE('',*,*,#2245,.F.);
#2960=ORIENTED_EDGE('',*,*,#2246,.F.);
#2961=ORIENTED_EDGE('',*,*,#2245,.T.);
#2962=ORIENTED_EDGE('',*,*,#2247,.F.);
#2963=ORIENTED_EDGE('',*,*,#2248,.F.);
#2964=ORIENTED_EDGE('',*,*,#2249,.F.);
#2965=ORIENTED_EDGE('',*,*,#2248,.T.);
#2966=ORIENTED_EDGE('',*,*,#2250,.F.);
#2967=ORIENTED_EDGE('',*,*,#2251,.F.);
#2968=ORIENTED_EDGE('',*,*,#2252,.F.);
#2969=ORIENTED_EDGE('',*,*,#2251,.T.);
#2970=ORIENTED_EDGE('',*,*,#2253,.F.);
#2971=ORIENTED_EDGE('',*,*,#2254,.F.);
#2972=ORIENTED_EDGE('',*,*,#2255,.F.);
#2973=ORIENTED_EDGE('',*,*,#2254,.T.);
#2974=ORIENTED_EDGE('',*,*,#2256,.F.);
#2975=ORIENTED_EDGE('',*,*,#2240,.F.);
#2976=ORIENTED_EDGE('',*,*,#2256,.T.);
#2977=ORIENTED_EDGE('',*,*,#2253,.T.);
#2978=ORIENTED_EDGE('',*,*,#2250,.T.);
#2979=ORIENTED_EDGE('',*,*,#2247,.T.);
#2980=ORIENTED_EDGE('',*,*,#2244,.T.);
#2981=ORIENTED_EDGE('',*,*,#2241,.T.);
#2982=ORIENTED_EDGE('',*,*,#2257,.F.);
#2983=ORIENTED_EDGE('',*,*,#2258,.F.);
#2984=ORIENTED_EDGE('',*,*,#2259,.T.);
#2985=ORIENTED_EDGE('',*,*,#2257,.T.);
#2986=ORIENTED_EDGE('',*,*,#2259,.F.);
#2987=ORIENTED_EDGE('',*,*,#2260,.F.);
#2988=ORIENTED_EDGE('',*,*,#2261,.T.);
#2989=ORIENTED_EDGE('',*,*,#2262,.F.);
#2990=ORIENTED_EDGE('',*,*,#2261,.F.);
#2991=ORIENTED_EDGE('',*,*,#2263,.F.);
#2992=ORIENTED_EDGE('',*,*,#2264,.T.);
#2993=ORIENTED_EDGE('',*,*,#2265,.T.);
#2994=ORIENTED_EDGE('',*,*,#2266,.F.);
#2995=ORIENTED_EDGE('',*,*,#2267,.F.);
#2996=ORIENTED_EDGE('',*,*,#2268,.T.);
#2997=ORIENTED_EDGE('',*,*,#2269,.T.);
#2998=ORIENTED_EDGE('',*,*,#2264,.F.);
#2999=ORIENTED_EDGE('',*,*,#2270,.F.);
#3000=ORIENTED_EDGE('',*,*,#2271,.T.);
#3001=ORIENTED_EDGE('',*,*,#2272,.T.);
#3002=ORIENTED_EDGE('',*,*,#2268,.F.);
#3003=ORIENTED_EDGE('',*,*,#2273,.F.);
#3004=ORIENTED_EDGE('',*,*,#2274,.T.);
#3005=ORIENTED_EDGE('',*,*,#2275,.T.);
#3006=ORIENTED_EDGE('',*,*,#2271,.F.);
#3007=ORIENTED_EDGE('',*,*,#2276,.F.);
#3008=ORIENTED_EDGE('',*,*,#2277,.T.);
#3009=ORIENTED_EDGE('',*,*,#2278,.T.);
#3010=ORIENTED_EDGE('',*,*,#2274,.F.);
#3011=ORIENTED_EDGE('',*,*,#2279,.F.);
#3012=ORIENTED_EDGE('',*,*,#2266,.T.);
#3013=ORIENTED_EDGE('',*,*,#2280,.T.);
#3014=ORIENTED_EDGE('',*,*,#2277,.F.);
#3015=ORIENTED_EDGE('',*,*,#2280,.F.);
#3016=ORIENTED_EDGE('',*,*,#2265,.F.);
#3017=ORIENTED_EDGE('',*,*,#2269,.F.);
#3018=ORIENTED_EDGE('',*,*,#2272,.F.);
#3019=ORIENTED_EDGE('',*,*,#2275,.F.);
#3020=ORIENTED_EDGE('',*,*,#2278,.F.);
#3021=ORIENTED_EDGE('',*,*,#2281,.F.);
#3022=ORIENTED_EDGE('',*,*,#2282,.F.);
#3023=ORIENTED_EDGE('',*,*,#2283,.T.);
#3024=ORIENTED_EDGE('',*,*,#2284,.F.);
#3025=ORIENTED_EDGE('',*,*,#2283,.F.);
#3026=ORIENTED_EDGE('',*,*,#2285,.F.);
#3027=ORIENTED_EDGE('',*,*,#2286,.T.);
#3028=ORIENTED_EDGE('',*,*,#2281,.T.);
#3029=ORIENTED_EDGE('',*,*,#2286,.F.);
#3030=ORIENTED_EDGE('',*,*,#2287,.T.);
#3031=ORIENTED_EDGE('',*,*,#2288,.T.);
#3032=ORIENTED_EDGE('',*,*,#2289,.T.);
#3033=ORIENTED_EDGE('',*,*,#2290,.T.);
#3034=ORIENTED_EDGE('',*,*,#2291,.T.);
#3035=ORIENTED_EDGE('',*,*,#2216,.T.);
#3036=ORIENTED_EDGE('',*,*,#2289,.F.);
#3037=ORIENTED_EDGE('',*,*,#2292,.T.);
#3038=ORIENTED_EDGE('',*,*,#2293,.T.);
#3039=ORIENTED_EDGE('',*,*,#2210,.T.);
#3040=ORIENTED_EDGE('',*,*,#2291,.F.);
#3041=ORIENTED_EDGE('',*,*,#2294,.T.);
#3042=ORIENTED_EDGE('',*,*,#2295,.T.);
#3043=ORIENTED_EDGE('',*,*,#2296,.T.);
#3044=ORIENTED_EDGE('',*,*,#2293,.F.);
#3045=ORIENTED_EDGE('',*,*,#2297,.T.);
#3046=ORIENTED_EDGE('',*,*,#2298,.T.);
#3047=ORIENTED_EDGE('',*,*,#2299,.T.);
#3048=ORIENTED_EDGE('',*,*,#2295,.F.);
#3049=ORIENTED_EDGE('',*,*,#2300,.T.);
#3050=ORIENTED_EDGE('',*,*,#2301,.T.);
#3051=ORIENTED_EDGE('',*,*,#2302,.T.);
#3052=ORIENTED_EDGE('',*,*,#2298,.F.);
#3053=ORIENTED_EDGE('',*,*,#2303,.T.);
#3054=ORIENTED_EDGE('',*,*,#2304,.T.);
#3055=ORIENTED_EDGE('',*,*,#2305,.T.);
#3056=ORIENTED_EDGE('',*,*,#2301,.F.);
#3057=ORIENTED_EDGE('',*,*,#2306,.T.);
#3058=ORIENTED_EDGE('',*,*,#2287,.F.);
#3059=ORIENTED_EDGE('',*,*,#2307,.T.);
#3060=ORIENTED_EDGE('',*,*,#2304,.F.);
#3061=ORIENTED_EDGE('',*,*,#2308,.T.);
#3062=ORIENTED_EDGE('',*,*,#2302,.F.);
#3063=ORIENTED_EDGE('',*,*,#2309,.F.);
#3064=ORIENTED_EDGE('',*,*,#2310,.F.);
#3065=ORIENTED_EDGE('',*,*,#2311,.F.);
#3066=ORIENTED_EDGE('',*,*,#2305,.F.);
#3067=ORIENTED_EDGE('',*,*,#2312,.T.);
#3068=ORIENTED_EDGE('',*,*,#2313,.F.);
#3069=ORIENTED_EDGE('',*,*,#2309,.T.);
#3070=ORIENTED_EDGE('',*,*,#2307,.F.);
#3071=ORIENTED_EDGE('',*,*,#2314,.F.);
#3072=ORIENTED_EDGE('',*,*,#2124,.F.);
#3073=ORIENTED_EDGE('',*,*,#2315,.F.);
#3074=ORIENTED_EDGE('',*,*,#2312,.F.);
#3075=ORIENTED_EDGE('',*,*,#2258,.T.);
#3076=ORIENTED_EDGE('',*,*,#2290,.F.);
#3077=ORIENTED_EDGE('',*,*,#2215,.T.);
#3078=ORIENTED_EDGE('',*,*,#2125,.T.);
#3079=ORIENTED_EDGE('',*,*,#2314,.T.);
#3080=ORIENTED_EDGE('',*,*,#2288,.F.);
#3081=ORIENTED_EDGE('',*,*,#2308,.F.);
#3082=ORIENTED_EDGE('',*,*,#2306,.F.);
#3083=ORIENTED_EDGE('',*,*,#2303,.F.);
#3084=ORIENTED_EDGE('',*,*,#2300,.F.);
#3085=ORIENTED_EDGE('',*,*,#2297,.F.);
#3086=ORIENTED_EDGE('',*,*,#2294,.F.);
#3087=ORIENTED_EDGE('',*,*,#2292,.F.);
#3088=ORIENTED_EDGE('',*,*,#2316,.T.);
#3089=ORIENTED_EDGE('',*,*,#2317,.T.);
#3090=ORIENTED_EDGE('',*,*,#2318,.T.);
#3091=ORIENTED_EDGE('',*,*,#2235,.T.);
#3092=ORIENTED_EDGE('',*,*,#2319,.T.);
#3093=ORIENTED_EDGE('',*,*,#2230,.T.);
#3094=ORIENTED_EDGE('',*,*,#2318,.F.);
#3095=ORIENTED_EDGE('',*,*,#2320,.T.);
#3096=ORIENTED_EDGE('',*,*,#2321,.T.);
#3097=ORIENTED_EDGE('',*,*,#2322,.T.);
#3098=ORIENTED_EDGE('',*,*,#2319,.F.);
#3099=ORIENTED_EDGE('',*,*,#2323,.T.);
#3100=ORIENTED_EDGE('',*,*,#2324,.T.);
#3101=ORIENTED_EDGE('',*,*,#2325,.T.);
#3102=ORIENTED_EDGE('',*,*,#2321,.F.);
#3103=ORIENTED_EDGE('',*,*,#2326,.T.);
#3104=ORIENTED_EDGE('',*,*,#2327,.T.);
#3105=ORIENTED_EDGE('',*,*,#2328,.T.);
#3106=ORIENTED_EDGE('',*,*,#2324,.F.);
#3107=ORIENTED_EDGE('',*,*,#2329,.T.);
#3108=ORIENTED_EDGE('',*,*,#2330,.T.);
#3109=ORIENTED_EDGE('',*,*,#2331,.T.);
#3110=ORIENTED_EDGE('',*,*,#2327,.F.);
#3111=ORIENTED_EDGE('',*,*,#2332,.T.);
#3112=ORIENTED_EDGE('',*,*,#2333,.T.);
#3113=ORIENTED_EDGE('',*,*,#2334,.T.);
#3114=ORIENTED_EDGE('',*,*,#2330,.F.);
#3115=ORIENTED_EDGE('',*,*,#2335,.T.);
#3116=ORIENTED_EDGE('',*,*,#2316,.F.);
#3117=ORIENTED_EDGE('',*,*,#2336,.T.);
#3118=ORIENTED_EDGE('',*,*,#2333,.F.);
#3119=ORIENTED_EDGE('',*,*,#2337,.T.);
#3120=ORIENTED_EDGE('',*,*,#2331,.F.);
#3121=ORIENTED_EDGE('',*,*,#2338,.F.);
#3122=ORIENTED_EDGE('',*,*,#2339,.F.);
#3123=ORIENTED_EDGE('',*,*,#2340,.F.);
#3124=ORIENTED_EDGE('',*,*,#2334,.F.);
#3125=ORIENTED_EDGE('',*,*,#2341,.T.);
#3126=ORIENTED_EDGE('',*,*,#2342,.T.);
#3127=ORIENTED_EDGE('',*,*,#2338,.T.);
#3128=ORIENTED_EDGE('',*,*,#2336,.F.);
#3129=ORIENTED_EDGE('',*,*,#2234,.F.);
#3130=ORIENTED_EDGE('',*,*,#2343,.F.);
#3131=ORIENTED_EDGE('',*,*,#2344,.F.);
#3132=ORIENTED_EDGE('',*,*,#2345,.F.);
#3133=ORIENTED_EDGE('',*,*,#2346,.F.);
#3134=ORIENTED_EDGE('',*,*,#2347,.F.);
#3135=ORIENTED_EDGE('',*,*,#2348,.F.);
#3136=ORIENTED_EDGE('',*,*,#2341,.F.);
#3137=ORIENTED_EDGE('',*,*,#2260,.T.);
#3138=ORIENTED_EDGE('',*,*,#2282,.T.);
#3139=ORIENTED_EDGE('',*,*,#2317,.F.);
#3140=ORIENTED_EDGE('',*,*,#2337,.F.);
#3141=ORIENTED_EDGE('',*,*,#2335,.F.);
#3142=ORIENTED_EDGE('',*,*,#2332,.F.);
#3143=ORIENTED_EDGE('',*,*,#2329,.F.);
#3144=ORIENTED_EDGE('',*,*,#2326,.F.);
#3145=ORIENTED_EDGE('',*,*,#2323,.F.);
#3146=ORIENTED_EDGE('',*,*,#2320,.F.);
#3147=ORIENTED_EDGE('',*,*,#2349,.T.);
#3148=ORIENTED_EDGE('',*,*,#2350,.T.);
#3149=ORIENTED_EDGE('',*,*,#2351,.T.);
#3150=ORIENTED_EDGE('',*,*,#2352,.T.);
#3151=ORIENTED_EDGE('',*,*,#2353,.T.);
#3152=ORIENTED_EDGE('',*,*,#2354,.T.);
#3153=ORIENTED_EDGE('',*,*,#2351,.F.);
#3154=ORIENTED_EDGE('',*,*,#2355,.T.);
#3155=ORIENTED_EDGE('',*,*,#2356,.T.);
#3156=ORIENTED_EDGE('',*,*,#2357,.T.);
#3157=ORIENTED_EDGE('',*,*,#2353,.F.);
#3158=ORIENTED_EDGE('',*,*,#2358,.T.);
#3159=ORIENTED_EDGE('',*,*,#2359,.T.);
#3160=ORIENTED_EDGE('',*,*,#2360,.T.);
#3161=ORIENTED_EDGE('',*,*,#2356,.F.);
#3162=ORIENTED_EDGE('',*,*,#2212,.T.);
#3163=ORIENTED_EDGE('',*,*,#2361,.T.);
#3164=ORIENTED_EDGE('',*,*,#2362,.T.);
#3165=ORIENTED_EDGE('',*,*,#2359,.F.);
#3166=ORIENTED_EDGE('',*,*,#2363,.T.);
#3167=ORIENTED_EDGE('',*,*,#2364,.T.);
#3168=ORIENTED_EDGE('',*,*,#2365,.T.);
#3169=ORIENTED_EDGE('',*,*,#2361,.F.);
#3170=ORIENTED_EDGE('',*,*,#2366,.T.);
#3171=ORIENTED_EDGE('',*,*,#2367,.T.);
#3172=ORIENTED_EDGE('',*,*,#2368,.T.);
#3173=ORIENTED_EDGE('',*,*,#2364,.F.);
#3174=ORIENTED_EDGE('',*,*,#2369,.T.);
#3175=ORIENTED_EDGE('',*,*,#2367,.F.);
#3176=ORIENTED_EDGE('',*,*,#2370,.T.);
#3177=ORIENTED_EDGE('',*,*,#2349,.F.);
#3178=ORIENTED_EDGE('',*,*,#2371,.T.);
#3179=ORIENTED_EDGE('',*,*,#2202,.F.);
#3180=ORIENTED_EDGE('',*,*,#2213,.F.);
#3181=ORIENTED_EDGE('',*,*,#2358,.F.);
#3182=ORIENTED_EDGE('',*,*,#2372,.F.);
#3183=ORIENTED_EDGE('',*,*,#2115,.T.);
#3184=ORIENTED_EDGE('',*,*,#2373,.T.);
#3185=ORIENTED_EDGE('',*,*,#2355,.F.);
#3186=ORIENTED_EDGE('',*,*,#2374,.T.);
#3187=ORIENTED_EDGE('',*,*,#2116,.T.);
#3188=ORIENTED_EDGE('',*,*,#2372,.T.);
#3189=ORIENTED_EDGE('',*,*,#2350,.F.);
#3190=ORIENTED_EDGE('',*,*,#2375,.F.);
#3191=ORIENTED_EDGE('',*,*,#2376,.F.);
#3192=ORIENTED_EDGE('',*,*,#2117,.F.);
#3193=ORIENTED_EDGE('',*,*,#2374,.F.);
#3194=ORIENTED_EDGE('',*,*,#2285,.T.);
#3195=ORIENTED_EDGE('',*,*,#2352,.F.);
#3196=ORIENTED_EDGE('',*,*,#2354,.F.);
#3197=ORIENTED_EDGE('',*,*,#2357,.F.);
#3198=ORIENTED_EDGE('',*,*,#2360,.F.);
#3199=ORIENTED_EDGE('',*,*,#2362,.F.);
#3200=ORIENTED_EDGE('',*,*,#2365,.F.);
#3201=ORIENTED_EDGE('',*,*,#2368,.F.);
#3202=ORIENTED_EDGE('',*,*,#2371,.F.);
#3203=ORIENTED_EDGE('',*,*,#2377,.T.);
#3204=ORIENTED_EDGE('',*,*,#2378,.T.);
#3205=ORIENTED_EDGE('',*,*,#2379,.T.);
#3206=ORIENTED_EDGE('',*,*,#2233,.T.);
#3207=ORIENTED_EDGE('',*,*,#2380,.T.);
#3208=ORIENTED_EDGE('',*,*,#2343,.T.);
#3209=ORIENTED_EDGE('',*,*,#2379,.F.);
#3210=ORIENTED_EDGE('',*,*,#2381,.T.);
#3211=ORIENTED_EDGE('',*,*,#2382,.T.);
#3212=ORIENTED_EDGE('',*,*,#2383,.T.);
#3213=ORIENTED_EDGE('',*,*,#2380,.F.);
#3214=ORIENTED_EDGE('',*,*,#2384,.T.);
#3215=ORIENTED_EDGE('',*,*,#2385,.T.);
#3216=ORIENTED_EDGE('',*,*,#2386,.T.);
#3217=ORIENTED_EDGE('',*,*,#2382,.F.);
#3218=ORIENTED_EDGE('',*,*,#2387,.T.);
#3219=ORIENTED_EDGE('',*,*,#2388,.T.);
#3220=ORIENTED_EDGE('',*,*,#2389,.T.);
#3221=ORIENTED_EDGE('',*,*,#2385,.F.);
#3222=ORIENTED_EDGE('',*,*,#2390,.T.);
#3223=ORIENTED_EDGE('',*,*,#2391,.T.);
#3224=ORIENTED_EDGE('',*,*,#2392,.T.);
#3225=ORIENTED_EDGE('',*,*,#2388,.F.);
#3226=ORIENTED_EDGE('',*,*,#2393,.T.);
#3227=ORIENTED_EDGE('',*,*,#2394,.T.);
#3228=ORIENTED_EDGE('',*,*,#2395,.T.);
#3229=ORIENTED_EDGE('',*,*,#2391,.F.);
#3230=ORIENTED_EDGE('',*,*,#2396,.T.);
#3231=ORIENTED_EDGE('',*,*,#2394,.F.);
#3232=ORIENTED_EDGE('',*,*,#2397,.T.);
#3233=ORIENTED_EDGE('',*,*,#2377,.F.);
#3234=ORIENTED_EDGE('',*,*,#2238,.T.);
#3235=ORIENTED_EDGE('',*,*,#2392,.F.);
#3236=ORIENTED_EDGE('',*,*,#2398,.F.);
#3237=ORIENTED_EDGE('',*,*,#2109,.F.);
#3238=ORIENTED_EDGE('',*,*,#2399,.F.);
#3239=ORIENTED_EDGE('',*,*,#2400,.F.);
#3240=ORIENTED_EDGE('',*,*,#2284,.T.);
#3241=ORIENTED_EDGE('',*,*,#2395,.F.);
#3242=ORIENTED_EDGE('',*,*,#2237,.T.);
#3243=ORIENTED_EDGE('',*,*,#2110,.T.);
#3244=ORIENTED_EDGE('',*,*,#2398,.T.);
#3245=ORIENTED_EDGE('',*,*,#2378,.F.);
#3246=ORIENTED_EDGE('',*,*,#2397,.F.);
#3247=ORIENTED_EDGE('',*,*,#2396,.F.);
#3248=ORIENTED_EDGE('',*,*,#2393,.F.);
#3249=ORIENTED_EDGE('',*,*,#2390,.F.);
#3250=ORIENTED_EDGE('',*,*,#2387,.F.);
#3251=ORIENTED_EDGE('',*,*,#2384,.F.);
#3252=ORIENTED_EDGE('',*,*,#2381,.F.);
#3253=ORIENTED_EDGE('',*,*,#2313,.T.);
#3254=ORIENTED_EDGE('',*,*,#2315,.T.);
#3255=ORIENTED_EDGE('',*,*,#2123,.T.);
#3256=ORIENTED_EDGE('',*,*,#2401,.T.);
#3257=ORIENTED_EDGE('',*,*,#2401,.F.);
#3258=ORIENTED_EDGE('',*,*,#2122,.T.);
#3259=ORIENTED_EDGE('',*,*,#2402,.T.);
#3260=ORIENTED_EDGE('',*,*,#2403,.F.);
#3261=ORIENTED_EDGE('',*,*,#2310,.T.);
#3262=ORIENTED_EDGE('',*,*,#2404,.T.);
#3263=ORIENTED_EDGE('',*,*,#2405,.T.);
#3264=ORIENTED_EDGE('',*,*,#2133,.T.);
#3265=ORIENTED_EDGE('',*,*,#2406,.T.);
#3266=ORIENTED_EDGE('',*,*,#2328,.F.);
#3267=ORIENTED_EDGE('',*,*,#2340,.T.);
#3268=ORIENTED_EDGE('',*,*,#2404,.F.);
#3269=ORIENTED_EDGE('',*,*,#2407,.T.);
#3270=ORIENTED_EDGE('',*,*,#2405,.F.);
#3271=ORIENTED_EDGE('',*,*,#2339,.T.);
#3272=ORIENTED_EDGE('',*,*,#2408,.F.);
#3273=ORIENTED_EDGE('',*,*,#2409,.T.);
#3274=ORIENTED_EDGE('',*,*,#2134,.T.);
#3275=ORIENTED_EDGE('',*,*,#2410,.T.);
#3276=ORIENTED_EDGE('',*,*,#2411,.T.);
#3277=ORIENTED_EDGE('',*,*,#2118,.T.);
#3278=ORIENTED_EDGE('',*,*,#2376,.T.);
#3279=ORIENTED_EDGE('',*,*,#2370,.F.);
#3280=ORIENTED_EDGE('',*,*,#2412,.T.);
#3281=ORIENTED_EDGE('',*,*,#2410,.F.);
#3282=ORIENTED_EDGE('',*,*,#2375,.T.);
#3283=ORIENTED_EDGE('',*,*,#2389,.F.);
#3284=ORIENTED_EDGE('',*,*,#2400,.T.);
#3285=ORIENTED_EDGE('',*,*,#2413,.T.);
#3286=ORIENTED_EDGE('',*,*,#2414,.T.);
#3287=ORIENTED_EDGE('',*,*,#2108,.T.);
#3288=ORIENTED_EDGE('',*,*,#2415,.T.);
#3289=ORIENTED_EDGE('',*,*,#2413,.F.);
#3290=ORIENTED_EDGE('',*,*,#2399,.T.);
#3291=ORIENTED_EDGE('',*,*,#2386,.F.);
#3292=ORIENTED_EDGE('',*,*,#2414,.F.);
#3293=ORIENTED_EDGE('',*,*,#2416,.F.);
#3294=ORIENTED_EDGE('',*,*,#2417,.F.);
#3295=ORIENTED_EDGE('',*,*,#2322,.F.);
#3296=ORIENTED_EDGE('',*,*,#2418,.T.);
#3297=ORIENTED_EDGE('',*,*,#2131,.T.);
#3298=ORIENTED_EDGE('',*,*,#2231,.T.);
#3299=ORIENTED_EDGE('',*,*,#2296,.F.);
#3300=ORIENTED_EDGE('',*,*,#2419,.F.);
#3301=ORIENTED_EDGE('',*,*,#2420,.F.);
#3302=ORIENTED_EDGE('',*,*,#2421,.F.);
#3303=ORIENTED_EDGE('',*,*,#2422,.F.);
#3304=ORIENTED_EDGE('',*,*,#2423,.F.);
#3305=ORIENTED_EDGE('',*,*,#2424,.F.);
#3306=ORIENTED_EDGE('',*,*,#2363,.F.);
#3307=ORIENTED_EDGE('',*,*,#2211,.F.);
#3308=ORIENTED_EDGE('',*,*,#2239,.T.);
#3309=ORIENTED_EDGE('',*,*,#2243,.T.);
#3310=ORIENTED_EDGE('',*,*,#2246,.T.);
#3311=ORIENTED_EDGE('',*,*,#2249,.T.);
#3312=ORIENTED_EDGE('',*,*,#2252,.T.);
#3313=ORIENTED_EDGE('',*,*,#2255,.T.);
#3314=ORIENTED_EDGE('',*,*,#2263,.T.);
#3315=ORIENTED_EDGE('',*,*,#2279,.T.);
#3316=ORIENTED_EDGE('',*,*,#2276,.T.);
#3317=ORIENTED_EDGE('',*,*,#2273,.T.);
#3318=ORIENTED_EDGE('',*,*,#2270,.T.);
#3319=ORIENTED_EDGE('',*,*,#2267,.T.);
#3320=ORIENTED_EDGE('',*,*,#2347,.T.);
#3321=ORIENTED_EDGE('',*,*,#2425,.T.);
#3322=ORIENTED_EDGE('',*,*,#2426,.T.);
#3323=ORIENTED_EDGE('',*,*,#2427,.T.);
#3324=ORIENTED_EDGE('',*,*,#2428,.T.);
#3325=ORIENTED_EDGE('',*,*,#2346,.T.);
#3326=ORIENTED_EDGE('',*,*,#2426,.F.);
#3327=ORIENTED_EDGE('',*,*,#2408,.T.);
#3328=ORIENTED_EDGE('',*,*,#2342,.F.);
#3329=ORIENTED_EDGE('',*,*,#2348,.T.);
#3330=ORIENTED_EDGE('',*,*,#2383,.F.);
#3331=ORIENTED_EDGE('',*,*,#2417,.T.);
#3332=ORIENTED_EDGE('',*,*,#2429,.T.);
#3333=ORIENTED_EDGE('',*,*,#2344,.T.);
#3334=ORIENTED_EDGE('',*,*,#2429,.F.);
#3335=ORIENTED_EDGE('',*,*,#2430,.T.);
#3336=ORIENTED_EDGE('',*,*,#2427,.F.);
#3337=ORIENTED_EDGE('',*,*,#2345,.T.);
#3338=ORIENTED_EDGE('',*,*,#2425,.F.);
#3339=ORIENTED_EDGE('',*,*,#2135,.T.);
#3340=ORIENTED_EDGE('',*,*,#2409,.F.);
#3341=ORIENTED_EDGE('',*,*,#2428,.F.);
#3342=ORIENTED_EDGE('',*,*,#2431,.F.);
#3343=ORIENTED_EDGE('',*,*,#2106,.T.);
#3344=ORIENTED_EDGE('',*,*,#2415,.F.);
#3345=ORIENTED_EDGE('',*,*,#2107,.T.);
#3346=ORIENTED_EDGE('',*,*,#2431,.T.);
#3347=ORIENTED_EDGE('',*,*,#2430,.F.);
#3348=ORIENTED_EDGE('',*,*,#2416,.T.);
#3349=ORIENTED_EDGE('',*,*,#2299,.F.);
#3350=ORIENTED_EDGE('',*,*,#2311,.T.);
#3351=ORIENTED_EDGE('',*,*,#2432,.T.);
#3352=ORIENTED_EDGE('',*,*,#2419,.T.);
#3353=ORIENTED_EDGE('',*,*,#2433,.T.);
#3354=ORIENTED_EDGE('',*,*,#2421,.T.);
#3355=ORIENTED_EDGE('',*,*,#2434,.T.);
#3356=ORIENTED_EDGE('',*,*,#2435,.T.);
#3357=ORIENTED_EDGE('',*,*,#2422,.T.);
#3358=ORIENTED_EDGE('',*,*,#2436,.T.);
#3359=ORIENTED_EDGE('',*,*,#2434,.F.);
#3360=ORIENTED_EDGE('',*,*,#2420,.T.);
#3361=ORIENTED_EDGE('',*,*,#2432,.F.);
#3362=ORIENTED_EDGE('',*,*,#2403,.T.);
#3363=ORIENTED_EDGE('',*,*,#2366,.F.);
#3364=ORIENTED_EDGE('',*,*,#2424,.T.);
#3365=ORIENTED_EDGE('',*,*,#2437,.T.);
#3366=ORIENTED_EDGE('',*,*,#2438,.T.);
#3367=ORIENTED_EDGE('',*,*,#2437,.F.);
#3368=ORIENTED_EDGE('',*,*,#2423,.T.);
#3369=ORIENTED_EDGE('',*,*,#2435,.F.);
#3370=ORIENTED_EDGE('',*,*,#2439,.T.);
#3371=ORIENTED_EDGE('',*,*,#2369,.F.);
#3372=ORIENTED_EDGE('',*,*,#2438,.F.);
#3373=ORIENTED_EDGE('',*,*,#2440,.F.);
#3374=ORIENTED_EDGE('',*,*,#2412,.F.);
#3375=ORIENTED_EDGE('',*,*,#2433,.F.);
#3376=ORIENTED_EDGE('',*,*,#2402,.F.);
#3377=ORIENTED_EDGE('',*,*,#2121,.T.);
#3378=ORIENTED_EDGE('',*,*,#2411,.F.);
#3379=ORIENTED_EDGE('',*,*,#2440,.T.);
#3380=ORIENTED_EDGE('',*,*,#2439,.F.);
#3381=ORIENTED_EDGE('',*,*,#2441,.T.);
#3382=ORIENTED_EDGE('',*,*,#2119,.T.);
#3383=ORIENTED_EDGE('',*,*,#2436,.F.);
#3384=ORIENTED_EDGE('',*,*,#2120,.T.);
#3385=ORIENTED_EDGE('',*,*,#2441,.F.);
#3386=ORIENTED_EDGE('',*,*,#2325,.F.);
#3387=ORIENTED_EDGE('',*,*,#2407,.F.);
#3388=ORIENTED_EDGE('',*,*,#2406,.F.);
#3389=ORIENTED_EDGE('',*,*,#2132,.F.);
#3390=ORIENTED_EDGE('',*,*,#2418,.F.);
#3391=ORIENTED_EDGE('',*,*,#2262,.T.);
#3392=ORIENTED_EDGE('',*,*,#2148,.F.);
#3393=ORIENTED_EDGE('',*,*,#2442,.T.);
#3394=ORIENTED_EDGE('',*,*,#2113,.F.);
#3395=ORIENTED_EDGE('',*,*,#2443,.T.);
#3396=ORIENTED_EDGE('',*,*,#2223,.F.);
#3397=ORIENTED_EDGE('',*,*,#2149,.F.);
#3398=ORIENTED_EDGE('',*,*,#2443,.F.);
#3399=ORIENTED_EDGE('',*,*,#2112,.F.);
#3400=ORIENTED_EDGE('',*,*,#2236,.F.);
#3401=ORIENTED_EDGE('',*,*,#2200,.F.);
#3402=ORIENTED_EDGE('',*,*,#2373,.F.);
#3403=ORIENTED_EDGE('',*,*,#2114,.F.);
#3404=ORIENTED_EDGE('',*,*,#2442,.F.);
#3405=ORIENTED_EDGE('',*,*,#2147,.F.);
#3406=ORIENTED_EDGE('',*,*,#2155,.F.);
#3407=ORIENTED_EDGE('',*,*,#2228,.F.);
#3408=ORIENTED_EDGE('',*,*,#2128,.F.);
#3409=ORIENTED_EDGE('',*,*,#2217,.F.);
#3410=CYLINDRICAL_SURFACE('',#3847,11.45);
#3411=CYLINDRICAL_SURFACE('',#3850,13.45);
#3412=CYLINDRICAL_SURFACE('',#3866,2.4);
#3413=CYLINDRICAL_SURFACE('',#3869,2.4);
#3414=CYLINDRICAL_SURFACE('',#3872,10.);
#3415=CYLINDRICAL_SURFACE('',#3885,10.);
#3416=CYLINDRICAL_SURFACE('',#3888,10.);
#3417=CYLINDRICAL_SURFACE('',#3891,10.);
#3418=CYLINDRICAL_SURFACE('',#3893,10.);
#3419=CYLINDRICAL_SURFACE('',#3895,10.);
#3420=CYLINDRICAL_SURFACE('',#3904,10.);
#3421=CYLINDRICAL_SURFACE('',#3906,10.);
#3422=CYLINDRICAL_SURFACE('',#3907,11.);
#3423=CYLINDRICAL_SURFACE('',#3921,2.);
#3424=CYLINDRICAL_SURFACE('',#3935,2.);
#3425=CYLINDRICAL_SURFACE('',#3941,2.);
#3426=CYLINDRICAL_SURFACE('',#3948,2.);
#3427=CYLINDRICAL_SURFACE('',#3962,2.5);
#3428=CYLINDRICAL_SURFACE('',#3963,16.45);
#3429=CYLINDRICAL_SURFACE('',#3985,13.45);
#3430=CYLINDRICAL_SURFACE('',#3992,0.465);
#3431=CYLINDRICAL_SURFACE('',#3993,0.465);
#3432=CYLINDRICAL_SURFACE('',#3994,13.5);
#3433=CYLINDRICAL_SURFACE('',#4003,4.);
#3434=CYLINDRICAL_SURFACE('',#4004,4.);
#3435=CYLINDRICAL_SURFACE('',#4010,2.);
#3436=CYLINDRICAL_SURFACE('',#4012,2.);
#3437=CYLINDRICAL_SURFACE('',#4019,10.);
#3438=CYLINDRICAL_SURFACE('',#4032,3.);
#3439=CYLINDRICAL_SURFACE('',#4043,3.);
#3440=CYLINDRICAL_SURFACE('',#4055,3.3);
#3441=CYLINDRICAL_SURFACE('',#4057,3.3);
#3442=CYLINDRICAL_SURFACE('',#4068,3.3);
#3443=CYLINDRICAL_SURFACE('',#4071,3.3);
#3444=CYLINDRICAL_SURFACE('',#4077,2.);
#3445=CYLINDRICAL_SURFACE('',#4081,2.);
#3446=CYLINDRICAL_SURFACE('',#4086,2.);
#3447=CYLINDRICAL_SURFACE('',#4091,2.);
#3448=CYLINDRICAL_SURFACE('',#4094,3.);
#3449=CYLINDRICAL_SURFACE('',#4097,3.);
#3450=CYLINDRICAL_SURFACE('',#4102,2.);
#3451=CYLINDRICAL_SURFACE('',#4107,2.);
#3452=CYLINDRICAL_SURFACE('',#4112,2.);
#3453=CYLINDRICAL_SURFACE('',#4117,2.);
#3454=CYLINDRICAL_SURFACE('',#4120,3.);
#3455=CYLINDRICAL_SURFACE('',#4124,2.);
#3456=CYLINDRICAL_SURFACE('',#4130,2.);
#3457=CYLINDRICAL_SURFACE('',#4134,2.);
#3458=CYLINDRICAL_SURFACE('',#4139,2.);
#3459=CYLINDRICAL_SURFACE('',#4144,3.);
#3460=CYLINDRICAL_SURFACE('',#4150,2.);
#3461=CYLINDRICAL_SURFACE('',#4155,2.);
#3462=CYLINDRICAL_SURFACE('',#4160,2.);
#3463=CYLINDRICAL_SURFACE('',#4165,2.);
#3464=CYLINDRICAL_SURFACE('',#4167,3.);
#3465=CYLINDRICAL_SURFACE('',#4172,3.);
#3466=CYLINDRICAL_SURFACE('',#4176,3.);
#3467=CYLINDRICAL_SURFACE('',#4177,3.);
#3468=CYLINDRICAL_SURFACE('',#4181,3.);
#3469=CYLINDRICAL_SURFACE('',#4185,3.);
#3470=CYLINDRICAL_SURFACE('',#4189,3.);
#3471=CYLINDRICAL_SURFACE('',#4193,3.);
#3472=ADVANCED_FACE('',(#574),#3410,.F.);
#3473=ADVANCED_FACE('',(#575),#3411,.T.);
#3474=ADVANCED_FACE('',(#576,#472),#497,.T.);
#3475=ADVANCED_FACE('',(#577,#473),#498,.F.);
#3476=ADVANCED_FACE('',(#578),#3412,.F.);
#3477=ADVANCED_FACE('',(#579),#3413,.F.);
#3478=ADVANCED_FACE('',(#580),#3414,.T.);
#3479=ADVANCED_FACE('',(#581),#499,.T.);
#3480=ADVANCED_FACE('',(#582,#474,#475,#476),#500,.F.);
#3481=ADVANCED_FACE('',(#583),#3415,.T.);
#3482=ADVANCED_FACE('',(#584),#501,.F.);
#3483=ADVANCED_FACE('',(#585),#3416,.F.);
#3484=ADVANCED_FACE('',(#586),#502,.F.);
#3485=ADVANCED_FACE('',(#587),#3417,.T.);
#3486=ADVANCED_FACE('',(#588),#3418,.F.);
#3487=ADVANCED_FACE('',(#589),#3419,.T.);
#3488=ADVANCED_FACE('',(#590),#503,.F.);
#3489=ADVANCED_FACE('',(#591),#504,.F.);
#3490=ADVANCED_FACE('',(#592,#477,#478,#479),#505,.T.);
#3491=ADVANCED_FACE('',(#593),#506,.T.);
#3492=ADVANCED_FACE('',(#594),#3420,.T.);
#3493=ADVANCED_FACE('',(#595),#507,.T.);
#3494=ADVANCED_FACE('',(#596),#3421,.T.);
#3495=ADVANCED_FACE('',(#597),#3422,.F.);
#3496=ADVANCED_FACE('',(#598),#508,.T.);
#3497=ADVANCED_FACE('',(#599),#3423,.T.);
#3498=ADVANCED_FACE('',(#600,#480),#509,.T.);
#3499=ADVANCED_FACE('',(#601),#510,.T.);
#3500=ADVANCED_FACE('',(#602),#3424,.T.);
#3501=ADVANCED_FACE('',(#603,#481),#511,.F.);
#3502=ADVANCED_FACE('',(#604),#3425,.T.);
#3503=ADVANCED_FACE('',(#605),#512,.T.);
#3504=ADVANCED_FACE('',(#606,#482),#513,.F.);
#3505=ADVANCED_FACE('',(#607),#3426,.T.);
#3506=ADVANCED_FACE('',(#608),#514,.F.);
#3507=ADVANCED_FACE('',(#609),#515,.T.);
#3508=ADVANCED_FACE('',(#610),#516,.T.);
#3509=ADVANCED_FACE('',(#611),#517,.T.);
#3510=ADVANCED_FACE('',(#612),#518,.T.);
#3511=ADVANCED_FACE('',(#613),#519,.T.);
#3512=ADVANCED_FACE('',(#614),#520,.T.);
#3513=ADVANCED_FACE('',(#615),#521,.F.);
#3514=ADVANCED_FACE('',(#616),#522,.F.);
#3515=ADVANCED_FACE('',(#617),#523,.F.);
#3516=ADVANCED_FACE('',(#618),#3427,.F.);
#3517=ADVANCED_FACE('',(#619),#3428,.T.);
#3518=ADVANCED_FACE('',(#620),#138,.T.);
#3519=ADVANCED_FACE('',(#621),#139,.F.);
#3520=ADVANCED_FACE('',(#622,#483),#524,.F.);
#3521=ADVANCED_FACE('',(#623),#3429,.F.);
#3522=ADVANCED_FACE('',(#624),#3430,.F.);
#3523=ADVANCED_FACE('',(#625),#3431,.F.);
#3524=ADVANCED_FACE('',(#626),#3432,.T.);
#3525=ADVANCED_FACE('',(#627),#140,.F.);
#3526=ADVANCED_FACE('',(#628),#141,.F.);
#3527=ADVANCED_FACE('',(#629),#3433,.F.);
#3528=ADVANCED_FACE('',(#630),#3434,.F.);
#3529=ADVANCED_FACE('',(#631),#525,.F.);
#3530=ADVANCED_FACE('',(#632),#526,.F.);
#3531=ADVANCED_FACE('',(#633),#527,.F.);
#3532=ADVANCED_FACE('',(#634,#484),#528,.T.);
#3533=ADVANCED_FACE('',(#635),#3435,.F.);
#3534=ADVANCED_FACE('',(#636),#3436,.F.);
#3535=ADVANCED_FACE('',(#637),#529,.F.);
#3536=ADVANCED_FACE('',(#638,#485),#530,.T.);
#3537=ADVANCED_FACE('',(#639),#531,.T.);
#3538=ADVANCED_FACE('',(#640),#133,.F.);
#3539=ADVANCED_FACE('',(#641),#3437,.F.);
#3540=ADVANCED_FACE('',(#642),#532,.F.);
#3541=ADVANCED_FACE('',(#643,#486),#533,.T.);
#3542=ADVANCED_FACE('',(#644),#142,.F.);
#3543=ADVANCED_FACE('',(#645),#534,.F.);
#3544=ADVANCED_FACE('',(#646),#535,.T.);
#3545=ADVANCED_FACE('',(#647),#134,.F.);
#3546=ADVANCED_FACE('',(#648),#107,.T.);
#3547=ADVANCED_FACE('',(#649),#135,.F.);
#3548=ADVANCED_FACE('',(#650),#108,.T.);
#3549=ADVANCED_FACE('',(#651),#3438,.T.);
#3550=ADVANCED_FACE('',(#652),#536,.F.);
#3551=ADVANCED_FACE('',(#653),#537,.F.);
#3552=ADVANCED_FACE('',(#654),#136,.F.);
#3553=ADVANCED_FACE('',(#655),#109,.T.);
#3554=ADVANCED_FACE('',(#656),#137,.F.);
#3555=ADVANCED_FACE('',(#657),#110,.T.);
#3556=ADVANCED_FACE('',(#658),#538,.F.);
#3557=ADVANCED_FACE('',(#659),#539,.F.);
#3558=ADVANCED_FACE('',(#660),#3439,.T.);
#3559=ADVANCED_FACE('',(#661),#540,.F.);
#3560=ADVANCED_FACE('',(#662),#541,.T.);
#3561=ADVANCED_FACE('',(#663),#542,.T.);
#3562=ADVANCED_FACE('',(#664),#543,.T.);
#3563=ADVANCED_FACE('',(#665),#544,.T.);
#3564=ADVANCED_FACE('',(#666),#545,.T.);
#3565=ADVANCED_FACE('',(#667),#546,.T.);
#3566=ADVANCED_FACE('',(#668,#487),#547,.F.);
#3567=ADVANCED_FACE('',(#669),#3440,.F.);
#3568=ADVANCED_FACE('',(#670),#3441,.F.);
#3569=ADVANCED_FACE('',(#671),#548,.F.);
#3570=ADVANCED_FACE('',(#672),#549,.F.);
#3571=ADVANCED_FACE('',(#673),#550,.F.);
#3572=ADVANCED_FACE('',(#674),#551,.F.);
#3573=ADVANCED_FACE('',(#675),#552,.F.);
#3574=ADVANCED_FACE('',(#676),#553,.F.);
#3575=ADVANCED_FACE('',(#677,#488),#554,.T.);
#3576=ADVANCED_FACE('',(#678),#3442,.F.);
#3577=ADVANCED_FACE('',(#679),#3443,.F.);
#3578=ADVANCED_FACE('',(#680),#91,.F.);
#3579=ADVANCED_FACE('',(#681),#3444,.T.);
#3580=ADVANCED_FACE('',(#682),#92,.F.);
#3581=ADVANCED_FACE('',(#683),#3445,.T.);
#3582=ADVANCED_FACE('',(#684),#93,.F.);
#3583=ADVANCED_FACE('',(#685),#3446,.T.);
#3584=ADVANCED_FACE('',(#686),#94,.F.);
#3585=ADVANCED_FACE('',(#687),#3447,.T.);
#3586=ADVANCED_FACE('',(#688),#555,.F.);
#3587=ADVANCED_FACE('',(#689),#3448,.T.);
#3588=ADVANCED_FACE('',(#690,#489),#556,.T.);
#3589=ADVANCED_FACE('',(#691),#3449,.T.);
#3590=ADVANCED_FACE('',(#692),#557,.T.);
#3591=ADVANCED_FACE('',(#693),#95,.F.);
#3592=ADVANCED_FACE('',(#694),#3450,.T.);
#3593=ADVANCED_FACE('',(#695),#96,.F.);
#3594=ADVANCED_FACE('',(#696),#3451,.T.);
#3595=ADVANCED_FACE('',(#697),#97,.F.);
#3596=ADVANCED_FACE('',(#698),#3452,.T.);
#3597=ADVANCED_FACE('',(#699),#98,.F.);
#3598=ADVANCED_FACE('',(#700),#3453,.T.);
#3599=ADVANCED_FACE('',(#701),#558,.T.);
#3600=ADVANCED_FACE('',(#702),#3454,.T.);
#3601=ADVANCED_FACE('',(#703,#490,#491),#559,.F.);
#3602=ADVANCED_FACE('',(#704),#560,.F.);
#3603=ADVANCED_FACE('',(#705),#3455,.T.);
#3604=ADVANCED_FACE('',(#706),#99,.F.);
#3605=ADVANCED_FACE('',(#707),#3456,.T.);
#3606=ADVANCED_FACE('',(#708),#100,.F.);
#3607=ADVANCED_FACE('',(#709),#3457,.T.);
#3608=ADVANCED_FACE('',(#710),#101,.F.);
#3609=ADVANCED_FACE('',(#711),#3458,.T.);
#3610=ADVANCED_FACE('',(#712),#102,.F.);
#3611=ADVANCED_FACE('',(#713),#561,.F.);
#3612=ADVANCED_FACE('',(#714),#3459,.T.);
#3613=ADVANCED_FACE('',(#715,#492),#562,.T.);
#3614=ADVANCED_FACE('',(#716),#563,.T.);
#3615=ADVANCED_FACE('',(#717),#103,.F.);
#3616=ADVANCED_FACE('',(#718),#3460,.T.);
#3617=ADVANCED_FACE('',(#719),#104,.F.);
#3618=ADVANCED_FACE('',(#720),#3461,.T.);
#3619=ADVANCED_FACE('',(#721),#105,.F.);
#3620=ADVANCED_FACE('',(#722),#3462,.T.);
#3621=ADVANCED_FACE('',(#723),#106,.F.);
#3622=ADVANCED_FACE('',(#724),#3463,.T.);
#3623=ADVANCED_FACE('',(#725,#493),#564,.F.);
#3624=ADVANCED_FACE('',(#726),#3464,.T.);
#3625=ADVANCED_FACE('',(#727),#565,.F.);
#3626=ADVANCED_FACE('',(#728),#111,.F.);
#3627=ADVANCED_FACE('',(#729),#143,.F.);
#3628=ADVANCED_FACE('',(#730),#112,.F.);
#3629=ADVANCED_FACE('',(#731),#3465,.T.);
#3630=ADVANCED_FACE('',(#732),#144,.F.);
#3631=ADVANCED_FACE('',(#733),#113,.F.);
#3632=ADVANCED_FACE('',(#734),#3466,.T.);
#3633=ADVANCED_FACE('',(#735),#3467,.T.);
#3634=ADVANCED_FACE('',(#736),#114,.F.);
#3635=ADVANCED_FACE('',(#737),#566,.T.);
#3636=ADVANCED_FACE('',(#738),#3468,.T.);
#3637=ADVANCED_FACE('',(#739,#494,#495),#567,.T.);
#3638=ADVANCED_FACE('',(#740),#115,.F.);
#3639=ADVANCED_FACE('',(#741),#116,.F.);
#3640=ADVANCED_FACE('',(#742),#117,.F.);
#3641=ADVANCED_FACE('',(#743),#3469,.T.);
#3642=ADVANCED_FACE('',(#744),#118,.F.);
#3643=ADVANCED_FACE('',(#745),#119,.T.);
#3644=ADVANCED_FACE('',(#746),#120,.T.);
#3645=ADVANCED_FACE('',(#747),#145,.F.);
#3646=ADVANCED_FACE('',(#748),#3470,.T.);
#3647=ADVANCED_FACE('',(#749),#121,.F.);
#3648=ADVANCED_FACE('',(#750),#122,.F.);
#3649=ADVANCED_FACE('',(#751),#123,.F.);
#3650=ADVANCED_FACE('',(#752),#3471,.T.);
#3651=ADVANCED_FACE('',(#753),#124,.F.);
#3652=ADVANCED_FACE('',(#754),#568,.F.);
#3653=ADVANCED_FACE('',(#755),#125,.T.);
#3654=ADVANCED_FACE('',(#756),#146,.F.);
#3655=ADVANCED_FACE('',(#757),#126,.T.);
#3656=ADVANCED_FACE('',(#758,#496),#569,.F.);
#3657=ADVANCED_FACE('',(#759),#570,.F.);
#3658=ADVANCED_FACE('',(#760),#571,.T.);
#3659=ADVANCED_FACE('',(#761),#572,.T.);
#3660=ADVANCED_FACE('',(#762),#573,.T.);
#3661=CLOSED_SHELL('',(#3472,#3473,#3474,#3475));
#3662=CLOSED_SHELL('',(#3476,#3477,#3478,#3479,#3480,#3481,#3482,#3483,
#3484,#3485,#3486,#3487,#3488,#3489,#3490,#3491,#3492,#3493,#3494,#3495,
#3496));
#3663=CLOSED_SHELL('',(#3497,#3498,#3499,#3500,#3501,#3502,#3503,#3504,
#3505,#3506,#3507,#3508,#3509,#3510,#3511,#3512,#3513,#3514,#3515,#3516,
#3517,#3518,#3519,#3520,#3521,#3522,#3523,#3524,#3525,#3526,#3527,#3528,
#3529,#3530,#3531,#3532,#3533,#3534,#3535,#3536,#3537,#3538,#3539,#3540,
#3541,#3542,#3543,#3544,#3545,#3546,#3547,#3548,#3549,#3550,#3551,#3552,
#3553,#3554,#3555,#3556,#3557,#3558,#3559,#3560,#3561,#3562,#3563,#3564,
#3565,#3566,#3567,#3568,#3569,#3570,#3571,#3572,#3573,#3574,#3575,#3576,
#3577,#3578,#3579,#3580,#3581,#3582,#3583,#3584,#3585,#3586,#3587,#3588,
#3589,#3590,#3591,#3592,#3593,#3594,#3595,#3596,#3597,#3598,#3599,#3600,
#3601,#3602,#3603,#3604,#3605,#3606,#3607,#3608,#3609,#3610,#3611,#3612,
#3613,#3614,#3615,#3616,#3617,#3618,#3619,#3620,#3621,#3622,#3623,#3624,
#3625,#3626,#3627,#3628,#3629,#3630,#3631,#3632,#3633,#3634,#3635,#3636,
#3637,#3638,#3639,#3640,#3641,#3642,#3643,#3644,#3645,#3646,#3647,#3648,
#3649,#3650,#3651,#3652,#3653,#3654,#3655,#3656,#3657,#3658,#3659,#3660));
#3664=DERIVED_UNIT_ELEMENT(#3671,1.);
#3665=DERIVED_UNIT_ELEMENT(#7875,-3.);
#3666=DERIVED_UNIT_ELEMENT(#3671,1.);
#3667=DERIVED_UNIT_ELEMENT(#7875,-3.);
#3668=DERIVED_UNIT_ELEMENT(#3671,1.);
#3669=DERIVED_UNIT_ELEMENT(#7875,-3.);
#3670=DIMENSIONAL_EXPONENTS(0.,1.,0.,0.,0.,0.,0.);
#3671=(
CONVERSION_BASED_UNIT('gram',#3673)
MASS_UNIT()
NAMED_UNIT(#3670)
);
#3672=(
MASS_UNIT()
NAMED_UNIT(*)
SI_UNIT(.KILO.,.GRAM.)
);
#3673=MASS_MEASURE_WITH_UNIT(MASS_MEASURE(0.001),#3672);
#3674=DERIVED_UNIT((#3664,#3665));
#3675=DERIVED_UNIT((#3666,#3667));
#3676=DERIVED_UNIT((#3668,#3669));
#3677=MEASURE_REPRESENTATION_ITEM('density measure',
POSITIVE_RATIO_MEASURE(7.75),#3674);
#3678=MEASURE_REPRESENTATION_ITEM('density measure',
POSITIVE_RATIO_MEASURE(8.),#3675);
#3679=MEASURE_REPRESENTATION_ITEM('density measure',
POSITIVE_RATIO_MEASURE(1.),#3676);
#3680=PROPERTY_DEFINITION_REPRESENTATION(#3695,#3686);
#3681=PROPERTY_DEFINITION_REPRESENTATION(#3696,#3687);
#3682=PROPERTY_DEFINITION_REPRESENTATION(#3697,#3688);
#3683=PROPERTY_DEFINITION_REPRESENTATION(#3698,#3689);
#3684=PROPERTY_DEFINITION_REPRESENTATION(#3699,#3690);
#3685=PROPERTY_DEFINITION_REPRESENTATION(#3700,#3691);
#3686=REPRESENTATION('material name',(#3692),#7870);
#3687=REPRESENTATION('density',(#3677),#7870);
#3688=REPRESENTATION('material name',(#3693),#7871);
#3689=REPRESENTATION('density',(#3678),#7871);
#3690=REPRESENTATION('material name',(#3694),#7872);
#3691=REPRESENTATION('density',(#3679),#7872);
#3692=DESCRIPTIVE_REPRESENTATION_ITEM('Stainless Steel, 440C',
'Stainless Steel, 440C');
#3693=DESCRIPTIVE_REPRESENTATION_ITEM('Stainless Steel, Austenitic',
'Stainless Steel, Austenitic');
#3694=DESCRIPTIVE_REPRESENTATION_ITEM('Generic','Generic');
#3695=PROPERTY_DEFINITION('material property','material name',#7895);
#3696=PROPERTY_DEFINITION('material property','density of part',#7895);
#3697=PROPERTY_DEFINITION('material property','material name',#7896);
#3698=PROPERTY_DEFINITION('material property','density of part',#7896);
#3699=PROPERTY_DEFINITION('material property','material name',#7897);
#3700=PROPERTY_DEFINITION('material property','density of part',#7897);
#3701=PRESENTATION_STYLE_ASSIGNMENT((#3787));
#3702=PRESENTATION_STYLE_ASSIGNMENT((#3788));
#3703=PRESENTATION_STYLE_ASSIGNMENT((#3789));
#3704=PRESENTATION_STYLE_ASSIGNMENT((NULL_STYLE(.NULL.)));
#3705=PRESENTATION_STYLE_ASSIGNMENT((NULL_STYLE(.NULL.)));
#3706=PRESENTATION_STYLE_ASSIGNMENT((NULL_STYLE(.NULL.)));
#3707=PRESENTATION_STYLE_ASSIGNMENT((NULL_STYLE(.NULL.)));
#3708=PRESENTATION_STYLE_ASSIGNMENT((NULL_STYLE(.NULL.)));
#3709=PRESENTATION_STYLE_ASSIGNMENT((NULL_STYLE(.NULL.)));
#3710=PRESENTATION_STYLE_ASSIGNMENT((NULL_STYLE(.NULL.)));
#3711=PRESENTATION_STYLE_ASSIGNMENT((NULL_STYLE(.NULL.)));
#3712=PRESENTATION_STYLE_ASSIGNMENT((NULL_STYLE(.NULL.)));
#3713=PRESENTATION_STYLE_ASSIGNMENT((NULL_STYLE(.NULL.)));
#3714=PRESENTATION_STYLE_ASSIGNMENT((NULL_STYLE(.NULL.)));
#3715=PRESENTATION_STYLE_ASSIGNMENT((NULL_STYLE(.NULL.)));
#3716=PRESENTATION_STYLE_ASSIGNMENT((NULL_STYLE(.NULL.)));
#3717=PRESENTATION_STYLE_ASSIGNMENT((NULL_STYLE(.NULL.)));
#3718=PRESENTATION_STYLE_ASSIGNMENT((NULL_STYLE(.NULL.)));
#3719=PRESENTATION_STYLE_ASSIGNMENT((#3790));
#3720=PRESENTATION_STYLE_ASSIGNMENT((#3791));
#3721=PRESENTATION_STYLE_ASSIGNMENT((NULL_STYLE(.NULL.)));
#3722=PRESENTATION_STYLE_ASSIGNMENT((NULL_STYLE(.NULL.)));
#3723=PRESENTATION_STYLE_ASSIGNMENT((NULL_STYLE(.NULL.)));
#3724=PRESENTATION_STYLE_ASSIGNMENT((NULL_STYLE(.NULL.)));
#3725=PRESENTATION_STYLE_ASSIGNMENT((NULL_STYLE(.NULL.)));
#3726=PRESENTATION_STYLE_ASSIGNMENT((NULL_STYLE(.NULL.)));
#3727=PRESENTATION_STYLE_ASSIGNMENT((NULL_STYLE(.NULL.)));
#3728=PRESENTATION_STYLE_ASSIGNMENT((NULL_STYLE(.NULL.)));
#3729=PRESENTATION_STYLE_ASSIGNMENT((NULL_STYLE(.NULL.)));
#3730=PRESENTATION_STYLE_ASSIGNMENT((NULL_STYLE(.NULL.)));
#3731=PRESENTATION_STYLE_ASSIGNMENT((NULL_STYLE(.NULL.)));
#3732=PRESENTATION_STYLE_ASSIGNMENT((NULL_STYLE(.NULL.)));
#3733=PRESENTATION_STYLE_ASSIGNMENT((NULL_STYLE(.NULL.)));
#3734=PRESENTATION_STYLE_ASSIGNMENT((NULL_STYLE(.NULL.)));
#3735=PRESENTATION_STYLE_ASSIGNMENT((NULL_STYLE(.NULL.)));
#3736=PRESENTATION_STYLE_ASSIGNMENT((NULL_STYLE(.NULL.)));
#3737=PRESENTATION_STYLE_ASSIGNMENT((NULL_STYLE(.NULL.)));
#3738=PRESENTATION_STYLE_ASSIGNMENT((NULL_STYLE(.NULL.)));
#3739=PRESENTATION_STYLE_ASSIGNMENT((NULL_STYLE(.NULL.)));
#3740=PRESENTATION_STYLE_ASSIGNMENT((NULL_STYLE(.NULL.)));
#3741=PRESENTATION_STYLE_ASSIGNMENT((NULL_STYLE(.NULL.)));
#3742=PRESENTATION_STYLE_ASSIGNMENT((NULL_STYLE(.NULL.)));
#3743=PRESENTATION_STYLE_ASSIGNMENT((NULL_STYLE(.NULL.)));
#3744=PRESENTATION_STYLE_ASSIGNMENT((NULL_STYLE(.NULL.)));
#3745=PRESENTATION_STYLE_ASSIGNMENT((NULL_STYLE(.NULL.)));
#3746=PRESENTATION_STYLE_ASSIGNMENT((NULL_STYLE(.NULL.)));
#3747=PRESENTATION_STYLE_ASSIGNMENT((NULL_STYLE(.NULL.)));
#3748=PRESENTATION_STYLE_ASSIGNMENT((NULL_STYLE(.NULL.)));
#3749=PRESENTATION_STYLE_ASSIGNMENT((NULL_STYLE(.NULL.)));
#3750=PRESENTATION_STYLE_ASSIGNMENT((NULL_STYLE(.NULL.)));
#3751=PRESENTATION_STYLE_ASSIGNMENT((NULL_STYLE(.NULL.)));
#3752=PRESENTATION_STYLE_ASSIGNMENT((NULL_STYLE(.NULL.)));
#3753=PRESENTATION_STYLE_ASSIGNMENT((NULL_STYLE(.NULL.)));
#3754=PRESENTATION_STYLE_ASSIGNMENT((NULL_STYLE(.NULL.)));
#3755=PRESENTATION_STYLE_ASSIGNMENT((NULL_STYLE(.NULL.)));
#3756=PRESENTATION_STYLE_ASSIGNMENT((NULL_STYLE(.NULL.)));
#3757=PRESENTATION_STYLE_ASSIGNMENT((NULL_STYLE(.NULL.)));
#3758=PRESENTATION_STYLE_ASSIGNMENT((NULL_STYLE(.NULL.)));
#3759=PRESENTATION_STYLE_ASSIGNMENT((NULL_STYLE(.NULL.)));
#3760=PRESENTATION_STYLE_ASSIGNMENT((NULL_STYLE(.NULL.)));
#3761=PRESENTATION_STYLE_ASSIGNMENT((NULL_STYLE(.NULL.)));
#3762=PRESENTATION_STYLE_ASSIGNMENT((NULL_STYLE(.NULL.)));
#3763=PRESENTATION_STYLE_ASSIGNMENT((NULL_STYLE(.NULL.)));
#3764=PRESENTATION_STYLE_ASSIGNMENT((NULL_STYLE(.NULL.)));
#3765=PRESENTATION_STYLE_ASSIGNMENT((NULL_STYLE(.NULL.)));
#3766=PRESENTATION_STYLE_ASSIGNMENT((NULL_STYLE(.NULL.)));
#3767=PRESENTATION_STYLE_ASSIGNMENT((NULL_STYLE(.NULL.)));
#3768=PRESENTATION_STYLE_ASSIGNMENT((NULL_STYLE(.NULL.)));
#3769=PRESENTATION_STYLE_ASSIGNMENT((NULL_STYLE(.NULL.)));
#3770=PRESENTATION_STYLE_ASSIGNMENT((NULL_STYLE(.NULL.)));
#3771=PRESENTATION_STYLE_ASSIGNMENT((NULL_STYLE(.NULL.)));
#3772=PRESENTATION_STYLE_ASSIGNMENT((NULL_STYLE(.NULL.)));
#3773=PRESENTATION_STYLE_ASSIGNMENT((NULL_STYLE(.NULL.)));
#3774=PRESENTATION_STYLE_ASSIGNMENT((NULL_STYLE(.NULL.)));
#3775=PRESENTATION_STYLE_ASSIGNMENT((NULL_STYLE(.NULL.)));
#3776=PRESENTATION_STYLE_ASSIGNMENT((NULL_STYLE(.NULL.)));
#3777=PRESENTATION_STYLE_ASSIGNMENT((NULL_STYLE(.NULL.)));
#3778=PRESENTATION_STYLE_ASSIGNMENT((NULL_STYLE(.NULL.)));
#3779=PRESENTATION_STYLE_ASSIGNMENT((NULL_STYLE(.NULL.)));
#3780=PRESENTATION_STYLE_ASSIGNMENT((NULL_STYLE(.NULL.)));
#3781=PRESENTATION_STYLE_ASSIGNMENT((NULL_STYLE(.NULL.)));
#3782=PRESENTATION_STYLE_ASSIGNMENT((NULL_STYLE(.NULL.)));
#3783=PRESENTATION_STYLE_ASSIGNMENT((NULL_STYLE(.NULL.)));
#3784=PRESENTATION_STYLE_ASSIGNMENT((NULL_STYLE(.NULL.)));
#3785=PRESENTATION_STYLE_ASSIGNMENT((NULL_STYLE(.NULL.)));
#3786=PRESENTATION_STYLE_ASSIGNMENT((NULL_STYLE(.NULL.)));
#3787=SURFACE_STYLE_USAGE(.BOTH.,#3796);
#3788=SURFACE_STYLE_USAGE(.BOTH.,#3797);
#3789=SURFACE_STYLE_USAGE(.BOTH.,#3798);
#3790=SURFACE_STYLE_USAGE(.BOTH.,#3799);
#3791=SURFACE_STYLE_USAGE(.BOTH.,#3800);
#3792=SURFACE_STYLE_RENDERING_WITH_PROPERTIES($,#3816,(#3794));
#3793=SURFACE_STYLE_RENDERING_WITH_PROPERTIES($,#3819,(#3795));
#3794=SURFACE_STYLE_TRANSPARENT(0.);
#3795=SURFACE_STYLE_TRANSPARENT(0.);
#3796=SURFACE_SIDE_STYLE('',(#3801,#3792));
#3797=SURFACE_SIDE_STYLE('',(#3802));
#3798=SURFACE_SIDE_STYLE('',(#3803));
#3799=SURFACE_SIDE_STYLE('',(#3804,#3793));
#3800=SURFACE_SIDE_STYLE('',(#3805));
#3801=SURFACE_STYLE_FILL_AREA(#3806);
#3802=SURFACE_STYLE_FILL_AREA(#3807);
#3803=SURFACE_STYLE_FILL_AREA(#3808);
#3804=SURFACE_STYLE_FILL_AREA(#3809);
#3805=SURFACE_STYLE_FILL_AREA(#3810);
#3806=FILL_AREA_STYLE('',(#3811));
#3807=FILL_AREA_STYLE('',(#3812));
#3808=FILL_AREA_STYLE('',(#3813));
#3809=FILL_AREA_STYLE('',(#3814));
#3810=FILL_AREA_STYLE('',(#3815));
#3811=FILL_AREA_STYLE_COLOUR('',#3816);
#3812=FILL_AREA_STYLE_COLOUR('',#3817);
#3813=FILL_AREA_STYLE_COLOUR('',#3818);
#3814=FILL_AREA_STYLE_COLOUR('',#3819);
#3815=FILL_AREA_STYLE_COLOUR('',#3820);
#3816=COLOUR_RGB('',0.745098039215686,0.737254901960784,0.729411764705882);
#3817=COLOUR_RGB('',0.913725490196078,0.913725490196078,0.);
#3818=COLOUR_RGB('',1.,1.,1.);
#3819=COLOUR_RGB('',0.749019607843137,0.749019607843137,0.749019607843137);
#3820=COLOUR_RGB('',1.,0.,1.);
#3821=DATE_TIME_ROLE('creation_date');
#3822=DATE_TIME_ROLE('creation_date');
#3823=DATE_TIME_ROLE('creation_date');
#3824=DATE_TIME_ROLE('creation_date');
#3825=APPLIED_DATE_AND_TIME_ASSIGNMENT(#3829,#3821,(#7894));
#3826=APPLIED_DATE_AND_TIME_ASSIGNMENT(#3830,#3822,(#7895));
#3827=APPLIED_DATE_AND_TIME_ASSIGNMENT(#3831,#3823,(#7896));
#3828=APPLIED_DATE_AND_TIME_ASSIGNMENT(#3832,#3824,(#7897));
#3829=DATE_AND_TIME(#3833,#3837);
#3830=DATE_AND_TIME(#3834,#3838);
#3831=DATE_AND_TIME(#3835,#3839);
#3832=DATE_AND_TIME(#3836,#3840);
#3833=CALENDAR_DATE(2025,30,5);
#3834=CALENDAR_DATE(2025,30,5);
#3835=CALENDAR_DATE(2025,30,5);
#3836=CALENDAR_DATE(2025,30,5);
#3837=LOCAL_TIME(0,0,0.,#3841);
#3838=LOCAL_TIME(0,0,0.,#3842);
#3839=LOCAL_TIME(0,0,0.,#3843);
#3840=LOCAL_TIME(0,0,0.,#3844);
#3841=COORDINATED_UNIVERSAL_TIME_OFFSET(0,0,.BEHIND.);
#3842=COORDINATED_UNIVERSAL_TIME_OFFSET(0,0,.BEHIND.);
#3843=COORDINATED_UNIVERSAL_TIME_OFFSET(0,0,.BEHIND.);
#3844=COORDINATED_UNIVERSAL_TIME_OFFSET(0,0,.BEHIND.);
#3845=AXIS2_PLACEMENT_3D('',#5296,#4249,#4250);
#3846=AXIS2_PLACEMENT_3D('',#5297,#4251,#4252);
#3847=AXIS2_PLACEMENT_3D('',#5298,#4253,#4254);
#3848=AXIS2_PLACEMENT_3D('',#5300,#4255,#4256);
#3849=AXIS2_PLACEMENT_3D('',#5303,#4258,#4259);
#3850=AXIS2_PLACEMENT_3D('',#5304,#4260,#4261);
#3851=AXIS2_PLACEMENT_3D('',#5306,#4262,#4263);
#3852=AXIS2_PLACEMENT_3D('',#5309,#4265,#4266);
#3853=AXIS2_PLACEMENT_3D('',#5310,#4267,#4268);
#3854=AXIS2_PLACEMENT_3D('',#5311,#4269,#4270);
#3855=AXIS2_PLACEMENT_3D('',#5312,#4271,#4272);
#3856=AXIS2_PLACEMENT_3D('',#5313,#4273,#4274);
#3857=AXIS2_PLACEMENT_3D('view reference',#5315,#4275,#4276);
#3858=AXIS2_PLACEMENT_3D('view window',#5316,#4277,#4278);
#3859=AXIS2_PLACEMENT_3D('view reference',#5318,#4279,#4280);
#3860=AXIS2_PLACEMENT_3D('view window',#5319,#4281,#4282);
#3861=AXIS2_PLACEMENT_3D('view reference',#5321,#4283,#4284);
#3862=AXIS2_PLACEMENT_3D('view window',#5322,#4285,#4286);
#3863=AXIS2_PLACEMENT_3D('view reference',#5324,#4287,#4288);
#3864=AXIS2_PLACEMENT_3D('view window',#5325,#4289,#4290);
#3865=AXIS2_PLACEMENT_3D('',#5327,#4291,#4292);
#3866=AXIS2_PLACEMENT_3D('',#5328,#4293,#4294);
#3867=AXIS2_PLACEMENT_3D('',#5330,#4295,#4296);
#3868=AXIS2_PLACEMENT_3D('',#5333,#4298,#4299);
#3869=AXIS2_PLACEMENT_3D('',#5334,#4300,#4301);
#3870=AXIS2_PLACEMENT_3D('',#5336,#4302,#4303);
#3871=AXIS2_PLACEMENT_3D('',#5339,#4305,#4306);
#3872=AXIS2_PLACEMENT_3D('',#5340,#4307,#4308);
#3873=AXIS2_PLACEMENT_3D('',#5343,#4309,#4310);
#3874=AXIS2_PLACEMENT_3D('',#5347,#4312,#4313);
#3875=AXIS2_PLACEMENT_3D('',#5349,#4315,#4316);
#3876=AXIS2_PLACEMENT_3D('',#5355,#4320,#4321);
#3877=AXIS2_PLACEMENT_3D('',#5359,#4323,#4324);
#3878=AXIS2_PLACEMENT_3D('',#5363,#4326,#4327);
#3879=AXIS2_PLACEMENT_3D('',#5367,#4329,#4330);
#3880=AXIS2_PLACEMENT_3D('',#5371,#4332,#4333);
#3881=AXIS2_PLACEMENT_3D('',#5375,#4335,#4336);
#3882=AXIS2_PLACEMENT_3D('',#5379,#4338,#4339);
#3883=AXIS2_PLACEMENT_3D('',#5382,#4341,#4342);
#3884=AXIS2_PLACEMENT_3D('',#5384,#4343,#4344);
#3885=AXIS2_PLACEMENT_3D('',#5385,#4345,#4346);
#3886=AXIS2_PLACEMENT_3D('',#5387,#4347,#4348);
#3887=AXIS2_PLACEMENT_3D('',#5389,#4350,#4351);
#3888=AXIS2_PLACEMENT_3D('',#5393,#4354,#4355);
#3889=AXIS2_PLACEMENT_3D('',#5396,#4356,#4357);
#3890=AXIS2_PLACEMENT_3D('',#5399,#4360,#4361);
#3891=AXIS2_PLACEMENT_3D('',#5403,#4364,#4365);
#3892=AXIS2_PLACEMENT_3D('',#5405,#4366,#4367);
#3893=AXIS2_PLACEMENT_3D('',#5407,#4369,#4370);
#3894=AXIS2_PLACEMENT_3D('',#5409,#4371,#4372);
#3895=AXIS2_PLACEMENT_3D('',#5411,#4374,#4375);
#3896=AXIS2_PLACEMENT_3D('',#5415,#4377,#4378);
#3897=AXIS2_PLACEMENT_3D('',#5417,#4380,#4381);
#3898=AXIS2_PLACEMENT_3D('',#5419,#4383,#4384);
#3899=AXIS2_PLACEMENT_3D('',#5421,#4386,#4387);
#3900=AXIS2_PLACEMENT_3D('',#5425,#4389,#4390);
#3901=AXIS2_PLACEMENT_3D('',#5429,#4392,#4393);
#3902=AXIS2_PLACEMENT_3D('',#5432,#4395,#4396);
#3903=AXIS2_PLACEMENT_3D('',#5433,#4397,#4398);
#3904=AXIS2_PLACEMENT_3D('',#5435,#4400,#4401);
#3905=AXIS2_PLACEMENT_3D('',#5438,#4404,#4405);
#3906=AXIS2_PLACEMENT_3D('',#5439,#4406,#4407);
#3907=AXIS2_PLACEMENT_3D('',#5441,#4409,#4410);
#3908=AXIS2_PLACEMENT_3D('',#5443,#4412,#4413);
#3909=AXIS2_PLACEMENT_3D('',#5456,#4414,#4415);
#3910=AXIS2_PLACEMENT_3D('',#5476,#4416,#4417);
#3911=AXIS2_PLACEMENT_3D('',#5477,#4418,#4419);
#3912=AXIS2_PLACEMENT_3D('view reference',#5481,#4420,#4421);
#3913=AXIS2_PLACEMENT_3D('view window',#5482,#4422,#4423);
#3914=AXIS2_PLACEMENT_3D('view reference',#5484,#4424,#4425);
#3915=AXIS2_PLACEMENT_3D('view window',#5485,#4426,#4427);
#3916=AXIS2_PLACEMENT_3D('view reference',#5487,#4428,#4429);
#3917=AXIS2_PLACEMENT_3D('view window',#5488,#4430,#4431);
#3918=AXIS2_PLACEMENT_3D('view reference',#5490,#4432,#4433);
#3919=AXIS2_PLACEMENT_3D('view window',#5491,#4434,#4435);
#3920=AXIS2_PLACEMENT_3D('',#5493,#4436,#4437);
#3921=AXIS2_PLACEMENT_3D('',#5494,#4438,#4439);
#3922=AXIS2_PLACEMENT_3D('',#5497,#4440,#4441);
#3923=AXIS2_PLACEMENT_3D('',#5501,#4443,#4444);
#3924=AXIS2_PLACEMENT_3D('',#5503,#4446,#4447);
#3925=AXIS2_PLACEMENT_3D('',#5511,#4451,#4452);
#3926=AXIS2_PLACEMENT_3D('',#5525,#4460,#4461);
#3927=AXIS2_PLACEMENT_3D('',#5529,#4463,#4464);
#3928=AXIS2_PLACEMENT_3D('',#5531,#4465,#4466);
#3929=AXIS2_PLACEMENT_3D('',#5535,#4468,#4469);
#3930=AXIS2_PLACEMENT_3D('',#5539,#4471,#4472);
#3931=AXIS2_PLACEMENT_3D('',#5541,#4473,#4474);
#3932=AXIS2_PLACEMENT_3D('',#5549,#4478,#4479);
#3933=AXIS2_PLACEMENT_3D('',#5551,#4480,#4481);
#3934=AXIS2_PLACEMENT_3D('',#5552,#4482,#4483);
#3935=AXIS2_PLACEMENT_3D('',#5553,#4484,#4485);
#3936=AXIS2_PLACEMENT_3D('',#5555,#4486,#4487);
#3937=AXIS2_PLACEMENT_3D('',#5557,#4488,#4489);
#3938=AXIS2_PLACEMENT_3D('',#5559,#4491,#4492);
#3939=AXIS2_PLACEMENT_3D('',#5563,#4494,#4495);
#3940=AXIS2_PLACEMENT_3D('',#5568,#4498,#4499);
#3941=AXIS2_PLACEMENT_3D('',#5569,#4500,#4501);
#3942=AXIS2_PLACEMENT_3D('',#5573,#4503,#4504);
#3943=AXIS2_PLACEMENT_3D('',#5575,#4506,#4507);
#3944=AXIS2_PLACEMENT_3D('',#5579,#4509,#4510);
#3945=AXIS2_PLACEMENT_3D('',#5580,#4511,#4512);
#3946=AXIS2_PLACEMENT_3D('',#5581,#4513,#4514);
#3947=AXIS2_PLACEMENT_3D('',#5590,#4517,#4518);
#3948=AXIS2_PLACEMENT_3D('',#5591,#4519,#4520);
#3949=AXIS2_PLACEMENT_3D('',#5595,#4522,#4523);
#3950=AXIS2_PLACEMENT_3D('',#5597,#4525,#4526);
#3951=AXIS2_PLACEMENT_3D('',#5599,#4527,#4528);
#3952=AXIS2_PLACEMENT_3D('',#5601,#4529,#4530);
#3953=AXIS2_PLACEMENT_3D('',#5603,#4532,#4533);
#3954=AXIS2_PLACEMENT_3D('',#5609,#4537,#4538);
#3955=AXIS2_PLACEMENT_3D('',#5613,#4541,#4542);
#3956=AXIS2_PLACEMENT_3D('',#5617,#4545,#4546);
#3957=AXIS2_PLACEMENT_3D('',#5621,#4549,#4550);
#3958=AXIS2_PLACEMENT_3D('',#5625,#4553,#4554);
#3959=AXIS2_PLACEMENT_3D('',#5627,#4556,#4557);
#3960=AXIS2_PLACEMENT_3D('',#5633,#4561,#4562);
#3961=AXIS2_PLACEMENT_3D('',#5637,#4565,#4566);
#3962=AXIS2_PLACEMENT_3D('',#5641,#4569,#4570);
#3963=AXIS2_PLACEMENT_3D('',#5749,#4572,#4573);
#3964=AXIS2_PLACEMENT_3D('',#5751,#4574,#4575);
#3965=AXIS2_PLACEMENT_3D('',#5768,#4577,#4578);
#3966=AXIS2_PLACEMENT_3D('',#5800,#4580,#4581);
#3967=AXIS2_PLACEMENT_3D('',#5804,#4583,#4584);
#3968=AXIS2_PLACEMENT_3D('',#5808,#4586,#4587);
#3969=AXIS2_PLACEMENT_3D('',#5843,#4589,#4590);
#3970=AXIS2_PLACEMENT_3D('',#5867,#4591,#4592);
#3971=AXIS2_PLACEMENT_3D('',#5899,#4594,#4595);
#3972=AXIS2_PLACEMENT_3D('',#5903,#4597,#4598);
#3973=AXIS2_PLACEMENT_3D('',#5907,#4600,#4601);
#3974=AXIS2_PLACEMENT_3D('',#5942,#4603,#4604);
#3975=AXIS2_PLACEMENT_3D('',#5951,#4605,#4606);
#3976=AXIS2_PLACEMENT_3D('',#5952,#4607,#4608);
#3977=AXIS2_PLACEMENT_3D('',#5954,#4609,#4610);
#3978=AXIS2_PLACEMENT_3D('',#5955,#4611,#4612);
#3979=AXIS2_PLACEMENT_3D('',#5956,#4613,#4614);
#3980=AXIS2_PLACEMENT_3D('',#5958,#4615,#4616);
#3981=AXIS2_PLACEMENT_3D('',#5960,#4617,#4618);
#3982=AXIS2_PLACEMENT_3D('',#5961,#4619,#4620);
#3983=AXIS2_PLACEMENT_3D('',#5962,#4621,#4622);
#3984=AXIS2_PLACEMENT_3D('',#5964,#4623,#4624);
#3985=AXIS2_PLACEMENT_3D('',#5965,#4625,#4626);
#3986=AXIS2_PLACEMENT_3D('',#5975,#4629,#4630);
#3987=AXIS2_PLACEMENT_3D('',#5979,#4632,#4633);
#3988=AXIS2_PLACEMENT_3D('',#5983,#4635,#4636);
#3989=AXIS2_PLACEMENT_3D('',#5995,#4637,#4638);
#3990=AXIS2_PLACEMENT_3D('',#5999,#4640,#4641);
#3991=AXIS2_PLACEMENT_3D('',#6003,#4643,#4644);
#3992=AXIS2_PLACEMENT_3D('',#6008,#4645,#4646);
#3993=AXIS2_PLACEMENT_3D('',#6025,#4648,#4649);
#3994=AXIS2_PLACEMENT_3D('',#6044,#4652,#4653);
#3995=AXIS2_PLACEMENT_3D('',#6048,#4655,#4656);
#3996=AXIS2_PLACEMENT_3D('',#6052,#4658,#4659);
#3997=AXIS2_PLACEMENT_3D('',#6053,#4660,#4661);
#3998=AXIS2_PLACEMENT_3D('',#6055,#4662,#4663);
#3999=AXIS2_PLACEMENT_3D('',#6058,#4665,#4666);
#4000=AXIS2_PLACEMENT_3D('',#6062,#4669,#4670);
#4001=AXIS2_PLACEMENT_3D('',#6063,#4671,#4672);
#4002=AXIS2_PLACEMENT_3D('',#6074,#4673,#4674);
#4003=AXIS2_PLACEMENT_3D('',#6089,#4675,#4676);
#4004=AXIS2_PLACEMENT_3D('',#6090,#4677,#4678);
#4005=AXIS2_PLACEMENT_3D('',#6091,#4679,#4680);
#4006=AXIS2_PLACEMENT_3D('',#6095,#4683,#4684);
#4007=AXIS2_PLACEMENT_3D('',#6099,#4687,#4688);
#4008=AXIS2_PLACEMENT_3D('',#6101,#4690,#4691);
#4009=AXIS2_PLACEMENT_3D('',#6103,#4692,#4693);
#4010=AXIS2_PLACEMENT_3D('',#6104,#4694,#4695);
#4011=AXIS2_PLACEMENT_3D('',#6106,#4696,#4697);
#4012=AXIS2_PLACEMENT_3D('',#6108,#4699,#4700);
#4013=AXIS2_PLACEMENT_3D('',#6110,#4702,#4703);
#4014=AXIS2_PLACEMENT_3D('',#6111,#4704,#4705);
#4015=AXIS2_PLACEMENT_3D('',#6113,#4707,#4708);
#4016=AXIS2_PLACEMENT_3D('',#6114,#4709,#4710);
#4017=AXIS2_PLACEMENT_3D('',#6124,#4711,#4712);
#4018=AXIS2_PLACEMENT_3D('',#6125,#4713,#4714);
#4019=AXIS2_PLACEMENT_3D('',#6126,#4715,#4716);
#4020=AXIS2_PLACEMENT_3D('',#6130,#4718,#4719);
#4021=AXIS2_PLACEMENT_3D('',#6133,#4722,#4723);
#4022=AXIS2_PLACEMENT_3D('',#6135,#4725,#4726);
#4023=AXIS2_PLACEMENT_3D('',#6137,#4727,#4728);
#4024=AXIS2_PLACEMENT_3D('',#6138,#4729,#4730);
#4025=AXIS2_PLACEMENT_3D('',#6139,#4731,#4732);
#4026=AXIS2_PLACEMENT_3D('',#6140,#4733,#4734);
#4027=AXIS2_PLACEMENT_3D('',#6142,#4736,#4737);
#4028=AXIS2_PLACEMENT_3D('',#6143,#4738,#4739);
#4029=AXIS2_PLACEMENT_3D('',#6150,#4741,#4742);
#4030=AXIS2_PLACEMENT_3D('',#6173,#4744,#4745);
#4031=AXIS2_PLACEMENT_3D('',#6179,#4746,#4747);
#4032=AXIS2_PLACEMENT_3D('',#6201,#4749,#4750);
#4033=AXIS2_PLACEMENT_3D('',#6205,#4752,#4753);
#4034=AXIS2_PLACEMENT_3D('',#6209,#4755,#4756);
#4035=AXIS2_PLACEMENT_3D('',#6211,#4758,#4759);
#4036=AXIS2_PLACEMENT_3D('',#6216,#4763,#4764);
#4037=AXIS2_PLACEMENT_3D('',#6218,#4766,#4767);
#4038=AXIS2_PLACEMENT_3D('',#6225,#4769,#4770);
#4039=AXIS2_PLACEMENT_3D('',#6248,#4772,#4773);
#4040=AXIS2_PLACEMENT_3D('',#6254,#4774,#4775);
#4041=AXIS2_PLACEMENT_3D('',#6276,#4777,#4778);
#4042=AXIS2_PLACEMENT_3D('',#6279,#4781,#4782);
#4043=AXIS2_PLACEMENT_3D('',#6285,#4786,#4787);
#4044=AXIS2_PLACEMENT_3D('',#6289,#4789,#4790);
#4045=AXIS2_PLACEMENT_3D('',#6292,#4792,#4793);
#4046=AXIS2_PLACEMENT_3D('',#6293,#4794,#4795);
#4047=AXIS2_PLACEMENT_3D('',#6298,#4799,#4800);
#4048=AXIS2_PLACEMENT_3D('',#6307,#4805,#4806);
#4049=AXIS2_PLACEMENT_3D('',#6313,#4810,#4811);
#4050=AXIS2_PLACEMENT_3D('',#6319,#4815,#4816);
#4051=AXIS2_PLACEMENT_3D('',#6325,#4820,#4821);
#4052=AXIS2_PLACEMENT_3D('',#6331,#4825,#4826);
#4053=AXIS2_PLACEMENT_3D('',#6334,#4829,#4830);
#4054=AXIS2_PLACEMENT_3D('',#6336,#4831,#4832);
#4055=AXIS2_PLACEMENT_3D('',#6337,#4833,#4834);
#4056=AXIS2_PLACEMENT_3D('',#6339,#4835,#4836);
#4057=AXIS2_PLACEMENT_3D('',#6341,#4838,#4839);
#4058=AXIS2_PLACEMENT_3D('',#6343,#4840,#4841);
#4059=AXIS2_PLACEMENT_3D('',#6346,#4843,#4844);
#4060=AXIS2_PLACEMENT_3D('',#6347,#4845,#4846);
#4061=AXIS2_PLACEMENT_3D('',#6356,#4851,#4852);
#4062=AXIS2_PLACEMENT_3D('',#6362,#4856,#4857);
#4063=AXIS2_PLACEMENT_3D('',#6368,#4861,#4862);
#4064=AXIS2_PLACEMENT_3D('',#6374,#4866,#4867);
#4065=AXIS2_PLACEMENT_3D('',#6380,#4871,#4872);
#4066=AXIS2_PLACEMENT_3D('',#6383,#4875,#4876);
#4067=AXIS2_PLACEMENT_3D('',#6385,#4877,#4878);
#4068=AXIS2_PLACEMENT_3D('',#6386,#4879,#4880);
#4069=AXIS2_PLACEMENT_3D('',#6388,#4881,#4882);
#4070=AXIS2_PLACEMENT_3D('',#6391,#4884,#4885);
#4071=AXIS2_PLACEMENT_3D('',#6392,#4886,#4887);
#4072=AXIS2_PLACEMENT_3D('',#6394,#4888,#4889);
#4073=AXIS2_PLACEMENT_3D('',#6407,#4891,#4892);
#4074=AXIS2_PLACEMENT_3D('',#6409,#4893,#4894);
#4075=AXIS2_PLACEMENT_3D('',#6410,#4895,#4896);
#4076=AXIS2_PLACEMENT_3D('',#6411,#4897,#4898);
#4077=AXIS2_PLACEMENT_3D('',#6412,#4899,#4900);
#4078=AXIS2_PLACEMENT_3D('',#6414,#4901,#4902);
#4079=AXIS2_PLACEMENT_3D('',#6426,#4904,#4905);
#4080=AXIS2_PLACEMENT_3D('',#6427,#4906,#4907);
#4081=AXIS2_PLACEMENT_3D('',#6428,#4908,#4909);
#4082=AXIS2_PLACEMENT_3D('',#6431,#4910,#4911);
#4083=AXIS2_PLACEMENT_3D('',#6445,#4914,#4915);
#4084=AXIS2_PLACEMENT_3D('',#6446,#4916,#4917);
#4085=AXIS2_PLACEMENT_3D('',#6447,#4918,#4919);
#4086=AXIS2_PLACEMENT_3D('',#6448,#4920,#4921);
#4087=AXIS2_PLACEMENT_3D('',#6451,#4922,#4923);
#4088=AXIS2_PLACEMENT_3D('',#6465,#4926,#4927);
#4089=AXIS2_PLACEMENT_3D('',#6466,#4928,#4929);
#4090=AXIS2_PLACEMENT_3D('',#6467,#4930,#4931);
#4091=AXIS2_PLACEMENT_3D('',#6468,#4932,#4933);
#4092=AXIS2_PLACEMENT_3D('',#6471,#4936,#4937);
#4093=AXIS2_PLACEMENT_3D('',#6475,#4939,#4940);
#4094=AXIS2_PLACEMENT_3D('',#6477,#4942,#4943);
#4095=AXIS2_PLACEMENT_3D('',#6480,#4945,#4946);
#4096=AXIS2_PLACEMENT_3D('',#6481,#4947,#4948);
#4097=AXIS2_PLACEMENT_3D('',#6487,#4950,#4951);
#4098=AXIS2_PLACEMENT_3D('',#6488,#4952,#4953);
#4099=AXIS2_PLACEMENT_3D('',#6499,#4954,#4955);
#4100=AXIS2_PLACEMENT_3D('',#6501,#4956,#4957);
#4101=AXIS2_PLACEMENT_3D('',#6502,#4958,#4959);
#4102=AXIS2_PLACEMENT_3D('',#6503,#4960,#4961);
#4103=AXIS2_PLACEMENT_3D('',#6505,#4962,#4963);
#4104=AXIS2_PLACEMENT_3D('',#6518,#4965,#4966);
#4105=AXIS2_PLACEMENT_3D('',#6519,#4967,#4968);
#4106=AXIS2_PLACEMENT_3D('',#6520,#4969,#4970);
#4107=AXIS2_PLACEMENT_3D('',#6521,#4971,#4972);
#4108=AXIS2_PLACEMENT_3D('',#6524,#4973,#4974);
#4109=AXIS2_PLACEMENT_3D('',#6538,#4977,#4978);
#4110=AXIS2_PLACEMENT_3D('',#6539,#4979,#4980);
#4111=AXIS2_PLACEMENT_3D('',#6540,#4981,#4982);
#4112=AXIS2_PLACEMENT_3D('',#6541,#4983,#4984);
#4113=AXIS2_PLACEMENT_3D('',#6544,#4985,#4986);
#4114=AXIS2_PLACEMENT_3D('',#6558,#4989,#4990);
#4115=AXIS2_PLACEMENT_3D('',#6559,#4991,#4992);
#4116=AXIS2_PLACEMENT_3D('',#6560,#4993,#4994);
#4117=AXIS2_PLACEMENT_3D('',#6561,#4995,#4996);
#4118=AXIS2_PLACEMENT_3D('',#6564,#4999,#5000);
#4119=AXIS2_PLACEMENT_3D('',#6568,#5002,#5003);
#4120=AXIS2_PLACEMENT_3D('',#6570,#5005,#5006);
#4121=AXIS2_PLACEMENT_3D('',#6573,#5008,#5009);
#4122=AXIS2_PLACEMENT_3D('',#6574,#5010,#5011);
#4123=AXIS2_PLACEMENT_3D('',#6611,#5014,#5015);
#4124=AXIS2_PLACEMENT_3D('',#6612,#5016,#5017);
#4125=AXIS2_PLACEMENT_3D('',#6615,#5018,#5019);
#4126=AXIS2_PLACEMENT_3D('',#6619,#5021,#5022);
#4127=AXIS2_PLACEMENT_3D('',#6632,#5024,#5025);
#4128=AXIS2_PLACEMENT_3D('',#6633,#5026,#5027);
#4129=AXIS2_PLACEMENT_3D('',#6634,#5028,#5029);
#4130=AXIS2_PLACEMENT_3D('',#6635,#5030,#5031);
#4131=AXIS2_PLACEMENT_3D('',#6637,#5032,#5033);
#4132=AXIS2_PLACEMENT_3D('',#6650,#5036,#5037);
#4133=AXIS2_PLACEMENT_3D('',#6651,#5038,#5039);
#4134=AXIS2_PLACEMENT_3D('',#6652,#5040,#5041);
#4135=AXIS2_PLACEMENT_3D('',#6655,#5042,#5043);
#4136=AXIS2_PLACEMENT_3D('',#6669,#5046,#5047);
#4137=AXIS2_PLACEMENT_3D('',#6670,#5048,#5049);
#4138=AXIS2_PLACEMENT_3D('',#6671,#5050,#5051);
#4139=AXIS2_PLACEMENT_3D('',#6672,#5052,#5053);
#4140=AXIS2_PLACEMENT_3D('',#6675,#5054,#5055);
#4141=AXIS2_PLACEMENT_3D('',#6687,#5058,#5059);
#4142=AXIS2_PLACEMENT_3D('',#6688,#5060,#5061);
#4143=AXIS2_PLACEMENT_3D('',#6689,#5062,#5063);
#4144=AXIS2_PLACEMENT_3D('',#6692,#5066,#5067);
#4145=AXIS2_PLACEMENT_3D('',#6694,#5069,#5070);
#4146=AXIS2_PLACEMENT_3D('',#6701,#5072,#5073);
#4147=AXIS2_PLACEMENT_3D('',#6712,#5074,#5075);
#4148=AXIS2_PLACEMENT_3D('',#6714,#5076,#5077);
#4149=AXIS2_PLACEMENT_3D('',#6715,#5078,#5079);
#4150=AXIS2_PLACEMENT_3D('',#6716,#5080,#5081);
#4151=AXIS2_PLACEMENT_3D('',#6718,#5082,#5083);
#4152=AXIS2_PLACEMENT_3D('',#6731,#5085,#5086);
#4153=AXIS2_PLACEMENT_3D('',#6732,#5087,#5088);
#4154=AXIS2_PLACEMENT_3D('',#6733,#5089,#5090);
#4155=AXIS2_PLACEMENT_3D('',#6734,#5091,#5092);
#4156=AXIS2_PLACEMENT_3D('',#6737,#5093,#5094);
#4157=AXIS2_PLACEMENT_3D('',#6751,#5097,#5098);
#4158=AXIS2_PLACEMENT_3D('',#6752,#5099,#5100);
#4159=AXIS2_PLACEMENT_3D('',#6753,#5101,#5102);
#4160=AXIS2_PLACEMENT_3D('',#6754,#5103,#5104);
#4161=AXIS2_PLACEMENT_3D('',#6757,#5105,#5106);
#4162=AXIS2_PLACEMENT_3D('',#6770,#5109,#5110);
#4163=AXIS2_PLACEMENT_3D('',#6771,#5111,#5112);
#4164=AXIS2_PLACEMENT_3D('',#6772,#5113,#5114);
#4165=AXIS2_PLACEMENT_3D('',#6773,#5115,#5116);
#4166=AXIS2_PLACEMENT_3D('',#6775,#5118,#5119);
#4167=AXIS2_PLACEMENT_3D('',#6783,#5122,#5123);
#4168=AXIS2_PLACEMENT_3D('',#6784,#5124,#5125);
#4169=AXIS2_PLACEMENT_3D('',#6834,#5126,#5127);
#4170=AXIS2_PLACEMENT_3D('',#6836,#5128,#5129);
#4171=AXIS2_PLACEMENT_3D('',#6884,#5130,#5131);
#4172=AXIS2_PLACEMENT_3D('',#6932,#5132,#5133);
#4173=AXIS2_PLACEMENT_3D('',#6934,#5135,#5136);
#4174=AXIS2_PLACEMENT_3D('',#6940,#5137,#5138);
#4175=AXIS2_PLACEMENT_3D('',#6978,#5139,#5140);
#4176=AXIS2_PLACEMENT_3D('',#7025,#5141,#5142);
#4177=AXIS2_PLACEMENT_3D('',#7027,#5144,#5145);
#4178=AXIS2_PLACEMENT_3D('',#7029,#5146,#5147);
#4179=AXIS2_PLACEMENT_3D('',#7080,#5149,#5150);
#4180=AXIS2_PLACEMENT_3D('',#7082,#5151,#5152);
#4181=AXIS2_PLACEMENT_3D('',#7084,#5154,#5155);
#4182=AXIS2_PLACEMENT_3D('',#7086,#5157,#5158);
#4183=AXIS2_PLACEMENT_3D('',#7189,#5161,#5162);
#4184=AXIS2_PLACEMENT_3D('',#7235,#5163,#5164);
#4185=AXIS2_PLACEMENT_3D('',#7267,#5165,#5166);
#4186=AXIS2_PLACEMENT_3D('',#7268,#5167,#5168);
#4187=AXIS2_PLACEMENT_3D('',#7393,#5169,#5170);
#4188=AXIS2_PLACEMENT_3D('',#7394,#5171,#5172);
#4189=AXIS2_PLACEMENT_3D('',#7395,#5173,#5174);
#4190=AXIS2_PLACEMENT_3D('',#7396,#5175,#5176);
#4191=AXIS2_PLACEMENT_3D('',#7463,#5177,#5178);
#4192=AXIS2_PLACEMENT_3D('',#7509,#5179,#5180);
#4193=AXIS2_PLACEMENT_3D('',#7541,#5181,#5182);
#4194=AXIS2_PLACEMENT_3D('',#7543,#5183,#5184);
#4195=AXIS2_PLACEMENT_3D('',#7569,#5186,#5187);
#4196=AXIS2_PLACEMENT_3D('',#7570,#5188,#5189);
#4197=AXIS2_PLACEMENT_3D('',#7631,#5190,#5191);
#4198=AXIS2_PLACEMENT_3D('',#7632,#5192,#5193);
#4199=AXIS2_PLACEMENT_3D('',#7673,#5194,#5195);
#4200=AXIS2_PLACEMENT_3D('',#7674,#5196,#5197);
#4201=AXIS2_PLACEMENT_3D('',#7677,#5200,#5201);
#4202=AXIS2_PLACEMENT_3D('',#7678,#5202,#5203);
#4203=AXIS2_PLACEMENT_3D('',#7679,#5204,#5205);
#4204=AXIS2_PLACEMENT_3D('',#7680,#5206,#5207);
#4205=AXIS2_PLACEMENT_3D('',#7681,#5208,#5209);
#4206=AXIS2_PLACEMENT_3D('',#7682,#5210,#5211);
#4207=AXIS2_PLACEMENT_3D('',#7684,#5212,#5213);
#4208=AXIS2_PLACEMENT_3D('',#7685,#5214,#5215);
#4209=AXIS2_PLACEMENT_3D('',#7697,#5216,#5217);
#4210=AXIS2_PLACEMENT_3D('',#7700,#5218,#5219);
#4211=AXIS2_PLACEMENT_3D('',#7748,#5220,#5221);
#4212=AXIS2_PLACEMENT_3D('',#7750,#5222,#5223);
#4213=AXIS2_PLACEMENT_3D('',#7765,#5224,#5225);
#4214=AXIS2_PLACEMENT_3D('',#7766,#5226,#5227);
#4215=AXIS2_PLACEMENT_3D('',#7767,#5228,#5229);
#4216=AXIS2_PLACEMENT_3D('',#7769,#5230,#5231);
#4217=AXIS2_PLACEMENT_3D('',#7770,#5232,#5233);
#4218=AXIS2_PLACEMENT_3D('',#7771,#5234,#5235);
#4219=AXIS2_PLACEMENT_3D('',#7785,#5236,#5237);
#4220=AXIS2_PLACEMENT_3D('',#7786,#5238,#5239);
#4221=AXIS2_PLACEMENT_3D('',#7804,#5240,#5241);
#4222=AXIS2_PLACEMENT_3D('',#7810,#5242,#5243);
#4223=AXIS2_PLACEMENT_3D('view reference',#7834,#5244,#5245);
#4224=AXIS2_PLACEMENT_3D('view window',#7835,#5246,#5247);
#4225=AXIS2_PLACEMENT_3D('view reference',#7837,#5248,#5249);
#4226=AXIS2_PLACEMENT_3D('view window',#7838,#5250,#5251);
#4227=AXIS2_PLACEMENT_3D('view reference',#7840,#5252,#5253);
#4228=AXIS2_PLACEMENT_3D('view window',#7841,#5254,#5255);
#4229=AXIS2_PLACEMENT_3D('view reference',#7843,#5256,#5257);
#4230=AXIS2_PLACEMENT_3D('view window',#7844,#5258,#5259);
#4231=AXIS2_PLACEMENT_3D('',#7846,#5260,#5261);
#4232=AXIS2_PLACEMENT_3D('',#7847,#5262,#5263);
#4233=AXIS2_PLACEMENT_3D('',#7848,#5264,#5265);
#4234=AXIS2_PLACEMENT_3D('',#7849,#5266,#5267);
#4235=AXIS2_PLACEMENT_3D('',#7850,#5268,#5269);
#4236=AXIS2_PLACEMENT_3D('',#7851,#5270,#5271);
#4237=AXIS2_PLACEMENT_3D('',#7852,#5272,#5273);
#4238=AXIS2_PLACEMENT_3D('',#7853,#5274,#5275);
#4239=AXIS2_PLACEMENT_3D('',#7854,#5276,#5277);
#4240=AXIS2_PLACEMENT_3D('',#7855,#5278,#5279);
#4241=AXIS2_PLACEMENT_3D('',#7856,#5280,#5281);
#4242=AXIS2_PLACEMENT_3D('',#7857,#5282,#5283);
#4243=AXIS2_PLACEMENT_3D('',#7858,#5284,#5285);
#4244=AXIS2_PLACEMENT_3D('',#7859,#5286,#5287);
#4245=AXIS2_PLACEMENT_3D('',#7860,#5288,#5289);
#4246=AXIS2_PLACEMENT_3D('',#7861,#5290,#5291);
#4247=AXIS2_PLACEMENT_3D('',#7862,#5292,#5293);
#4248=AXIS2_PLACEMENT_3D('',#7863,#5294,#5295);
#4249=DIRECTION('axis',(0.,0.,1.));
#4250=DIRECTION('refdir',(1.,0.,0.));
#4251=DIRECTION('axis',(0.,0.,1.));
#4252=DIRECTION('refdir',(1.,0.,0.));
#4253=DIRECTION('center_axis',(0.,0.,1.));
#4254=DIRECTION('ref_axis',(-1.,0.,0.));
#4255=DIRECTION('center_axis',(0.,0.,-1.));
#4256=DIRECTION('ref_axis',(-1.,0.,0.));
#4257=DIRECTION('',(0.,0.,-1.));
#4258=DIRECTION('center_axis',(0.,0.,-1.));
#4259=DIRECTION('ref_axis',(-1.,0.,0.));
#4260=DIRECTION('center_axis',(0.,0.,1.));
#4261=DIRECTION('ref_axis',(1.,0.,0.));
#4262=DIRECTION('center_axis',(0.,0.,1.));
#4263=DIRECTION('ref_axis',(1.,0.,0.));
#4264=DIRECTION('',(0.,0.,-1.));
#4265=DIRECTION('center_axis',(0.,0.,1.));
#4266=DIRECTION('ref_axis',(1.,0.,0.));
#4267=DIRECTION('center_axis',(0.,0.,1.));
#4268=DIRECTION('ref_axis',(1.,0.,0.));
#4269=DIRECTION('center_axis',(0.,0.,1.));
#4270=DIRECTION('ref_axis',(1.,0.,0.));
#4271=DIRECTION('center_axis',(0.,0.,1.));
#4272=DIRECTION('ref_axis',(1.,0.,0.));
#4273=DIRECTION('center_axis',(0.,0.,1.));
#4274=DIRECTION('ref_axis',(1.,0.,0.));
#4275=DIRECTION('center_axis',(-0.577350269189626,0.577350269189626,-0.577350269189626));
#4276=DIRECTION('ref_axis',(-0.707106781186548,-0.707106781186548,0.));
#4277=DIRECTION('center_axis',(0.,0.,1.));
#4278=DIRECTION('ref_axis',(1.,0.,0.));
#4279=DIRECTION('center_axis',(-2.22044604925031E-16,0.,-1.));
#4280=DIRECTION('ref_axis',(-1.,0.,2.22044604925031E-16));
#4281=DIRECTION('center_axis',(0.,0.,1.));
#4282=DIRECTION('ref_axis',(1.,0.,0.));
#4283=DIRECTION('center_axis',(0.,-1.,0.));
#4284=DIRECTION('ref_axis',(-1.,0.,0.));
#4285=DIRECTION('center_axis',(0.,0.,1.));
#4286=DIRECTION('ref_axis',(1.,0.,0.));
#4287=DIRECTION('center_axis',(-1.,0.,0.));
#4288=DIRECTION('ref_axis',(0.,0.,1.));
#4289=DIRECTION('center_axis',(0.,0.,1.));
#4290=DIRECTION('ref_axis',(1.,0.,0.));
#4291=DIRECTION('axis',(0.,0.,1.));
#4292=DIRECTION('refdir',(1.,0.,0.));
#4293=DIRECTION('center_axis',(0.,0.,1.));
#4294=DIRECTION('ref_axis',(1.,0.,0.));
#4295=DIRECTION('center_axis',(0.,0.,-1.));
#4296=DIRECTION('ref_axis',(1.,0.,0.));
#4297=DIRECTION('',(0.,0.,-1.));
#4298=DIRECTION('center_axis',(0.,0.,1.));
#4299=DIRECTION('ref_axis',(1.,0.,0.));
#4300=DIRECTION('center_axis',(0.,0.,1.));
#4301=DIRECTION('ref_axis',(1.,0.,0.));
#4302=DIRECTION('center_axis',(0.,0.,-1.));
#4303=DIRECTION('ref_axis',(1.,0.,0.));
#4304=DIRECTION('',(0.,0.,-1.));
#4305=DIRECTION('center_axis',(0.,0.,1.));
#4306=DIRECTION('ref_axis',(1.,0.,0.));
#4307=DIRECTION('center_axis',(0.,0.,-1.));
#4308=DIRECTION('ref_axis',(-0.707106781186547,0.707106781186547,0.));
#4309=DIRECTION('center_axis',(0.,0.,1.));
#4310=DIRECTION('ref_axis',(-0.707106781186547,0.707106781186547,0.));
#4311=DIRECTION('',(0.,0.,1.));
#4312=DIRECTION('center_axis',(0.,0.,-1.));
#4313=DIRECTION('ref_axis',(-0.707106781186547,0.707106781186547,0.));
#4314=DIRECTION('',(0.,0.,-1.));
#4315=DIRECTION('center_axis',(-1.,-3.5527136788005E-16,0.));
#4316=DIRECTION('ref_axis',(3.5527136788005E-16,-1.,0.));
#4317=DIRECTION('',(3.5527136788005E-16,-1.,0.));
#4318=DIRECTION('',(0.,0.,-1.));
#4319=DIRECTION('',(3.5527136788005E-16,-1.,0.));
#4320=DIRECTION('center_axis',(0.,0.,1.));
#4321=DIRECTION('ref_axis',(1.,0.,0.));
#4322=DIRECTION('',(1.,3.70074341541719E-16,0.));
#4323=DIRECTION('center_axis',(0.,0.,-1.));
#4324=DIRECTION('ref_axis',(0.305927174688712,-0.952054916371415,0.));
#4325=DIRECTION('',(0.812817127573966,0.582518941428009,0.));
#4326=DIRECTION('center_axis',(0.,0.,1.));
#4327=DIRECTION('ref_axis',(-0.305927174688712,0.952054916371415,0.));
#4328=DIRECTION('',(-1.,-1.48029736616688E-16,0.));
#4329=DIRECTION('center_axis',(0.,0.,1.));
#4330=DIRECTION('ref_axis',(0.707106781186547,0.707106781186547,0.));
#4331=DIRECTION('',(0.,1.,0.));
#4332=DIRECTION('center_axis',(0.,0.,1.));
#4333=DIRECTION('ref_axis',(0.707106781186547,-0.707106781186547,0.));
#4334=DIRECTION('',(1.,0.,0.));
#4335=DIRECTION('center_axis',(0.,0.,1.));
#4336=DIRECTION('ref_axis',(-0.305927174688711,-0.952054916371415,0.));
#4337=DIRECTION('',(-0.812817127573966,0.582518941428009,0.));
#4338=DIRECTION('center_axis',(0.,0.,-1.));
#4339=DIRECTION('ref_axis',(0.305927174688711,0.952054916371415,0.));
#4340=DIRECTION('',(-1.,-3.33066907387547E-16,0.));
#4341=DIRECTION('center_axis',(0.,0.,1.));
#4342=DIRECTION('ref_axis',(-0.707106781186547,-0.707106781186548,0.));
#4343=DIRECTION('center_axis',(0.,0.,-1.));
#4344=DIRECTION('ref_axis',(-1.,0.,0.));
#4345=DIRECTION('center_axis',(0.,0.,1.));
#4346=DIRECTION('ref_axis',(-0.707106781186547,-0.707106781186548,0.));
#4347=DIRECTION('center_axis',(0.,0.,-1.));
#4348=DIRECTION('ref_axis',(-0.707106781186547,-0.707106781186548,0.));
#4349=DIRECTION('',(0.,0.,1.));
#4350=DIRECTION('center_axis',(-3.33066907387547E-16,1.,0.));
#4351=DIRECTION('ref_axis',(1.,3.33066907387547E-16,0.));
#4352=DIRECTION('',(0.,0.,-1.));
#4353=DIRECTION('',(1.,3.33066907387547E-16,0.));
#4354=DIRECTION('center_axis',(0.,0.,-1.));
#4355=DIRECTION('ref_axis',(0.305927174688712,-0.952054916371415,0.));
#4356=DIRECTION('center_axis',(0.,0.,1.));
#4357=DIRECTION('ref_axis',(0.305927174688712,-0.952054916371415,0.));
#4358=DIRECTION('',(0.,0.,-1.));
#4359=DIRECTION('',(0.,0.,1.));
#4360=DIRECTION('center_axis',(0.582518941428009,-0.812817127573966,0.));
#4361=DIRECTION('ref_axis',(-0.812817127573966,-0.582518941428009,0.));
#4362=DIRECTION('',(-0.812817127573966,-0.582518941428009,0.));
#4363=DIRECTION('',(0.,0.,1.));
#4364=DIRECTION('center_axis',(0.,0.,1.));
#4365=DIRECTION('ref_axis',(-0.305927174688712,0.952054916371415,0.));
#4366=DIRECTION('center_axis',(0.,0.,-1.));
#4367=DIRECTION('ref_axis',(-0.305927174688712,0.952054916371415,0.));
#4368=DIRECTION('',(0.,0.,-1.));
#4369=DIRECTION('center_axis',(0.,0.,-1.));
#4370=DIRECTION('ref_axis',(0.305927174688711,0.952054916371415,0.));
#4371=DIRECTION('center_axis',(0.,0.,1.));
#4372=DIRECTION('ref_axis',(0.305927174688711,0.952054916371415,0.));
#4373=DIRECTION('',(0.,0.,1.));
#4374=DIRECTION('center_axis',(0.,0.,-1.));
#4375=DIRECTION('ref_axis',(-0.305927174688711,-0.952054916371415,0.));
#4376=DIRECTION('',(0.,0.,1.));
#4377=DIRECTION('center_axis',(0.,0.,-1.));
#4378=DIRECTION('ref_axis',(-0.305927174688711,-0.952054916371415,0.));
#4379=DIRECTION('',(0.,0.,-1.));
#4380=DIRECTION('center_axis',(0.582518941428009,0.812817127573966,0.));
#4381=DIRECTION('ref_axis',(0.812817127573966,-0.582518941428009,0.));
#4382=DIRECTION('',(0.812817127573966,-0.582518941428009,0.));
#4383=DIRECTION('center_axis',(3.70074341541719E-16,-1.,0.));
#4384=DIRECTION('ref_axis',(-1.,-3.70074341541719E-16,0.));
#4385=DIRECTION('',(-1.,-3.70074341541719E-16,0.));
#4386=DIRECTION('center_axis',(0.,0.,1.));
#4387=DIRECTION('ref_axis',(1.,0.,0.));
#4388=DIRECTION('',(1.,0.,0.));
#4389=DIRECTION('center_axis',(0.,0.,-1.));
#4390=DIRECTION('ref_axis',(0.707106781186547,-0.707106781186547,0.));
#4391=DIRECTION('',(0.,1.,0.));
#4392=DIRECTION('center_axis',(0.,0.,-1.));
#4393=DIRECTION('ref_axis',(0.707106781186547,0.707106781186547,0.));
#4394=DIRECTION('',(-1.,-1.48029736616688E-16,0.));
#4395=DIRECTION('center_axis',(0.,0.,-1.));
#4396=DIRECTION('ref_axis',(-1.,0.,0.));
#4397=DIRECTION('center_axis',(-1.48029736616688E-16,1.,0.));
#4398=DIRECTION('ref_axis',(-1.,-1.48029736616688E-16,0.));
#4399=DIRECTION('',(0.,0.,1.));
#4400=DIRECTION('center_axis',(0.,0.,1.));
#4401=DIRECTION('ref_axis',(0.707106781186547,-0.707106781186547,0.));
#4402=DIRECTION('',(0.,0.,-1.));
#4403=DIRECTION('',(0.,0.,1.));
#4404=DIRECTION('center_axis',(0.,-1.,0.));
#4405=DIRECTION('ref_axis',(1.,0.,0.));
#4406=DIRECTION('center_axis',(0.,0.,1.));
#4407=DIRECTION('ref_axis',(0.707106781186547,0.707106781186547,0.));
#4408=DIRECTION('',(0.,0.,-1.));
#4409=DIRECTION('center_axis',(0.,0.,1.));
#4410=DIRECTION('ref_axis',(-1.,0.,0.));
#4411=DIRECTION('',(0.,0.,-1.));
#4412=DIRECTION('center_axis',(1.,0.,0.));
#4413=DIRECTION('ref_axis',(0.,1.,0.));
#4414=DIRECTION('center_axis',(0.,0.,1.));
#4415=DIRECTION('ref_axis',(1.,0.,0.));
#4416=DIRECTION('center_axis',(0.,0.,1.));
#4417=DIRECTION('ref_axis',(1.,0.,0.));
#4418=DIRECTION('center_axis',(0.,0.,1.));
#4419=DIRECTION('ref_axis',(1.,0.,0.));
#4420=DIRECTION('center_axis',(-0.577350269189626,0.577350269189626,-0.577350269189626));
#4421=DIRECTION('ref_axis',(-0.707106781186548,-0.707106781186548,0.));
#4422=DIRECTION('center_axis',(0.,0.,1.));
#4423=DIRECTION('ref_axis',(1.,0.,0.));
#4424=DIRECTION('center_axis',(-2.22044604925031E-16,0.,-1.));
#4425=DIRECTION('ref_axis',(-1.,0.,2.22044604925031E-16));
#4426=DIRECTION('center_axis',(0.,0.,1.));
#4427=DIRECTION('ref_axis',(1.,0.,0.));
#4428=DIRECTION('center_axis',(0.,-1.,0.));
#4429=DIRECTION('ref_axis',(-1.,0.,0.));
#4430=DIRECTION('center_axis',(0.,0.,1.));
#4431=DIRECTION('ref_axis',(1.,0.,0.));
#4432=DIRECTION('center_axis',(-1.,0.,0.));
#4433=DIRECTION('ref_axis',(0.,0.,1.));
#4434=DIRECTION('center_axis',(0.,0.,1.));
#4435=DIRECTION('ref_axis',(1.,0.,0.));
#4436=DIRECTION('axis',(0.,0.,1.));
#4437=DIRECTION('refdir',(1.,0.,0.));
#4438=DIRECTION('center_axis',(0.,-1.,0.));
#4439=DIRECTION('ref_axis',(-0.707106781186548,0.,0.707106781186548));
#4440=DIRECTION('center_axis',(1.52086059185473E-16,-1.,0.));
#4441=DIRECTION('ref_axis',(-0.707106781186548,0.,0.707106781186548));
#4442=DIRECTION('',(0.,-1.,0.));
#4443=DIRECTION('center_axis',(-2.08166817117217E-16,1.,0.));
#4444=DIRECTION('ref_axis',(-0.707106781186548,0.,0.707106781186548));
#4445=DIRECTION('',(0.,1.,0.));
#4446=DIRECTION('center_axis',(-1.52086059185473E-16,1.,0.));
#4447=DIRECTION('ref_axis',(1.,1.52086059185473E-16,0.));
#4448=DIRECTION('',(-1.,-1.52086059185473E-16,0.));
#4449=DIRECTION('',(0.,0.,1.));
#4450=DIRECTION('',(1.,1.52086059185473E-16,0.));
#4451=DIRECTION('center_axis',(1.52086059185473E-16,-1.,0.));
#4452=DIRECTION('ref_axis',(-0.707106781186548,0.,-0.707106781186548));
#4453=DIRECTION('',(0.,0.,-1.));
#4454=DIRECTION('',(0.866025403784439,1.31710390816083E-16,0.5));
#4455=DIRECTION('',(5.5337055723268E-16,8.41599473187877E-32,1.));
#4456=DIRECTION('',(-0.866025403784438,-1.31710390816083E-16,0.5));
#4457=DIRECTION('',(-0.866025403784439,-1.31710390816083E-16,-0.5));
#4458=DIRECTION('',(-2.7668527861634E-16,-4.20799736593938E-32,-1.));
#4459=DIRECTION('',(0.866025403784439,1.31710390816083E-16,-0.5));
#4460=DIRECTION('center_axis',(0.,0.,1.));
#4461=DIRECTION('ref_axis',(1.,0.,0.));
#4462=DIRECTION('',(1.,2.08166817117217E-16,0.));
#4463=DIRECTION('center_axis',(0.,0.,1.));
#4464=DIRECTION('ref_axis',(0.732841680060822,0.680399200444585,0.));
#4465=DIRECTION('center_axis',(0.,0.,1.));
#4466=DIRECTION('ref_axis',(1.,0.,0.));
#4467=DIRECTION('',(1.,0.,0.));
#4468=DIRECTION('center_axis',(0.,0.,1.));
#4469=DIRECTION('ref_axis',(1.,0.,0.));
#4470=DIRECTION('',(-1.,0.,0.));
#4471=DIRECTION('center_axis',(0.,0.,1.));
#4472=DIRECTION('ref_axis',(1.,0.,0.));
#4473=DIRECTION('center_axis',(0.,0.,1.));
#4474=DIRECTION('ref_axis',(0.732841680060822,-0.680399200444585,0.));
#4475=DIRECTION('',(1.,-2.08166817117217E-16,0.));
#4476=DIRECTION('',(0.,1.,0.));
#4477=DIRECTION('',(-1.,1.52086059185473E-16,0.));
#4478=DIRECTION('center_axis',(0.,0.,1.));
#4479=DIRECTION('ref_axis',(0.447213595499958,0.894427190999916,0.));
#4480=DIRECTION('center_axis',(0.,0.,1.));
#4481=DIRECTION('ref_axis',(1.,0.,0.));
#4482=DIRECTION('center_axis',(0.,0.,1.));
#4483=DIRECTION('ref_axis',(0.447213595499958,-0.894427190999916,0.));
#4484=DIRECTION('center_axis',(0.,1.,0.));
#4485=DIRECTION('ref_axis',(-0.707106781186548,0.,0.707106781186548));
#4486=DIRECTION('center_axis',(1.52086059185473E-16,1.,0.));
#4487=DIRECTION('ref_axis',(-0.707106781186548,0.,0.707106781186548));
#4488=DIRECTION('center_axis',(-2.08166817117217E-16,-1.,0.));
#4489=DIRECTION('ref_axis',(-0.707106781186548,0.,0.707106781186548));
#4490=DIRECTION('',(0.,-1.,0.));
#4491=DIRECTION('center_axis',(1.52086059185473E-16,1.,0.));
#4492=DIRECTION('ref_axis',(1.,-1.52086059185473E-16,0.));
#4493=DIRECTION('',(0.,0.,-1.));
#4494=DIRECTION('center_axis',(1.52086059185473E-16,1.,0.));
#4495=DIRECTION('ref_axis',(-0.70710678118655,0.,-0.707106781186545));
#4496=DIRECTION('',(1.,-1.52086059185473E-16,0.));
#4497=DIRECTION('',(0.,0.,-1.));
#4498=DIRECTION('center_axis',(1.52086059185473E-16,1.,0.));
#4499=DIRECTION('ref_axis',(1.,-1.13869028166683E-16,0.));
#4500=DIRECTION('center_axis',(0.,-1.,0.));
#4501=DIRECTION('ref_axis',(-0.70710678118655,0.,-0.707106781186545));
#4502=DIRECTION('',(0.,1.,0.));
#4503=DIRECTION('center_axis',(-2.08166817117217E-16,-1.,0.));
#4504=DIRECTION('ref_axis',(-0.70710678118655,0.,-0.707106781186545));
#4505=DIRECTION('',(0.,-1.,0.));
#4506=DIRECTION('center_axis',(0.,0.,-1.));
#4507=DIRECTION('ref_axis',(1.,0.,0.));
#4508=DIRECTION('',(-1.,2.08166817117217E-16,0.));
#4509=DIRECTION('center_axis',(0.,0.,-1.));
#4510=DIRECTION('ref_axis',(-0.929618127333277,-0.368524269666695,0.));
#4511=DIRECTION('center_axis',(0.,0.,-1.));
#4512=DIRECTION('ref_axis',(0.447213595499958,0.894427190999916,0.));
#4513=DIRECTION('center_axis',(-2.08166817117217E-16,-1.,0.));
#4514=DIRECTION('ref_axis',(-1.,2.08166817117217E-16,0.));
#4515=DIRECTION('',(0.,0.,1.));
#4516=DIRECTION('',(0.,0.,-1.));
#4517=DIRECTION('center_axis',(-2.08166817117217E-16,-1.,0.));
#4518=DIRECTION('ref_axis',(1.,-1.13869028166683E-16,0.));
#4519=DIRECTION('center_axis',(0.,1.,0.));
#4520=DIRECTION('ref_axis',(-0.707106781186548,0.,-0.707106781186548));
#4521=DIRECTION('',(0.,-1.,0.));
#4522=DIRECTION('center_axis',(-2.08166817117217E-16,1.,0.));
#4523=DIRECTION('ref_axis',(-0.707106781186548,0.,-0.707106781186548));
#4524=DIRECTION('',(0.,1.,0.));
#4525=DIRECTION('center_axis',(0.,0.,1.));
#4526=DIRECTION('ref_axis',(1.,0.,0.));
#4527=DIRECTION('center_axis',(0.,0.,-1.));
#4528=DIRECTION('ref_axis',(0.447213595499958,-0.894427190999916,0.));
#4529=DIRECTION('center_axis',(0.,0.,-1.));
#4530=DIRECTION('ref_axis',(-0.929618127333277,0.368524269666695,0.));
#4531=DIRECTION('',(-1.,-2.08166817117217E-16,0.));
#4532=DIRECTION('center_axis',(0.35355339059327,0.707106781186554,-0.612372435695789));
#4533=DIRECTION('ref_axis',(-0.866025403784439,0.,-0.5));
#4534=DIRECTION('',(7.26811578375364E-15,-0.654653670707971,-0.75592894601846));
#4535=DIRECTION('',(-0.866025403784439,-1.31710390816083E-16,-0.5));
#4536=DIRECTION('',(-0.654653670707975,0.654653670707974,0.377964473009236));
#4537=DIRECTION('center_axis',(-0.353553390593274,0.707106781186549,-0.612372435695794));
#4538=DIRECTION('ref_axis',(-0.866025403784438,0.,0.5));
#4539=DIRECTION('',(-0.654653670707977,-0.654653670707975,-0.37796447300923));
#4540=DIRECTION('',(-0.866025403784439,-1.31710390816083E-16,0.5));
#4541=DIRECTION('center_axis',(-0.707106781186545,0.70710678118655,1.95646036764103E-16));
#4542=DIRECTION('ref_axis',(2.7668527861634E-16,0.,1.));
#4543=DIRECTION('',(-0.654653670707977,-0.654653670707977,0.377964473009226));
#4544=DIRECTION('',(2.7668527861634E-16,4.20799736593938E-32,1.));
#4545=DIRECTION('center_axis',(-0.353553390593274,0.707106781186547,0.612372435695795));
#4546=DIRECTION('ref_axis',(0.866025403784439,0.,0.5));
#4547=DIRECTION('',(0.866025403784439,1.31710390816083E-16,0.5));
#4548=DIRECTION('',(-3.63405789187686E-15,-0.654653670707978,0.755928946018454));
#4549=DIRECTION('center_axis',(0.353553390593274,0.707106781186547,0.612372435695795));
#4550=DIRECTION('ref_axis',(0.866025403784439,0.,-0.5));
#4551=DIRECTION('',(0.866025403784438,1.31710390816083E-16,-0.5));
#4552=DIRECTION('',(0.654653670707982,-0.654653670707975,0.377964473009221));
#4553=DIRECTION('center_axis',(0.707106781186551,0.707106781186544,-3.91292073528209E-16));
#4554=DIRECTION('ref_axis',(-5.53370557232681E-16,0.,-1.));
#4555=DIRECTION('',(-5.5337055723268E-16,-8.41599473187877E-32,-1.));
#4556=DIRECTION('center_axis',(-0.5,0.,-0.866025403784438));
#4557=DIRECTION('ref_axis',(0.866025403784438,1.31710390816083E-16,-0.5));
#4558=DIRECTION('',(0.,-1.,0.));
#4559=DIRECTION('',(0.866025403784438,1.31710390816083E-16,-0.5));
#4560=DIRECTION('',(0.,-1.,0.));
#4561=DIRECTION('center_axis',(-1.,0.,5.5337055723268E-16));
#4562=DIRECTION('ref_axis',(-5.5337055723268E-16,-8.41599473187877E-32,
-1.));
#4563=DIRECTION('',(0.,-1.,0.));
#4564=DIRECTION('',(-5.5337055723268E-16,-8.41599473187877E-32,-1.));
#4565=DIRECTION('center_axis',(-0.5,0.,0.866025403784439));
#4566=DIRECTION('ref_axis',(-0.866025403784439,-1.31710390816083E-16,-0.5));
#4567=DIRECTION('',(0.,-1.,0.));
#4568=DIRECTION('',(-0.866025403784439,-1.31710390816083E-16,-0.5));
#4569=DIRECTION('center_axis',(-0.768221279597376,0.,-0.64018439966448));
#4570=DIRECTION('ref_axis',(0.,-1.,0.));
#4571=DIRECTION('',(-0.768221279597376,0.,-0.64018439966448));
#4572=DIRECTION('center_axis',(0.,0.,1.));
#4573=DIRECTION('ref_axis',(1.,0.,0.));
#4574=DIRECTION('center_axis',(0.,0.,1.));
#4575=DIRECTION('ref_axis',(-1.,1.22464679914735E-16,0.));
#4576=DIRECTION('',(0.,0.,-1.));
#4577=DIRECTION('center_axis',(0.,0.,-1.));
#4578=DIRECTION('ref_axis',(-0.788403796992672,-0.615158071464187,0.));
#4579=DIRECTION('',(0.,0.,-1.));
#4580=DIRECTION('center_axis',(0.,0.,-1.));
#4581=DIRECTION('ref_axis',(1.,0.,0.));
#4582=DIRECTION('',(0.,0.,1.));
#4583=DIRECTION('center_axis',(0.,0.,1.));
#4584=DIRECTION('ref_axis',(1.,0.,0.));
#4585=DIRECTION('',(0.,0.,-1.));
#4586=DIRECTION('center_axis',(0.,0.,-1.));
#4587=DIRECTION('ref_axis',(1.,0.,0.));
#4588=DIRECTION('',(0.,0.,1.));
#4589=DIRECTION('center_axis',(0.,0.,-1.));
#4590=DIRECTION('ref_axis',(0.788403796992672,-0.615158071464187,0.));
#4591=DIRECTION('center_axis',(0.,0.,-1.));
#4592=DIRECTION('ref_axis',(0.788403796992672,0.615158071464187,0.));
#4593=DIRECTION('',(0.,0.,-1.));
#4594=DIRECTION('center_axis',(0.,0.,-1.));
#4595=DIRECTION('ref_axis',(1.,0.,0.));
#4596=DIRECTION('',(0.,0.,1.));
#4597=DIRECTION('center_axis',(0.,0.,1.));
#4598=DIRECTION('ref_axis',(1.,0.,0.));
#4599=DIRECTION('',(0.,0.,-1.));
#4600=DIRECTION('center_axis',(0.,0.,-1.));
#4601=DIRECTION('ref_axis',(1.,0.,0.));
#4602=DIRECTION('',(0.,0.,1.));
#4603=DIRECTION('center_axis',(0.,0.,-1.));
#4604=DIRECTION('ref_axis',(-0.788403796992672,0.615158071464187,0.));
#4605=DIRECTION('center_axis',(0.,0.,1.));
#4606=DIRECTION('ref_axis',(-1.,1.22464679914735E-16,0.));
#4607=DIRECTION('center_axis',(0.,0.,1.));
#4608=DIRECTION('ref_axis',(1.,0.,0.));
#4609=DIRECTION('center_axis',(0.,0.,-1.));
#4610=DIRECTION('ref_axis',(-1.,1.22464679914735E-16,0.));
#4611=DIRECTION('center_axis',(1.22464679914735E-16,-1.,0.));
#4612=DIRECTION('ref_axis',(-1.,-1.22464679914735E-16,0.));
#4613=DIRECTION('center_axis',(0.,0.,-1.));
#4614=DIRECTION('ref_axis',(-1.,0.,0.));
#4615=DIRECTION('center_axis',(0.,0.,-1.));
#4616=DIRECTION('ref_axis',(-1.,0.,0.));
#4617=DIRECTION('center_axis',(-1.22464679914735E-16,-1.,0.));
#4618=DIRECTION('ref_axis',(1.,-1.22464679914735E-16,0.));
#4619=DIRECTION('center_axis',(0.,0.,1.));
#4620=DIRECTION('ref_axis',(-1.,0.,0.));
#4621=DIRECTION('center_axis',(0.,0.,1.));
#4622=DIRECTION('ref_axis',(1.,0.,0.));
#4623=DIRECTION('center_axis',(0.,0.,-1.));
#4624=DIRECTION('ref_axis',(-1.,0.,0.));
#4625=DIRECTION('center_axis',(0.,0.,1.));
#4626=DIRECTION('ref_axis',(-1.,0.,0.));
#4627=DIRECTION('',(0.,0.,-1.));
#4628=DIRECTION('',(0.,0.,-1.));
#4629=DIRECTION('center_axis',(0.,0.,1.));
#4630=DIRECTION('ref_axis',(1.,0.,0.));
#4631=DIRECTION('',(0.,0.,1.));
#4632=DIRECTION('center_axis',(0.,0.,-1.));
#4633=DIRECTION('ref_axis',(-1.,0.,0.));
#4634=DIRECTION('',(0.,0.,-1.));
#4635=DIRECTION('center_axis',(0.,0.,1.));
#4636=DIRECTION('ref_axis',(-1.,0.,0.));
#4637=DIRECTION('center_axis',(0.,0.,1.));
#4638=DIRECTION('ref_axis',(-1.,0.,0.));
#4639=DIRECTION('',(0.,0.,1.));
#4640=DIRECTION('center_axis',(0.,0.,-1.));
#4641=DIRECTION('ref_axis',(-1.,0.,0.));
#4642=DIRECTION('',(0.,0.,-1.));
#4643=DIRECTION('center_axis',(0.,0.,1.));
#4644=DIRECTION('ref_axis',(1.,0.,0.));
#4645=DIRECTION('center_axis',(0.,0.,1.));
#4646=DIRECTION('ref_axis',(0.732841680060822,-0.680399200444585,0.));
#4647=DIRECTION('',(0.,0.,-1.));
#4648=DIRECTION('center_axis',(0.,0.,-1.));
#4649=DIRECTION('ref_axis',(0.732841680060822,0.680399200444585,0.));
#4650=DIRECTION('',(0.,0.,1.));
#4651=DIRECTION('',(0.,0.,-1.));
#4652=DIRECTION('center_axis',(0.,0.,1.));
#4653=DIRECTION('ref_axis',(1.,0.,0.));
#4654=DIRECTION('',(0.,0.,-1.));
#4655=DIRECTION('center_axis',(0.,0.,-1.));
#4656=DIRECTION('ref_axis',(1.,0.,0.));
#4657=DIRECTION('',(0.,0.,-1.));
#4658=DIRECTION('center_axis',(0.,0.,-1.));
#4659=DIRECTION('ref_axis',(-1.,-1.22464679914735E-16,0.));
#4660=DIRECTION('center_axis',(0.,0.,-1.));
#4661=DIRECTION('ref_axis',(-1.,-1.22464679914735E-16,0.));
#4662=DIRECTION('center_axis',(0.,0.,-1.));
#4663=DIRECTION('ref_axis',(1.,0.,0.));
#4664=DIRECTION('',(0.,0.,1.));
#4665=DIRECTION('center_axis',(0.,0.,1.));
#4666=DIRECTION('ref_axis',(-0.929618127333277,0.368524269666695,0.));
#4667=DIRECTION('',(0.,0.,-1.));
#4668=DIRECTION('',(0.,0.,1.));
#4669=DIRECTION('center_axis',(0.,0.,1.));
#4670=DIRECTION('ref_axis',(-0.929618127333277,-0.368524269666695,0.));
#4671=DIRECTION('center_axis',(0.,0.,-1.));
#4672=DIRECTION('ref_axis',(-1.,0.,0.));
#4673=DIRECTION('center_axis',(0.,0.,-1.));
#4674=DIRECTION('ref_axis',(-1.,0.,0.));
#4675=DIRECTION('center_axis',(0.,0.,-1.));
#4676=DIRECTION('ref_axis',(0.447213595499958,0.894427190999916,0.));
#4677=DIRECTION('center_axis',(0.,0.,1.));
#4678=DIRECTION('ref_axis',(0.447213595499958,-0.894427190999916,0.));
#4679=DIRECTION('center_axis',(0.5,0.,0.866025403784439));
#4680=DIRECTION('ref_axis',(-0.866025403784439,-1.31710390816083E-16,0.5));
#4681=DIRECTION('',(0.,-1.,0.));
#4682=DIRECTION('',(-0.866025403784439,-1.31710390816083E-16,0.5));
#4683=DIRECTION('center_axis',(1.,0.,-2.7668527861634E-16));
#4684=DIRECTION('ref_axis',(2.7668527861634E-16,4.20799736593938E-32,1.));
#4685=DIRECTION('',(0.,-1.,0.));
#4686=DIRECTION('',(2.7668527861634E-16,4.20799736593938E-32,1.));
#4687=DIRECTION('center_axis',(0.5,0.,-0.866025403784439));
#4688=DIRECTION('ref_axis',(0.866025403784439,1.31710390816083E-16,0.5));
#4689=DIRECTION('',(0.866025403784439,1.31710390816083E-16,0.5));
#4690=DIRECTION('center_axis',(-1.52086059185473E-16,1.,0.));
#4691=DIRECTION('ref_axis',(0.,0.,1.));
#4692=DIRECTION('center_axis',(-1.52086059185473E-16,1.,0.));
#4693=DIRECTION('ref_axis',(1.,-1.13869028166683E-16,0.));
#4694=DIRECTION('center_axis',(1.13869028166683E-16,1.,0.));
#4695=DIRECTION('ref_axis',(1.,-1.13869028166683E-16,0.));
#4696=DIRECTION('center_axis',(-2.08166817117217E-16,1.,0.));
#4697=DIRECTION('ref_axis',(1.,-1.13869028166683E-16,0.));
#4698=DIRECTION('',(1.13869028166683E-16,1.,0.));
#4699=DIRECTION('center_axis',(1.13869028166683E-16,1.,0.));
#4700=DIRECTION('ref_axis',(1.,-1.13869028166683E-16,0.));
#4701=DIRECTION('',(1.13869028166683E-16,1.,0.));
#4702=DIRECTION('center_axis',(1.,0.,0.));
#4703=DIRECTION('ref_axis',(0.,-1.,0.));
#4704=DIRECTION('center_axis',(2.08166817117217E-16,-1.,0.));
#4705=DIRECTION('ref_axis',(-1.,-2.08166817117217E-16,0.));
#4706=DIRECTION('',(0.,0.,-1.));
#4707=DIRECTION('center_axis',(-1.,0.,0.));
#4708=DIRECTION('ref_axis',(0.,1.,0.));
#4709=DIRECTION('center_axis',(0.,0.,1.));
#4710=DIRECTION('ref_axis',(1.,0.,0.));
#4711=DIRECTION('center_axis',(0.,0.,-1.));
#4712=DIRECTION('ref_axis',(1.,0.,0.));
#4713=DIRECTION('center_axis',(0.,0.,-1.));
#4714=DIRECTION('ref_axis',(1.,0.,0.));
#4715=DIRECTION('center_axis',(0.,0.,1.));
#4716=DIRECTION('ref_axis',(-1.,0.,0.));
#4717=DIRECTION('',(0.,0.,-1.));
#4718=DIRECTION('center_axis',(0.,0.,1.));
#4719=DIRECTION('ref_axis',(-1.,0.,0.));
#4720=DIRECTION('',(0.,0.,1.));
#4721=DIRECTION('',(0.,0.,-1.));
#4722=DIRECTION('center_axis',(0.,1.,0.));
#4723=DIRECTION('ref_axis',(1.,0.,0.));
#4724=DIRECTION('',(1.,0.,0.));
#4725=DIRECTION('center_axis',(0.,0.,1.));
#4726=DIRECTION('ref_axis',(1.,0.,0.));
#4727=DIRECTION('center_axis',(0.,0.,1.));
#4728=DIRECTION('ref_axis',(-1.,-1.22464679914735E-16,0.));
#4729=DIRECTION('center_axis',(0.,0.,-1.));
#4730=DIRECTION('ref_axis',(-1.,0.,0.));
#4731=DIRECTION('center_axis',(-1.22464679914735E-16,-1.,0.));
#4732=DIRECTION('ref_axis',(1.,-1.22464679914735E-16,0.));
#4733=DIRECTION('center_axis',(0.,-1.,0.));
#4734=DIRECTION('ref_axis',(-1.,0.,0.));
#4735=DIRECTION('',(-1.,0.,0.));
#4736=DIRECTION('center_axis',(0.,0.,1.));
#4737=DIRECTION('ref_axis',(1.,0.,0.));
#4738=DIRECTION('center_axis',(0.,0.,-1.));
#4739=DIRECTION('ref_axis',(1.,0.,0.));
#4740=DIRECTION('',(0.605041155386756,-0.217027904783684,-0.766044443118977));
#4741=DIRECTION('center_axis',(0.,0.,-1.));
#4742=DIRECTION('ref_axis',(1.,0.,0.));
#4743=DIRECTION('',(0.685418193948789,-1.73686700204999E-15,-0.728149640804677));
#4744=DIRECTION('center_axis',(0.,0.,-1.));
#4745=DIRECTION('ref_axis',(1.,0.,0.));
#4746=DIRECTION('center_axis',(0.,0.,-1.));
#4747=DIRECTION('ref_axis',(1.,0.,0.));
#4748=DIRECTION('',(-0.605041155386756,-0.217027904783684,0.766044443118977));
#4749=DIRECTION('center_axis',(0.,-1.,0.));
#4750=DIRECTION('ref_axis',(0.707106781186547,0.,-0.707106781186547));
#4751=DIRECTION('',(0.,1.,0.));
#4752=DIRECTION('center_axis',(0.,1.,0.));
#4753=DIRECTION('ref_axis',(0.707106781186548,0.,-0.707106781186548));
#4754=DIRECTION('',(0.,-1.,0.));
#4755=DIRECTION('center_axis',(0.,-1.,0.));
#4756=DIRECTION('ref_axis',(0.707106781186548,0.,-0.707106781186548));
#4757=DIRECTION('',(0.,1.,0.));
#4758=DIRECTION('center_axis',(0.,0.,1.));
#4759=DIRECTION('ref_axis',(1.,0.,0.));
#4760=DIRECTION('',(0.,1.,0.));
#4761=DIRECTION('',(-3.08395284618099E-17,-1.,0.));
#4762=DIRECTION('',(-1.,0.,0.));
#4763=DIRECTION('center_axis',(1.,0.,0.));
#4764=DIRECTION('ref_axis',(0.,1.,0.));
#4765=DIRECTION('',(0.,1.,0.));
#4766=DIRECTION('center_axis',(0.,0.,-1.));
#4767=DIRECTION('ref_axis',(-1.,0.,0.));
#4768=DIRECTION('',(-0.605041155386755,0.217027904783684,-0.766044443118978));
#4769=DIRECTION('center_axis',(0.,0.,-1.));
#4770=DIRECTION('ref_axis',(-1.,0.,0.));
#4771=DIRECTION('',(-0.685418193948789,-1.67879039459349E-16,-0.728149640804677));
#4772=DIRECTION('center_axis',(0.,0.,-1.));
#4773=DIRECTION('ref_axis',(-1.,0.,0.));
#4774=DIRECTION('center_axis',(0.,0.,-1.));
#4775=DIRECTION('ref_axis',(-1.,0.,0.));
#4776=DIRECTION('',(0.605041155386756,0.217027904783684,0.766044443118977));
#4777=DIRECTION('center_axis',(-1.,0.,0.));
#4778=DIRECTION('ref_axis',(0.,-1.,0.));
#4779=DIRECTION('',(0.,-1.,0.));
#4780=DIRECTION('',(0.,-1.,0.));
#4781=DIRECTION('center_axis',(0.,0.,1.));
#4782=DIRECTION('ref_axis',(1.,0.,0.));
#4783=DIRECTION('',(0.,-1.,0.));
#4784=DIRECTION('',(-1.,0.,0.));
#4785=DIRECTION('',(-3.08395284618099E-17,1.,0.));
#4786=DIRECTION('center_axis',(0.,-1.,0.));
#4787=DIRECTION('ref_axis',(-0.707106781186547,0.,-0.707106781186547));
#4788=DIRECTION('',(0.,-1.,0.));
#4789=DIRECTION('center_axis',(0.,-1.,0.));
#4790=DIRECTION('ref_axis',(-0.707106781186548,0.,-0.707106781186548));
#4791=DIRECTION('',(0.,1.,0.));
#4792=DIRECTION('center_axis',(0.,1.,0.));
#4793=DIRECTION('ref_axis',(-0.707106781186548,0.,-0.707106781186548));
#4794=DIRECTION('center_axis',(0.,0.,1.));
#4795=DIRECTION('ref_axis',(1.,0.,0.));
#4796=DIRECTION('',(0.,-1.,0.));
#4797=DIRECTION('',(0.,1.,0.));
#4798=DIRECTION('',(1.,0.,0.));
#4799=DIRECTION('center_axis',(0.,-0.50318146639247,-0.864180774999724));
#4800=DIRECTION('ref_axis',(0.,-0.864180774999724,0.50318146639247));
#4801=DIRECTION('',(0.,0.864180774999724,-0.50318146639247));
#4802=DIRECTION('',(-1.,0.,0.));
#4803=DIRECTION('',(0.,-0.864180774999724,0.50318146639247));
#4804=DIRECTION('',(-1.,0.,0.));
#4805=DIRECTION('center_axis',(0.,-0.99999323780812,0.00367754510952229));
#4806=DIRECTION('ref_axis',(0.,0.00367754510952229,0.99999323780812));
#4807=DIRECTION('',(0.,-0.00367754510952229,-0.99999323780812));
#4808=DIRECTION('',(0.,0.00367754510952229,0.99999323780812));
#4809=DIRECTION('',(-1.,0.,0.));
#4810=DIRECTION('center_axis',(0.,-0.496811771415651,0.867858320109246));
#4811=DIRECTION('ref_axis',(0.,0.867858320109246,0.496811771415651));
#4812=DIRECTION('',(0.,-0.867858320109246,-0.496811771415651));
#4813=DIRECTION('',(0.,0.867858320109246,0.496811771415651));
#4814=DIRECTION('',(-1.,0.,0.));
#4815=DIRECTION('center_axis',(0.,0.503181466392469,0.864180774999724));
#4816=DIRECTION('ref_axis',(0.,0.864180774999724,-0.503181466392469));
#4817=DIRECTION('',(0.,-0.864180774999724,0.503181466392469));
#4818=DIRECTION('',(0.,0.864180774999724,-0.503181466392469));
#4819=DIRECTION('',(-1.,0.,0.));
#4820=DIRECTION('center_axis',(0.,0.99999323780812,-0.0036775451095219));
#4821=DIRECTION('ref_axis',(0.,-0.0036775451095219,-0.99999323780812));
#4822=DIRECTION('',(0.,0.0036775451095219,0.99999323780812));
#4823=DIRECTION('',(0.,-0.0036775451095219,-0.99999323780812));
#4824=DIRECTION('',(-1.,0.,0.));
#4825=DIRECTION('center_axis',(0.,0.496811771415651,-0.867858320109246));
#4826=DIRECTION('ref_axis',(0.,-0.867858320109246,-0.496811771415651));
#4827=DIRECTION('',(0.,0.867858320109246,0.496811771415651));
#4828=DIRECTION('',(0.,-0.867858320109246,-0.496811771415651));
#4829=DIRECTION('center_axis',(-1.,0.,0.));
#4830=DIRECTION('ref_axis',(0.,0.,-1.));
#4831=DIRECTION('center_axis',(1.,0.,0.));
#4832=DIRECTION('ref_axis',(0.,0.,1.));
#4833=DIRECTION('center_axis',(1.,0.,0.));
#4834=DIRECTION('ref_axis',(0.,0.,1.));
#4835=DIRECTION('center_axis',(1.,-3.08395284618099E-17,0.));
#4836=DIRECTION('ref_axis',(0.,0.,1.));
#4837=DIRECTION('',(1.,0.,0.));
#4838=DIRECTION('center_axis',(1.,0.,0.));
#4839=DIRECTION('ref_axis',(0.,0.,1.));
#4840=DIRECTION('center_axis',(1.,0.,0.));
#4841=DIRECTION('ref_axis',(0.,0.,1.));
#4842=DIRECTION('',(1.,0.,0.));
#4843=DIRECTION('center_axis',(-1.,-3.08395284618099E-17,0.));
#4844=DIRECTION('ref_axis',(0.,0.,1.));
#4845=DIRECTION('center_axis',(0.,-0.50318146639247,0.864180774999724));
#4846=DIRECTION('ref_axis',(0.,0.864180774999724,0.50318146639247));
#4847=DIRECTION('',(0.,0.864180774999724,0.50318146639247));
#4848=DIRECTION('',(-1.,0.,0.));
#4849=DIRECTION('',(0.,0.864180774999724,0.50318146639247));
#4850=DIRECTION('',(-1.,0.,0.));
#4851=DIRECTION('center_axis',(0.,-0.99999323780812,-0.00367754510952229));
#4852=DIRECTION('ref_axis',(0.,-0.00367754510952229,0.99999323780812));
#4853=DIRECTION('',(0.,-0.00367754510952229,0.99999323780812));
#4854=DIRECTION('',(-1.,0.,0.));
#4855=DIRECTION('',(0.,-0.00367754510952229,0.99999323780812));
#4856=DIRECTION('center_axis',(0.,-0.496811771415651,-0.867858320109246));
#4857=DIRECTION('ref_axis',(0.,-0.867858320109246,0.496811771415651));
#4858=DIRECTION('',(0.,-0.867858320109246,0.496811771415651));
#4859=DIRECTION('',(-1.,0.,0.));
#4860=DIRECTION('',(0.,-0.867858320109246,0.496811771415651));
#4861=DIRECTION('center_axis',(0.,0.503181466392469,-0.864180774999724));
#4862=DIRECTION('ref_axis',(0.,-0.864180774999724,-0.503181466392469));
#4863=DIRECTION('',(0.,-0.864180774999724,-0.503181466392469));
#4864=DIRECTION('',(-1.,0.,0.));
#4865=DIRECTION('',(0.,-0.864180774999724,-0.503181466392469));
#4866=DIRECTION('center_axis',(0.,0.99999323780812,0.0036775451095219));
#4867=DIRECTION('ref_axis',(0.,0.0036775451095219,-0.99999323780812));
#4868=DIRECTION('',(0.,0.0036775451095219,-0.99999323780812));
#4869=DIRECTION('',(-1.,0.,0.));
#4870=DIRECTION('',(0.,0.0036775451095219,-0.99999323780812));
#4871=DIRECTION('center_axis',(0.,0.496811771415651,0.867858320109246));
#4872=DIRECTION('ref_axis',(0.,0.867858320109246,-0.496811771415651));
#4873=DIRECTION('',(0.,0.867858320109246,-0.496811771415651));
#4874=DIRECTION('',(0.,0.867858320109246,-0.496811771415651));
#4875=DIRECTION('center_axis',(1.,0.,0.));
#4876=DIRECTION('ref_axis',(0.,0.,-1.));
#4877=DIRECTION('center_axis',(1.,0.,0.));
#4878=DIRECTION('ref_axis',(0.,0.,1.));
#4879=DIRECTION('center_axis',(-1.,0.,0.));
#4880=DIRECTION('ref_axis',(0.,0.,1.));
#4881=DIRECTION('center_axis',(1.,0.,0.));
#4882=DIRECTION('ref_axis',(0.,0.,1.));
#4883=DIRECTION('',(1.,0.,0.));
#4884=DIRECTION('center_axis',(-1.,0.,0.));
#4885=DIRECTION('ref_axis',(0.,0.,1.));
#4886=DIRECTION('center_axis',(-1.,0.,0.));
#4887=DIRECTION('ref_axis',(0.,0.,1.));
#4888=DIRECTION('center_axis',(1.,0.,0.));
#4889=DIRECTION('ref_axis',(0.,0.,1.));
#4890=DIRECTION('',(1.,0.,0.));
#4891=DIRECTION('center_axis',(0.,0.,-1.));
#4892=DIRECTION('ref_axis',(-1.,0.,0.));
#4893=DIRECTION('center_axis',(0.,-1.,0.));
#4894=DIRECTION('ref_axis',(-0.707106781186548,0.,-0.707106781186548));
#4895=DIRECTION('center_axis',(-1.,0.,0.));
#4896=DIRECTION('ref_axis',(0.,1.,0.));
#4897=DIRECTION('center_axis',(0.,1.,0.));
#4898=DIRECTION('ref_axis',(-0.707106781186548,0.,-0.707106781186548));
#4899=DIRECTION('center_axis',(1.,0.,0.));
#4900=DIRECTION('ref_axis',(0.,0.707106781186548,-0.707106781186548));
#4901=DIRECTION('center_axis',(-1.,0.,0.));
#4902=DIRECTION('ref_axis',(0.,1.,0.));
#4903=DIRECTION('',(1.,0.,0.));
#4904=DIRECTION('center_axis',(0.,0.,-1.));
#4905=DIRECTION('ref_axis',(0.,1.,0.));
#4906=DIRECTION('center_axis',(0.,-1.,0.));
#4907=DIRECTION('ref_axis',(0.707106781186548,0.,-0.707106781186548));
#4908=DIRECTION('center_axis',(0.,0.,-1.));
#4909=DIRECTION('ref_axis',(0.707106781186548,0.707106781186548,0.));
#4910=DIRECTION('center_axis',(0.,0.,-1.));
#4911=DIRECTION('ref_axis',(0.,1.,0.));
#4912=DIRECTION('',(0.,0.,-1.));
#4913=DIRECTION('',(0.,0.,1.));
#4914=DIRECTION('center_axis',(1.,0.,0.));
#4915=DIRECTION('ref_axis',(0.,1.,0.));
#4916=DIRECTION('center_axis',(0.,1.,0.));
#4917=DIRECTION('ref_axis',(0.707106781186548,0.,0.707106781186547));
#4918=DIRECTION('center_axis',(0.,-1.,0.));
#4919=DIRECTION('ref_axis',(0.707106781186548,0.,0.707106781186547));
#4920=DIRECTION('center_axis',(1.,0.,0.));
#4921=DIRECTION('ref_axis',(0.,0.707106781186548,0.707106781186547));
#4922=DIRECTION('center_axis',(1.,0.,0.));
#4923=DIRECTION('ref_axis',(0.,1.,0.));
#4924=DIRECTION('',(1.,0.,0.));
#4925=DIRECTION('',(-1.,0.,0.));
#4926=DIRECTION('center_axis',(0.,0.,1.));
#4927=DIRECTION('ref_axis',(0.,1.,0.));
#4928=DIRECTION('center_axis',(0.,1.,0.));
#4929=DIRECTION('ref_axis',(-0.707106781186548,0.,0.707106781186548));
#4930=DIRECTION('center_axis',(0.,-1.,0.));
#4931=DIRECTION('ref_axis',(-0.707106781186548,0.,0.707106781186548));
#4932=DIRECTION('center_axis',(0.,0.,-1.));
#4933=DIRECTION('ref_axis',(-0.707106781186547,0.707106781186548,0.));
#4934=DIRECTION('',(0.,0.,1.));
#4935=DIRECTION('',(0.,0.,-1.));
#4936=DIRECTION('center_axis',(0.,0.,-1.));
#4937=DIRECTION('ref_axis',(-1.,0.,0.));
#4938=DIRECTION('',(3.08395284618099E-17,1.,0.));
#4939=DIRECTION('center_axis',(0.,0.,1.));
#4940=DIRECTION('ref_axis',(0.788403796992672,0.615158071464187,0.));
#4941=DIRECTION('',(0.,-1.,0.));
#4942=DIRECTION('center_axis',(3.08395284618099E-17,1.,0.));
#4943=DIRECTION('ref_axis',(-0.707106781186548,0.,0.707106781186548));
#4944=DIRECTION('',(-3.08395284618099E-17,-1.,0.));
#4945=DIRECTION('center_axis',(-1.48029736616688E-15,-1.,0.));
#4946=DIRECTION('ref_axis',(0.,0.,1.));
#4947=DIRECTION('center_axis',(-1.,3.08395284618099E-17,0.));
#4948=DIRECTION('ref_axis',(3.08395284618099E-17,1.,0.));
#4949=DIRECTION('',(3.08395284618099E-17,1.,0.));
#4950=DIRECTION('center_axis',(3.08395284618099E-17,1.,0.));
#4951=DIRECTION('ref_axis',(-0.707106781186548,0.,-0.707106781186547));
#4952=DIRECTION('center_axis',(0.,1.,0.));
#4953=DIRECTION('ref_axis',(1.,0.,0.));
#4954=DIRECTION('center_axis',(0.,0.,-1.));
#4955=DIRECTION('ref_axis',(-1.,0.,0.));
#4956=DIRECTION('center_axis',(0.,-1.,0.));
#4957=DIRECTION('ref_axis',(-0.707106781186548,0.,-0.707106781186548));
#4958=DIRECTION('center_axis',(-1.,0.,0.));
#4959=DIRECTION('ref_axis',(0.,1.,0.));
#4960=DIRECTION('center_axis',(-1.,0.,0.));
#4961=DIRECTION('ref_axis',(0.,0.707106781186548,-0.707106781186548));
#4962=DIRECTION('center_axis',(-1.,0.,0.));
#4963=DIRECTION('ref_axis',(0.,1.,0.));
#4964=DIRECTION('',(1.,0.,0.));
#4965=DIRECTION('center_axis',(0.,0.,-1.));
#4966=DIRECTION('ref_axis',(0.,1.,0.));
#4967=DIRECTION('center_axis',(0.,1.,0.));
#4968=DIRECTION('ref_axis',(0.707106781186548,0.,-0.707106781186548));
#4969=DIRECTION('center_axis',(0.,-1.,0.));
#4970=DIRECTION('ref_axis',(0.707106781186548,0.,-0.707106781186548));
#4971=DIRECTION('center_axis',(0.,0.,-1.));
#4972=DIRECTION('ref_axis',(0.707106781186547,0.707106781186548,0.));
#4973=DIRECTION('center_axis',(0.,0.,-1.));
#4974=DIRECTION('ref_axis',(0.,1.,0.));
#4975=DIRECTION('',(0.,0.,-1.));
#4976=DIRECTION('',(0.,0.,1.));
#4977=DIRECTION('center_axis',(1.,0.,0.));
#4978=DIRECTION('ref_axis',(0.,1.,0.));
#4979=DIRECTION('center_axis',(0.,1.,0.));
#4980=DIRECTION('ref_axis',(0.707106781186548,0.,0.707106781186548));
#4981=DIRECTION('center_axis',(0.,-1.,0.));
#4982=DIRECTION('ref_axis',(0.707106781186548,0.,0.707106781186548));
#4983=DIRECTION('center_axis',(-1.,0.,0.));
#4984=DIRECTION('ref_axis',(0.,0.707106781186548,0.707106781186547));
#4985=DIRECTION('center_axis',(1.,0.,0.));
#4986=DIRECTION('ref_axis',(0.,1.,0.));
#4987=DIRECTION('',(1.,0.,0.));
#4988=DIRECTION('',(-1.,0.,0.));
#4989=DIRECTION('center_axis',(0.,0.,1.));
#4990=DIRECTION('ref_axis',(0.,1.,0.));
#4991=DIRECTION('center_axis',(0.,1.,0.));
#4992=DIRECTION('ref_axis',(-0.707106781186548,0.,0.707106781186547));
#4993=DIRECTION('center_axis',(0.,-1.,0.));
#4994=DIRECTION('ref_axis',(-0.707106781186548,0.,0.707106781186547));
#4995=DIRECTION('center_axis',(0.,0.,-1.));
#4996=DIRECTION('ref_axis',(-0.707106781186548,0.707106781186548,0.));
#4997=DIRECTION('',(0.,0.,1.));
#4998=DIRECTION('',(0.,0.,-1.));
#4999=DIRECTION('center_axis',(0.,0.,1.));
#5000=DIRECTION('ref_axis',(1.,0.,0.));
#5001=DIRECTION('',(0.,1.,0.));
#5002=DIRECTION('center_axis',(0.,0.,1.));
#5003=DIRECTION('ref_axis',(-0.788403796992672,0.615158071464187,0.));
#5004=DIRECTION('',(3.08395284618099E-17,-1.,0.));
#5005=DIRECTION('center_axis',(0.,-1.,0.));
#5006=DIRECTION('ref_axis',(-0.707106781186547,0.,0.707106781186548));
#5007=DIRECTION('',(0.,-1.,0.));
#5008=DIRECTION('center_axis',(0.,1.,0.));
#5009=DIRECTION('ref_axis',(-1.,0.,0.));
#5010=DIRECTION('center_axis',(1.,0.,0.));
#5011=DIRECTION('ref_axis',(0.,-1.,0.));
#5012=DIRECTION('',(0.,0.,-1.));
#5013=DIRECTION('',(0.,-1.,0.));
#5014=DIRECTION('center_axis',(0.,-1.,0.));
#5015=DIRECTION('ref_axis',(-1.,0.,0.));
#5016=DIRECTION('center_axis',(0.,0.,-1.));
#5017=DIRECTION('ref_axis',(-0.707106781186547,-0.707106781186548,0.));
#5018=DIRECTION('center_axis',(0.,0.,-1.));
#5019=DIRECTION('ref_axis',(0.,-1.,0.));
#5020=DIRECTION('',(0.,0.,-1.));
#5021=DIRECTION('center_axis',(0.,0.,1.));
#5022=DIRECTION('ref_axis',(-1.,0.,0.));
#5023=DIRECTION('',(0.,0.,1.));
#5024=DIRECTION('center_axis',(-1.,0.,0.));
#5025=DIRECTION('ref_axis',(0.,0.,-1.));
#5026=DIRECTION('center_axis',(0.,1.,0.));
#5027=DIRECTION('ref_axis',(-0.707106781186548,0.,-0.707106781186548));
#5028=DIRECTION('center_axis',(0.,-1.,0.));
#5029=DIRECTION('ref_axis',(-0.707106781186548,0.,-0.707106781186548));
#5030=DIRECTION('center_axis',(-1.,0.,0.));
#5031=DIRECTION('ref_axis',(0.,-0.707106781186548,-0.707106781186548));
#5032=DIRECTION('center_axis',(-1.,0.,0.));
#5033=DIRECTION('ref_axis',(0.,-2.22044604925031E-15,-1.));
#5034=DIRECTION('',(-1.,0.,0.));
#5035=DIRECTION('',(1.,0.,0.));
#5036=DIRECTION('center_axis',(0.,0.,-1.));
#5037=DIRECTION('ref_axis',(1.,0.,0.));
#5038=DIRECTION('center_axis',(0.,1.,0.));
#5039=DIRECTION('ref_axis',(0.707106781186548,0.,-0.707106781186548));
#5040=DIRECTION('center_axis',(0.,0.,-1.));
#5041=DIRECTION('ref_axis',(0.707106781186548,-0.707106781186548,0.));
#5042=DIRECTION('center_axis',(0.,0.,-1.));
#5043=DIRECTION('ref_axis',(1.,0.,0.));
#5044=DIRECTION('',(0.,0.,-1.));
#5045=DIRECTION('',(0.,0.,1.));
#5046=DIRECTION('center_axis',(1.,0.,0.));
#5047=DIRECTION('ref_axis',(0.,0.,1.));
#5048=DIRECTION('center_axis',(0.,1.,0.));
#5049=DIRECTION('ref_axis',(0.707106781186548,0.,0.707106781186547));
#5050=DIRECTION('center_axis',(0.,-1.,0.));
#5051=DIRECTION('ref_axis',(0.707106781186548,0.,0.707106781186547));
#5052=DIRECTION('center_axis',(-1.,0.,0.));
#5053=DIRECTION('ref_axis',(0.,-0.707106781186548,0.707106781186547));
#5054=DIRECTION('center_axis',(1.,0.,0.));
#5055=DIRECTION('ref_axis',(0.,0.,1.));
#5056=DIRECTION('',(1.,0.,0.));
#5057=DIRECTION('',(-1.,0.,0.));
#5058=DIRECTION('center_axis',(0.,-1.,0.));
#5059=DIRECTION('ref_axis',(-0.707106781186548,0.,0.707106781186548));
#5060=DIRECTION('center_axis',(0.,1.,0.));
#5061=DIRECTION('ref_axis',(-0.707106781186548,0.,0.707106781186548));
#5062=DIRECTION('center_axis',(0.,0.,1.));
#5063=DIRECTION('ref_axis',(1.,0.,0.));
#5064=DIRECTION('',(0.,-1.,0.));
#5065=DIRECTION('',(0.,1.,0.));
#5066=DIRECTION('center_axis',(0.,1.,0.));
#5067=DIRECTION('ref_axis',(-0.707106781186548,0.,-0.707106781186547));
#5068=DIRECTION('',(0.,1.,0.));
#5069=DIRECTION('center_axis',(-1.,0.,0.));
#5070=DIRECTION('ref_axis',(0.,1.,0.));
#5071=DIRECTION('',(0.,-1.,0.));
#5072=DIRECTION('center_axis',(0.,-1.,0.));
#5073=DIRECTION('ref_axis',(-1.,0.,0.));
#5074=DIRECTION('center_axis',(-1.,0.,0.));
#5075=DIRECTION('ref_axis',(0.,0.,-1.));
#5076=DIRECTION('center_axis',(0.,1.,0.));
#5077=DIRECTION('ref_axis',(-0.707106781186548,0.,-0.707106781186548));
#5078=DIRECTION('center_axis',(0.,0.,-1.));
#5079=DIRECTION('ref_axis',(0.,-1.,0.));
#5080=DIRECTION('center_axis',(0.,0.,-1.));
#5081=DIRECTION('ref_axis',(-0.707106781186548,-0.707106781186548,0.));
#5082=DIRECTION('center_axis',(0.,0.,-1.));
#5083=DIRECTION('ref_axis',(0.,-1.,0.));
#5084=DIRECTION('',(0.,0.,1.));
#5085=DIRECTION('center_axis',(-1.,0.,0.));
#5086=DIRECTION('ref_axis',(0.,-1.,0.));
#5087=DIRECTION('center_axis',(0.,-1.,0.));
#5088=DIRECTION('ref_axis',(-0.707106781186548,0.,0.707106781186547));
#5089=DIRECTION('center_axis',(0.,1.,0.));
#5090=DIRECTION('ref_axis',(-0.707106781186548,0.,0.707106781186547));
#5091=DIRECTION('center_axis',(1.,0.,0.));
#5092=DIRECTION('ref_axis',(0.,-0.707106781186548,0.707106781186547));
#5093=DIRECTION('center_axis',(-1.,0.,0.));
#5094=DIRECTION('ref_axis',(0.,-1.,0.));
#5095=DIRECTION('',(-1.,0.,0.));
#5096=DIRECTION('',(1.,0.,0.));
#5097=DIRECTION('center_axis',(0.,0.,1.));
#5098=DIRECTION('ref_axis',(0.,-1.,0.));
#5099=DIRECTION('center_axis',(0.,-1.,0.));
#5100=DIRECTION('ref_axis',(0.707106781186548,0.,0.707106781186548));
#5101=DIRECTION('center_axis',(0.,1.,0.));
#5102=DIRECTION('ref_axis',(0.707106781186548,0.,0.707106781186548));
#5103=DIRECTION('center_axis',(0.,0.,-1.));
#5104=DIRECTION('ref_axis',(0.707106781186548,-0.707106781186548,0.));
#5105=DIRECTION('center_axis',(0.,0.,1.));
#5106=DIRECTION('ref_axis',(0.,-1.,0.));
#5107=DIRECTION('',(0.,0.,1.));
#5108=DIRECTION('',(0.,0.,-1.));
#5109=DIRECTION('center_axis',(1.,0.,0.));
#5110=DIRECTION('ref_axis',(0.,-1.,0.));
#5111=DIRECTION('center_axis',(0.,-1.,0.));
#5112=DIRECTION('ref_axis',(0.707106781186548,0.,-0.707106781186548));
#5113=DIRECTION('center_axis',(0.,1.,0.));
#5114=DIRECTION('ref_axis',(0.707106781186548,0.,-0.707106781186548));
#5115=DIRECTION('center_axis',(1.,0.,0.));
#5116=DIRECTION('ref_axis',(0.,-0.707106781186548,-0.707106781186548));
#5117=DIRECTION('',(-1.,0.,0.));
#5118=DIRECTION('center_axis',(-1.,0.,0.));
#5119=DIRECTION('ref_axis',(0.,1.,0.));
#5120=DIRECTION('',(0.,-1.,0.));
#5121=DIRECTION('',(0.,1.,0.));
#5122=DIRECTION('center_axis',(0.,1.,0.));
#5123=DIRECTION('ref_axis',(0.707106781186548,0.,-0.707106781186547));
#5124=DIRECTION('center_axis',(0.,1.,0.));
#5125=DIRECTION('ref_axis',(1.,0.,0.));
#5126=DIRECTION('center_axis',(0.,0.,1.));
#5127=DIRECTION('ref_axis',(1.,0.,0.));
#5128=DIRECTION('center_axis',(0.533566120889238,-0.845758354755784,-3.94918261714108E-16));
#5129=DIRECTION('ref_axis',(-0.845758354755784,-0.533566120889238,0.));
#5130=DIRECTION('center_axis',(0.,-1.,-1.48029736616687E-15));
#5131=DIRECTION('ref_axis',(1.,0.,0.));
#5132=DIRECTION('center_axis',(-3.08395284618099E-17,1.,0.));
#5133=DIRECTION('ref_axis',(0.707106781186548,0.,0.707106781186548));
#5134=DIRECTION('',(-3.08395284618099E-17,1.,0.));
#5135=DIRECTION('center_axis',(0.,0.,1.));
#5136=DIRECTION('ref_axis',(1.,0.,0.));
#5137=DIRECTION('center_axis',(-0.533566120889238,-0.845758354755784,-3.94918261714108E-16));
#5138=DIRECTION('ref_axis',(7.40148683083438E-16,0.,-1.));
#5139=DIRECTION('center_axis',(0.,1.,-1.48029736616688E-15));
#5140=DIRECTION('ref_axis',(-1.,0.,0.));
#5141=DIRECTION('center_axis',(0.,1.,0.));
#5142=DIRECTION('ref_axis',(-0.707106781186548,0.,0.707106781186548));
#5143=DIRECTION('',(0.,1.,0.));
#5144=DIRECTION('center_axis',(0.,1.,0.));
#5145=DIRECTION('ref_axis',(0.707106781186548,0.,0.707106781186548));
#5146=DIRECTION('center_axis',(0.,-1.,0.));
#5147=DIRECTION('ref_axis',(1.,0.,0.));
#5148=DIRECTION('',(0.,-1.,0.));
#5149=DIRECTION('center_axis',(0.,0.,1.));
#5150=DIRECTION('ref_axis',(1.,0.,0.));
#5151=DIRECTION('center_axis',(0.,0.,1.));
#5152=DIRECTION('ref_axis',(-0.788403796992672,-0.615158071464187,0.));
#5153=DIRECTION('',(0.,1.,0.));
#5154=DIRECTION('center_axis',(-3.08395284618099E-17,1.,0.));
#5155=DIRECTION('ref_axis',(0.707106781186548,0.,-0.707106781186547));
#5156=DIRECTION('',(3.08395284618099E-17,-1.,0.));
#5157=DIRECTION('center_axis',(1.,0.,0.));
#5158=DIRECTION('ref_axis',(0.,-1.,0.));
#5159=DIRECTION('',(0.,1.,0.));
#5160=DIRECTION('',(0.,1.,0.));
#5161=DIRECTION('center_axis',(0.,-0.931307189283114,0.364234703439398));
#5162=DIRECTION('ref_axis',(-0.5,0.315436506118409,0.806535684646259));
#5163=DIRECTION('center_axis',(0.,0.931307189283114,0.364234703439398));
#5164=DIRECTION('ref_axis',(-1.,0.,0.));
#5165=DIRECTION('center_axis',(0.,-1.,0.));
#5166=DIRECTION('ref_axis',(-0.707106781186547,0.,0.707106781186548));
#5167=DIRECTION('center_axis',(0.,-1.,0.));
#5168=DIRECTION('ref_axis',(0.,0.,1.));
#5169=DIRECTION('center_axis',(-0.533566120889238,0.845758354755784,-3.94918261714108E-16));
#5170=DIRECTION('ref_axis',(0.845758354755784,0.533566120889238,0.));
#5171=DIRECTION('center_axis',(0.,0.,1.));
#5172=DIRECTION('ref_axis',(1.,0.,0.));
#5173=DIRECTION('center_axis',(0.,-1.,0.));
#5174=DIRECTION('ref_axis',(0.707106781186547,0.,0.707106781186548));
#5175=DIRECTION('center_axis',(0.,1.,0.));
#5176=DIRECTION('ref_axis',(0.,0.,1.));
#5177=DIRECTION('center_axis',(6.89305789694035E-16,-0.931307189283114,
0.364234703439397));
#5178=DIRECTION('ref_axis',(1.,7.40148683083438E-16,0.));
#5179=DIRECTION('center_axis',(1.37861157938807E-15,0.931307189283114,0.364234703439398));
#5180=DIRECTION('ref_axis',(0.5,-0.31543650611841,0.806535684646259));
#5181=DIRECTION('center_axis',(0.,-1.,0.));
#5182=DIRECTION('ref_axis',(0.707106781186547,0.,0.707106781186548));
#5183=DIRECTION('center_axis',(0.,-1.,-7.40148683083438E-16));
#5184=DIRECTION('ref_axis',(1.,0.,0.));
#5185=DIRECTION('',(0.,-1.,0.));
#5186=DIRECTION('center_axis',(0.,0.,-1.));
#5187=DIRECTION('ref_axis',(-1.,0.,0.));
#5188=DIRECTION('center_axis',(0.,0.,1.));
#5189=DIRECTION('ref_axis',(0.788403796992672,-0.615158071464187,0.));
#5190=DIRECTION('center_axis',(0.,0.,1.));
#5191=DIRECTION('ref_axis',(1.,0.,0.));
#5192=DIRECTION('center_axis',(0.533566120889239,0.845758354755784,3.94918261714109E-16));
#5193=DIRECTION('ref_axis',(7.40148683083438E-16,0.,-1.));
#5194=DIRECTION('center_axis',(-1.,-3.08395284618099E-17,0.));
#5195=DIRECTION('ref_axis',(-3.08395284618099E-17,1.,0.));
#5196=DIRECTION('center_axis',(0.,0.,1.));
#5197=DIRECTION('ref_axis',(-1.,0.,0.));
#5198=DIRECTION('',(0.,-1.,0.));
#5199=DIRECTION('',(0.,1.,0.));
#5200=DIRECTION('center_axis',(1.,0.,0.));
#5201=DIRECTION('ref_axis',(0.,1.,0.));
#5202=DIRECTION('center_axis',(-1.,0.,0.));
#5203=DIRECTION('ref_axis',(0.,-1.,0.));
#5204=DIRECTION('center_axis',(0.,0.,-1.));
#5205=DIRECTION('ref_axis',(-1.,0.,0.));
#5206=DIRECTION('center_axis',(0.,0.,1.));
#5207=DIRECTION('ref_axis',(1.,0.,0.));
#5208=DIRECTION('center_axis',(0.,0.,1.));
#5209=DIRECTION('ref_axis',(1.,0.,0.));
#5210=DIRECTION('center_axis',(0.,0.,1.));
#5211=DIRECTION('ref_axis',(1.,0.,0.));
#5212=DIRECTION('center_axis',(0.,0.,-1.));
#5213=DIRECTION('ref_axis',(-1.,0.,0.));
#5214=DIRECTION('center_axis',(0.,0.,-1.));
#5215=DIRECTION('ref_axis',(-1.,0.,0.));
#5216=DIRECTION('center_axis',(0.,0.,-1.));
#5217=DIRECTION('ref_axis',(-1.,0.,0.));
#5218=DIRECTION('center_axis',(0.,0.,-1.));
#5219=DIRECTION('ref_axis',(-1.,0.,0.));
#5220=DIRECTION('center_axis',(-1.,0.,0.));
#5221=DIRECTION('ref_axis',(0.,0.,1.));
#5222=DIRECTION('center_axis',(1.,0.,0.));
#5223=DIRECTION('ref_axis',(0.,0.,-1.));
#5224=DIRECTION('center_axis',(0.,0.,1.));
#5225=DIRECTION('ref_axis',(1.,0.,0.));
#5226=DIRECTION('center_axis',(0.,0.,1.));
#5227=DIRECTION('ref_axis',(1.,0.,0.));
#5228=DIRECTION('center_axis',(0.,0.,1.));
#5229=DIRECTION('ref_axis',(1.,0.,0.));
#5230=DIRECTION('center_axis',(0.,0.,1.));
#5231=DIRECTION('ref_axis',(1.,0.,0.));
#5232=DIRECTION('center_axis',(0.,0.,1.));
#5233=DIRECTION('ref_axis',(1.,0.,0.));
#5234=DIRECTION('center_axis',(0.,0.,1.));
#5235=DIRECTION('ref_axis',(1.,0.,0.));
#5236=DIRECTION('center_axis',(0.,0.,1.));
#5237=DIRECTION('ref_axis',(1.,0.,0.));
#5238=DIRECTION('center_axis',(0.,0.,1.));
#5239=DIRECTION('ref_axis',(1.,0.,0.));
#5240=DIRECTION('center_axis',(-1.52086059185473E-16,-1.,0.));
#5241=DIRECTION('ref_axis',(1.,-1.52086059185473E-16,0.));
#5242=DIRECTION('center_axis',(-1.52086059185473E-16,1.,0.));
#5243=DIRECTION('ref_axis',(1.,1.52086059185473E-16,0.));
#5244=DIRECTION('center_axis',(-0.577350269189626,0.577350269189626,-0.577350269189626));
#5245=DIRECTION('ref_axis',(-0.707106781186548,-0.707106781186548,0.));
#5246=DIRECTION('center_axis',(0.,0.,1.));
#5247=DIRECTION('ref_axis',(1.,0.,0.));
#5248=DIRECTION('center_axis',(-2.22044604925031E-16,0.,-1.));
#5249=DIRECTION('ref_axis',(-1.,0.,2.22044604925031E-16));
#5250=DIRECTION('center_axis',(0.,0.,1.));
#5251=DIRECTION('ref_axis',(1.,0.,0.));
#5252=DIRECTION('center_axis',(0.,-1.,0.));
#5253=DIRECTION('ref_axis',(-1.,0.,0.));
#5254=DIRECTION('center_axis',(0.,0.,1.));
#5255=DIRECTION('ref_axis',(1.,0.,0.));
#5256=DIRECTION('center_axis',(-1.,0.,0.));
#5257=DIRECTION('ref_axis',(0.,0.,1.));
#5258=DIRECTION('center_axis',(0.,0.,1.));
#5259=DIRECTION('ref_axis',(1.,0.,0.));
#5260=DIRECTION('',(0.,0.,1.));
#5261=DIRECTION('',(1.,0.,0.));
#5262=DIRECTION('',(0.,0.,-1.));
#5263=DIRECTION('',(-1.,0.,0.));
#5264=DIRECTION('',(0.,0.,1.));
#5265=DIRECTION('',(1.,0.,0.));
#5266=DIRECTION('center_axis',(0.,0.,1.));
#5267=DIRECTION('ref_axis',(1.,0.,0.));
#5268=DIRECTION('center_axis',(0.,0.,1.));
#5269=DIRECTION('ref_axis',(1.,0.,0.));
#5270=DIRECTION('center_axis',(0.,0.,1.));
#5271=DIRECTION('ref_axis',(1.,0.,0.));
#5272=DIRECTION('center_axis',(0.,0.,1.));
#5273=DIRECTION('ref_axis',(1.,0.,0.));
#5274=DIRECTION('center_axis',(0.,0.,1.));
#5275=DIRECTION('ref_axis',(1.,0.,0.));
#5276=DIRECTION('center_axis',(0.,0.,1.));
#5277=DIRECTION('ref_axis',(1.,0.,0.));
#5278=DIRECTION('center_axis',(0.,0.,1.));
#5279=DIRECTION('ref_axis',(1.,0.,0.));
#5280=DIRECTION('center_axis',(0.,0.,1.));
#5281=DIRECTION('ref_axis',(1.,0.,0.));
#5282=DIRECTION('center_axis',(0.,0.,1.));
#5283=DIRECTION('ref_axis',(1.,0.,0.));
#5284=DIRECTION('center_axis',(0.,0.,1.));
#5285=DIRECTION('ref_axis',(1.,0.,0.));
#5286=DIRECTION('center_axis',(0.,0.,1.));
#5287=DIRECTION('ref_axis',(1.,0.,0.));
#5288=DIRECTION('center_axis',(0.,0.,1.));
#5289=DIRECTION('ref_axis',(1.,0.,0.));
#5290=DIRECTION('center_axis',(0.,0.,1.));
#5291=DIRECTION('ref_axis',(1.,0.,0.));
#5292=DIRECTION('center_axis',(0.,0.,1.));
#5293=DIRECTION('ref_axis',(1.,0.,0.));
#5294=DIRECTION('center_axis',(0.,0.,1.));
#5295=DIRECTION('ref_axis',(1.,0.,0.));
#5296=CARTESIAN_POINT('',(0.,0.,0.));
#5297=CARTESIAN_POINT('',(0.,0.,0.));
#5298=CARTESIAN_POINT('Origin',(0.,0.,0.));
#5299=CARTESIAN_POINT('',(11.45,1.40222058502372E-15,700.));
#5300=CARTESIAN_POINT('Origin',(0.,0.,700.));
#5301=CARTESIAN_POINT('',(11.45,1.40222058502372E-15,0.));
#5302=CARTESIAN_POINT('',(11.45,1.40222058502372E-15,0.));
#5303=CARTESIAN_POINT('Origin',(0.,0.,0.));
#5304=CARTESIAN_POINT('Origin',(0.,0.,0.));
#5305=CARTESIAN_POINT('',(-13.45,-1.64714994485319E-15,700.));
#5306=CARTESIAN_POINT('Origin',(0.,0.,700.));
#5307=CARTESIAN_POINT('',(-13.45,-1.64714994485319E-15,0.));
#5308=CARTESIAN_POINT('',(-13.45,-1.64714994485319E-15,0.));
#5309=CARTESIAN_POINT('Origin',(0.,0.,0.));
#5310=CARTESIAN_POINT('Origin',(0.,0.,700.));
#5311=CARTESIAN_POINT('Origin',(0.,0.,0.));
#5312=CARTESIAN_POINT('Origin',(0.,0.,0.));
#5313=CARTESIAN_POINT('Origin',(0.,0.,0.));
#5314=CARTESIAN_POINT('',(0.,0.,0.));
#5315=CARTESIAN_POINT('Origin',(9.80776221726431,-9.80776221726431,9.80776221726431));
#5316=CARTESIAN_POINT('Origin',(-13.9055118110236,-10.,16.9875424688562));
#5317=CARTESIAN_POINT('',(0.,0.,0.));
#5318=CARTESIAN_POINT('Origin',(2.61331282407732E-14,0.,117.693146607172));
#5319=CARTESIAN_POINT('Origin',(-13.9055118110236,-10.,117.693146607172));
#5320=CARTESIAN_POINT('',(0.,0.,0.));
#5321=CARTESIAN_POINT('Origin',(0.,117.693146607172,0.));
#5322=CARTESIAN_POINT('Origin',(-13.9055118110236,-10.,117.693146607172));
#5323=CARTESIAN_POINT('',(0.,0.,0.));
#5324=CARTESIAN_POINT('Origin',(117.693146607172,0.,0.));
#5325=CARTESIAN_POINT('Origin',(-13.9055118110236,-10.,117.693146607172));
#5326=CARTESIAN_POINT('',(0.,0.,0.));
#5327=CARTESIAN_POINT('',(0.,0.,0.));
#5328=CARTESIAN_POINT('Origin',(-71.185,-4.88498130835069E-14,-229.613413198809));
#5329=CARTESIAN_POINT('',(-73.585,-4.91437283153022E-14,3.00000000000001));
#5330=CARTESIAN_POINT('Origin',(-71.185,-4.88498130835069E-14,3.00000000000001));
#5331=CARTESIAN_POINT('',(-73.585,-4.91437283153022E-14,0.));
#5332=CARTESIAN_POINT('',(-73.585,-4.91437283153022E-14,-229.613413198809));
#5333=CARTESIAN_POINT('Origin',(-71.185,-4.88498130835069E-14,0.));
#5334=CARTESIAN_POINT('Origin',(-95.,-4.44089209850063E-14,-229.613413198809));
#5335=CARTESIAN_POINT('',(-97.4,-4.47028362168016E-14,3.00000000000001));
#5336=CARTESIAN_POINT('Origin',(-95.,-4.44089209850063E-14,3.00000000000001));
#5337=CARTESIAN_POINT('',(-97.4,-4.47028362168016E-14,0.));
#5338=CARTESIAN_POINT('',(-97.4,-4.47028362168016E-14,-229.613413198809));
#5339=CARTESIAN_POINT('Origin',(-95.,-4.44089209850063E-14,0.));
#5340=CARTESIAN_POINT('Origin',(-140.,18.5,1.5));
#5341=CARTESIAN_POINT('',(-140.,28.5,0.));
#5342=CARTESIAN_POINT('',(-150.,18.5,0.));
#5343=CARTESIAN_POINT('Origin',(-140.,18.5,0.));
#5344=CARTESIAN_POINT('',(-150.,18.5,3.));
#5345=CARTESIAN_POINT('',(-150.,18.5,1.5));
#5346=CARTESIAN_POINT('',(-140.,28.5,3.));
#5347=CARTESIAN_POINT('Origin',(-140.,18.5,3.));
#5348=CARTESIAN_POINT('',(-140.,28.5,1.5));
#5349=CARTESIAN_POINT('Origin',(-150.,50.,0.));
#5350=CARTESIAN_POINT('',(-150.,-18.5,0.));
#5351=CARTESIAN_POINT('',(-150.,50.,0.));
#5352=CARTESIAN_POINT('',(-150.,-18.5,3.));
#5353=CARTESIAN_POINT('',(-150.,-18.5,1.5));
#5354=CARTESIAN_POINT('',(-150.,50.,3.));
#5355=CARTESIAN_POINT('Origin',(-45.,4.44089209850063E-15,0.));
#5356=CARTESIAN_POINT('',(-33.2133353804284,28.5,0.));
#5357=CARTESIAN_POINT('',(-37.5,28.5,0.));
#5358=CARTESIAN_POINT('',(-27.3881459661484,30.3718287242604,0.));
#5359=CARTESIAN_POINT('Origin',(-33.2133353804285,38.5,0.));
#5360=CARTESIAN_POINT('',(-2.61185403385165,48.1281712757397,0.));
#5361=CARTESIAN_POINT('',(-26.7021471829694,30.8634611855386,0.));
#5362=CARTESIAN_POINT('',(3.21333538042843,50.,0.));
#5363=CARTESIAN_POINT('Origin',(3.21333538042843,40.,0.));
#5364=CARTESIAN_POINT('',(50.,50.,0.));
#5365=CARTESIAN_POINT('',(60.,50.,0.));
#5366=CARTESIAN_POINT('',(60.,40.,0.));
#5367=CARTESIAN_POINT('Origin',(50.,40.,0.));
#5368=CARTESIAN_POINT('',(60.,-40.,0.));
#5369=CARTESIAN_POINT('',(60.,-50.,0.));
#5370=CARTESIAN_POINT('',(50.,-50.,0.));
#5371=CARTESIAN_POINT('Origin',(50.,-40.,0.));
#5372=CARTESIAN_POINT('',(3.21333538042843,-50.,0.));
#5373=CARTESIAN_POINT('',(-150.,-50.,0.));
#5374=CARTESIAN_POINT('',(-2.61185403385166,-48.1281712757397,0.));
#5375=CARTESIAN_POINT('Origin',(3.21333538042843,-40.,0.));
#5376=CARTESIAN_POINT('',(-27.3881459661484,-30.3718287242604,0.));
#5377=CARTESIAN_POINT('',(-41.7021471829694,-20.1134611855386,0.));
#5378=CARTESIAN_POINT('',(-33.2133353804284,-28.5,0.));
#5379=CARTESIAN_POINT('Origin',(-33.2133353804284,-38.5,0.));
#5380=CARTESIAN_POINT('',(-140.,-28.5,0.));
#5381=CARTESIAN_POINT('',(-97.5,-28.5,0.));
#5382=CARTESIAN_POINT('Origin',(-140.,-18.5,0.));
#5383=CARTESIAN_POINT('',(11.,1.02288956760633E-14,0.));
#5384=CARTESIAN_POINT('Origin',(-1.77635683940025E-14,8.88178419700125E-15,
0.));
#5385=CARTESIAN_POINT('Origin',(-140.,-18.5,1.5));
#5386=CARTESIAN_POINT('',(-140.,-28.5,3.));
#5387=CARTESIAN_POINT('Origin',(-140.,-18.5,3.));
#5388=CARTESIAN_POINT('',(-140.,-28.5,1.5));
#5389=CARTESIAN_POINT('Origin',(-150.,-28.5,3.));
#5390=CARTESIAN_POINT('',(-33.2133353804284,-28.5,3.));
#5391=CARTESIAN_POINT('',(-33.2133353804284,-28.5,3.));
#5392=CARTESIAN_POINT('',(-97.5,-28.5,3.));
#5393=CARTESIAN_POINT('Origin',(-33.2133353804285,38.5,3.));
#5394=CARTESIAN_POINT('',(-33.2133353804284,28.5,3.));
#5395=CARTESIAN_POINT('',(-27.3881459661484,30.3718287242604,3.));
#5396=CARTESIAN_POINT('Origin',(-33.2133353804285,38.5,3.));
#5397=CARTESIAN_POINT('',(-27.3881459661484,30.3718287242603,3.));
#5398=CARTESIAN_POINT('',(-33.2133353804284,28.5,3.));
#5399=CARTESIAN_POINT('Origin',(4.44089209850063E-15,50.,3.));
#5400=CARTESIAN_POINT('',(-2.61185403385165,48.1281712757397,3.));
#5401=CARTESIAN_POINT('',(-26.7021471829694,30.8634611855386,3.));
#5402=CARTESIAN_POINT('',(-2.61185403385165,48.1281712757397,1.5));
#5403=CARTESIAN_POINT('Origin',(3.21333538042843,40.,1.5));
#5404=CARTESIAN_POINT('',(3.21333538042843,50.,3.));
#5405=CARTESIAN_POINT('Origin',(3.21333538042843,40.,3.));
#5406=CARTESIAN_POINT('',(3.21333538042843,50.,1.5));
#5407=CARTESIAN_POINT('Origin',(-33.2133353804284,-38.5,3.));
#5408=CARTESIAN_POINT('',(-27.3881459661484,-30.3718287242604,3.));
#5409=CARTESIAN_POINT('Origin',(-33.2133353804284,-38.5,3.));
#5410=CARTESIAN_POINT('',(-27.3881459661484,-30.3718287242604,3.));
#5411=CARTESIAN_POINT('Origin',(3.21333538042843,-40.,1.5));
#5412=CARTESIAN_POINT('',(3.21333538042843,-50.,3.));
#5413=CARTESIAN_POINT('',(3.21333538042843,-50.,1.5));
#5414=CARTESIAN_POINT('',(-2.61185403385166,-48.1281712757397,3.));
#5415=CARTESIAN_POINT('Origin',(3.21333538042843,-40.,3.));
#5416=CARTESIAN_POINT('',(-2.61185403385166,-48.1281712757397,1.5));
#5417=CARTESIAN_POINT('Origin',(-30.,-28.5,3.));
#5418=CARTESIAN_POINT('',(-41.7021471829694,-20.1134611855386,3.));
#5419=CARTESIAN_POINT('Origin',(-30.,28.5,3.));
#5420=CARTESIAN_POINT('',(-37.5,28.5,3.));
#5421=CARTESIAN_POINT('Origin',(-45.,4.44089209850063E-15,3.));
#5422=CARTESIAN_POINT('',(50.,-50.,3.));
#5423=CARTESIAN_POINT('',(-150.,-50.,3.));
#5424=CARTESIAN_POINT('',(60.,-40.,3.));
#5425=CARTESIAN_POINT('Origin',(50.,-40.,3.));
#5426=CARTESIAN_POINT('',(60.,40.,3.));
#5427=CARTESIAN_POINT('',(60.,-50.,3.));
#5428=CARTESIAN_POINT('',(50.,50.,3.));
#5429=CARTESIAN_POINT('Origin',(50.,40.,3.));
#5430=CARTESIAN_POINT('',(60.,50.,3.));
#5431=CARTESIAN_POINT('',(11.,8.88178419700125E-15,3.));
#5432=CARTESIAN_POINT('Origin',(-1.77635683940025E-14,8.88178419700125E-15,
3.));
#5433=CARTESIAN_POINT('Origin',(60.,50.,0.));
#5434=CARTESIAN_POINT('',(50.,50.,0.));
#5435=CARTESIAN_POINT('Origin',(50.,-40.,0.));
#5436=CARTESIAN_POINT('',(50.,-50.,0.));
#5437=CARTESIAN_POINT('',(60.,-40.,0.));
#5438=CARTESIAN_POINT('Origin',(-150.,-50.,0.));
#5439=CARTESIAN_POINT('Origin',(50.,40.,0.));
#5440=CARTESIAN_POINT('',(60.,40.,0.));
#5441=CARTESIAN_POINT('Origin',(-1.77635683940025E-14,8.88178419700125E-15,
0.));
#5442=CARTESIAN_POINT('',(11.,1.02288956760633E-14,0.));
#5443=CARTESIAN_POINT('Origin',(60.,-50.,0.));
#5444=CARTESIAN_POINT('polyline point',(-60.,-50.,0.));
#5445=CARTESIAN_POINT('polyline point',(60.,-50.,0.));
#5446=CARTESIAN_POINT('polyline point',(60.,-50.,0.));
#5447=CARTESIAN_POINT('polyline point',(60.,50.,0.));
#5448=CARTESIAN_POINT('polyline point',(60.,50.,0.));
#5449=CARTESIAN_POINT('polyline point',(-60.,50.,0.));
#5450=CARTESIAN_POINT('polyline point',(0.,50.,0.));
#5451=CARTESIAN_POINT('polyline point',(-150.,50.,0.));
#5452=CARTESIAN_POINT('polyline point',(-150.,50.,0.));
#5453=CARTESIAN_POINT('polyline point',(-150.,-50.,0.));
#5454=CARTESIAN_POINT('polyline point',(-150.,-50.,0.));
#5455=CARTESIAN_POINT('polyline point',(0.,-50.,0.));
#5456=CARTESIAN_POINT('Origin',(-1.77635683940025E-14,8.88178419700125E-15,
0.));
#5457=CARTESIAN_POINT('',(-60.,50.,0.));
#5458=CARTESIAN_POINT('',(-60.,-50.,0.));
#5459=CARTESIAN_POINT('polyline point',(-30.,28.5,3.));
#5460=CARTESIAN_POINT('polyline point',(0.,50.,3.));
#5461=CARTESIAN_POINT('polyline point',(50.,50.,3.));
#5462=CARTESIAN_POINT('polyline point',(-150.,50.,3.));
#5463=CARTESIAN_POINT('polyline point',(-30.,-28.5,3.));
#5464=CARTESIAN_POINT('polyline point',(0.,-50.,3.));
#5465=CARTESIAN_POINT('polyline point',(-150.,-50.,3.));
#5466=CARTESIAN_POINT('polyline point',(50.,-50.,3.));
#5467=CARTESIAN_POINT('polyline point',(-150.,50.,3.));
#5468=CARTESIAN_POINT('polyline point',(-150.,-50.,3.));
#5469=CARTESIAN_POINT('polyline point',(-30.,28.5,3.));
#5470=CARTESIAN_POINT('polyline point',(-150.,28.5,3.));
#5471=CARTESIAN_POINT('polyline point',(-30.,-28.5,3.));
#5472=CARTESIAN_POINT('polyline point',(-150.,-28.5,3.));
#5473=CARTESIAN_POINT('polyline point',(-150.,28.5,3.));
#5474=CARTESIAN_POINT('polyline point',(-150.,-28.5,3.));
#5475=CARTESIAN_POINT('',(0.,0.,3.));
#5476=CARTESIAN_POINT('Origin',(-95.,-4.44089209850063E-14,3.));
#5477=CARTESIAN_POINT('Origin',(-71.185,-4.88498130835069E-14,3.));
#5478=CARTESIAN_POINT('polyline point',(-150.,18.5,3.));
#5479=CARTESIAN_POINT('polyline point',(-150.,-18.5,3.));
#5480=CARTESIAN_POINT('',(0.,0.,3.));
#5481=CARTESIAN_POINT('Origin',(9.80776221726431,-9.80776221726431,9.80776221726431));
#5482=CARTESIAN_POINT('Origin',(-13.9055118110236,-10.,16.9875424688562));
#5483=CARTESIAN_POINT('',(0.,0.,0.));
#5484=CARTESIAN_POINT('Origin',(2.61331282407732E-14,0.,117.693146607172));
#5485=CARTESIAN_POINT('Origin',(-13.9055118110236,-10.,117.693146607172));
#5486=CARTESIAN_POINT('',(0.,0.,0.));
#5487=CARTESIAN_POINT('Origin',(0.,117.693146607172,0.));
#5488=CARTESIAN_POINT('Origin',(-13.9055118110236,-10.,117.693146607172));
#5489=CARTESIAN_POINT('',(0.,0.,0.));
#5490=CARTESIAN_POINT('Origin',(117.693146607172,0.,0.));
#5491=CARTESIAN_POINT('Origin',(-13.9055118110236,-10.,117.693146607172));
#5492=CARTESIAN_POINT('',(0.,0.,0.));
#5493=CARTESIAN_POINT('',(0.,0.,0.));
#5494=CARTESIAN_POINT('Origin',(-23.5,0.749999999999999,20.1));
#5495=CARTESIAN_POINT('',(-23.5,6.5,22.1));
#5496=CARTESIAN_POINT('',(-25.5,6.5,20.1));
#5497=CARTESIAN_POINT('Origin',(-23.5,6.5,20.1));
#5498=CARTESIAN_POINT('',(-25.5,1.5,20.1));
#5499=CARTESIAN_POINT('',(-25.5,0.749999999999999,20.1));
#5500=CARTESIAN_POINT('',(-23.5,1.5,22.1));
#5501=CARTESIAN_POINT('Origin',(-23.5,1.5,20.1));
#5502=CARTESIAN_POINT('',(-23.5,0.749999999999999,22.1));
#5503=CARTESIAN_POINT('Origin',(-25.5,6.5,22.1));
#5504=CARTESIAN_POINT('',(-14.,6.5,22.1));
#5505=CARTESIAN_POINT('',(-10.900068480028,6.5,22.1));
#5506=CARTESIAN_POINT('',(-14.,6.5,12.1));
#5507=CARTESIAN_POINT('',(-14.,6.5,10.));
#5508=CARTESIAN_POINT('',(-23.5,6.5,12.1));
#5509=CARTESIAN_POINT('',(-10.900068480028,6.5,12.1));
#5510=CARTESIAN_POINT('',(-25.5,6.5,14.1));
#5511=CARTESIAN_POINT('Origin',(-23.5,6.5,14.1));
#5512=CARTESIAN_POINT('',(-25.5,6.5,22.1));
#5513=CARTESIAN_POINT('',(-23.375,6.5,19.3372322931098));
#5514=CARTESIAN_POINT('',(-19.5,6.5,21.5744645862196));
#5515=CARTESIAN_POINT('',(-21.7362182452695,6.5,20.2833833803465));
#5516=CARTESIAN_POINT('',(-23.375,6.5,14.8627677068902));
#5517=CARTESIAN_POINT('',(-23.375,6.5,20.603146092717));
#5518=CARTESIAN_POINT('',(-19.5,6.5,12.6255354137804));
#5519=CARTESIAN_POINT('',(-25.6387817547305,6.5,16.1697627123704));
#5520=CARTESIAN_POINT('',(-15.625,6.5,14.8627677068902));
#5521=CARTESIAN_POINT('',(-19.5987182452695,6.5,12.5685404083002));
#5522=CARTESIAN_POINT('',(-15.625,6.5,19.3372322931098));
#5523=CARTESIAN_POINT('',(-15.625,6.5,18.596853907283));
#5524=CARTESIAN_POINT('',(-20.0262817547305,6.5,21.8783134989829));
#5525=CARTESIAN_POINT('Origin',(0.,0.,22.1));
#5526=CARTESIAN_POINT('',(-13.9265932661222,1.5,22.1));
#5527=CARTESIAN_POINT('',(-25.5,1.5,22.1));
#5528=CARTESIAN_POINT('',(-13.462872115478,1.00053705692803,22.1));
#5529=CARTESIAN_POINT('Origin',(-13.9265932661222,1.035,22.1));
#5530=CARTESIAN_POINT('',(-13.4629120178363,1.,22.1));
#5531=CARTESIAN_POINT('Origin',(0.,0.,22.1));
#5532=CARTESIAN_POINT('',(-10.7928717593876,1.,22.1));
#5533=CARTESIAN_POINT('',(-6.73145600891813,1.,22.1));
#5534=CARTESIAN_POINT('',(-10.7928717593876,-1.,22.1));
#5535=CARTESIAN_POINT('Origin',(0.,0.,22.1));
#5536=CARTESIAN_POINT('',(-13.4629120178363,-0.999999999999997,22.1));
#5537=CARTESIAN_POINT('',(-4.6276376504656,-1.,22.1));
#5538=CARTESIAN_POINT('',(-13.462872115478,-1.00053705692803,22.1));
#5539=CARTESIAN_POINT('Origin',(0.,0.,22.1));
#5540=CARTESIAN_POINT('',(-13.9265932661222,-1.5,22.1));
#5541=CARTESIAN_POINT('Origin',(-13.9265932661222,-1.035,22.1));
#5542=CARTESIAN_POINT('',(-23.5,-1.5,22.1));
#5543=CARTESIAN_POINT('',(-25.5,-1.5,22.1));
#5544=CARTESIAN_POINT('',(-23.5,-6.5,22.1));
#5545=CARTESIAN_POINT('',(-23.5,-0.749999999999999,22.1));
#5546=CARTESIAN_POINT('',(-14.,-6.5,22.1));
#5547=CARTESIAN_POINT('',(-10.900068480028,-6.5,22.1));
#5548=CARTESIAN_POINT('',(-10.8,-8.1,22.1));
#5549=CARTESIAN_POINT('Origin',(-14.,-10.5,22.1));
#5550=CARTESIAN_POINT('',(-10.8,8.1,22.1));
#5551=CARTESIAN_POINT('Origin',(0.,0.,22.1));
#5552=CARTESIAN_POINT('Origin',(-14.,10.5,22.1));
#5553=CARTESIAN_POINT('Origin',(-23.5,-0.749999999999999,20.1));
#5554=CARTESIAN_POINT('',(-25.5,-6.5,20.1));
#5555=CARTESIAN_POINT('Origin',(-23.5,-6.5,20.1));
#5556=CARTESIAN_POINT('',(-25.5,-1.5,20.1));
#5557=CARTESIAN_POINT('Origin',(-23.5,-1.5,20.1));
#5558=CARTESIAN_POINT('',(-25.5,-0.749999999999999,20.1));
#5559=CARTESIAN_POINT('Origin',(-25.5,-6.5,22.1));
#5560=CARTESIAN_POINT('',(-25.5,-6.5,14.1));
#5561=CARTESIAN_POINT('',(-25.5,-6.5,22.1));
#5562=CARTESIAN_POINT('',(-23.5,-6.5,12.1));
#5563=CARTESIAN_POINT('Origin',(-23.5,-6.5,14.1));
#5564=CARTESIAN_POINT('',(-14.,-6.5,12.1));
#5565=CARTESIAN_POINT('',(-10.900068480028,-6.5,12.1));
#5566=CARTESIAN_POINT('',(-14.,-6.5,10.));
#5567=CARTESIAN_POINT('',(-21.5,-6.5,17.1));
#5568=CARTESIAN_POINT('Origin',(-19.5,-6.5,17.1));
#5569=CARTESIAN_POINT('Origin',(-23.5,-2.75,14.1));
#5570=CARTESIAN_POINT('',(-25.5,-1.5,14.1));
#5571=CARTESIAN_POINT('',(-25.5,-2.75,14.1));
#5572=CARTESIAN_POINT('',(-23.5,-1.5,12.1));
#5573=CARTESIAN_POINT('Origin',(-23.5,-1.5,14.1));
#5574=CARTESIAN_POINT('',(-23.5,-2.75,12.1));
#5575=CARTESIAN_POINT('Origin',(-18.6375398087826,-4.,12.1));
#5576=CARTESIAN_POINT('',(-14.2211110677049,-1.5,12.1));
#5577=CARTESIAN_POINT('',(-25.5,-1.5,12.1));
#5578=CARTESIAN_POINT('',(-12.6062940414078,-6.75065556383726,12.1));
#5579=CARTESIAN_POINT('Origin',(0.,0.,12.1));
#5580=CARTESIAN_POINT('Origin',(-14.,-10.5,12.1));
#5581=CARTESIAN_POINT('Origin',(-13.3660951665024,-1.5,22.1));
#5582=CARTESIAN_POINT('',(-13.9265932661817,-1.5,12.0444686878735));
#5583=CARTESIAN_POINT('',(-13.9265932661222,-1.5,10.));
#5584=CARTESIAN_POINT('Ctrl Pts',(-14.2211110677049,-1.5,12.1));
#5585=CARTESIAN_POINT('Ctrl Pts',(-14.1266221428384,-1.5,12.1));
#5586=CARTESIAN_POINT('Ctrl Pts',(-14.0160794654992,-1.5,12.079468324765));
#5587=CARTESIAN_POINT('Ctrl Pts',(-13.9265932661896,-1.5,12.0444686878533));
#5588=CARTESIAN_POINT('',(-25.5,-1.5,22.1));
#5589=CARTESIAN_POINT('',(-21.5,-1.5,17.1));
#5590=CARTESIAN_POINT('Origin',(-19.5,-1.5,17.1));
#5591=CARTESIAN_POINT('Origin',(-23.5,2.75,14.1));
#5592=CARTESIAN_POINT('',(-23.5,1.5,12.1));
#5593=CARTESIAN_POINT('',(-23.5,2.75,12.1));
#5594=CARTESIAN_POINT('',(-25.5,1.5,14.1));
#5595=CARTESIAN_POINT('Origin',(-23.5,1.5,14.1));
#5596=CARTESIAN_POINT('',(-25.5,2.75,14.1));
#5597=CARTESIAN_POINT('Origin',(-18.6375398087826,4.,12.1));
#5598=CARTESIAN_POINT('',(-12.6062940414078,6.75065556383726,12.1));
#5599=CARTESIAN_POINT('Origin',(-14.,10.5,12.1));
#5600=CARTESIAN_POINT('',(-14.2211110677049,1.5,12.1));
#5601=CARTESIAN_POINT('Origin',(0.,0.,12.1));
#5602=CARTESIAN_POINT('',(-25.5,1.5,12.1));
#5603=CARTESIAN_POINT('Origin',(-21.6362182452695,6.3,20.1101782995896));
#5604=CARTESIAN_POINT('',(-19.5,6.1,21.1125843708679));
#5605=CARTESIAN_POINT('',(-19.5,6.5,21.5744645862196));
#5606=CARTESIAN_POINT('',(-22.975,6.1,19.106292185434));
#5607=CARTESIAN_POINT('',(-21.5362182452695,6.1,19.9369732188328));
#5608=CARTESIAN_POINT('',(-22.975,6.1,19.106292185434));
#5609=CARTESIAN_POINT('Origin',(-20.1262817547305,6.3,21.705108418226));
#5610=CARTESIAN_POINT('',(-16.025,6.1,19.1062921854339));
#5611=CARTESIAN_POINT('',(-15.625,6.5,19.3372322931098));
#5612=CARTESIAN_POINT('',(-20.2262817547306,6.1,21.5319033374691));
#5613=CARTESIAN_POINT('Origin',(-15.825,6.3,18.596853907283));
#5614=CARTESIAN_POINT('',(-16.025,6.1,15.0937078145661));
#5615=CARTESIAN_POINT('',(-15.625,6.5,14.8627677068902));
#5616=CARTESIAN_POINT('',(-16.025,6.1,18.596853907283));
#5617=CARTESIAN_POINT('Origin',(-19.6987182452695,6.3,12.741745489057));
#5618=CARTESIAN_POINT('',(-19.5,6.1,13.0874156291321));
#5619=CARTESIAN_POINT('',(-19.7987182452695,6.1,12.9149505698139));
#5620=CARTESIAN_POINT('',(-19.5,6.5,12.6255354137804));
#5621=CARTESIAN_POINT('Origin',(-25.5387817547306,6.3,16.3429677931273));
#5622=CARTESIAN_POINT('',(-22.975,6.1,15.0937078145661));
#5623=CARTESIAN_POINT('',(-25.4387817547305,6.1,16.5161728738842));
#5624=CARTESIAN_POINT('',(-23.375,6.5,14.8627677068902));
#5625=CARTESIAN_POINT('Origin',(-23.175,6.3,20.603146092717));
#5626=CARTESIAN_POINT('',(-22.975,6.1,20.603146092717));
#5627=CARTESIAN_POINT('Origin',(-22.975,6.5,15.0937078145661));
#5628=CARTESIAN_POINT('',(-22.975,3.,15.0937078145661));
#5629=CARTESIAN_POINT('',(-22.975,6.5,15.0937078145661));
#5630=CARTESIAN_POINT('',(-19.5,3.,13.0874156291321));
#5631=CARTESIAN_POINT('',(-19.5,3.,13.0874156291321));
#5632=CARTESIAN_POINT('',(-19.5,6.5,13.0874156291321));
#5633=CARTESIAN_POINT('Origin',(-22.975,6.5,19.106292185434));
#5634=CARTESIAN_POINT('',(-22.975,3.,19.106292185434));
#5635=CARTESIAN_POINT('',(-22.975,6.5,19.106292185434));
#5636=CARTESIAN_POINT('',(-22.975,3.,15.0937078145661));
#5637=CARTESIAN_POINT('Origin',(-19.5,6.5,21.1125843708679));
#5638=CARTESIAN_POINT('',(-19.5,3.,21.1125843708679));
#5639=CARTESIAN_POINT('',(-19.5,6.5,21.1125843708679));
#5640=CARTESIAN_POINT('',(-22.975,3.,19.106292185434));
#5641=CARTESIAN_POINT('Origin',(12.0234760872819,0.,2.83000334452299));
#5642=CARTESIAN_POINT('',(16.3758668223924,-1.55996340189972,9.));
#5643=CARTESIAN_POINT('',(16.3758668223924,1.55996340189973,9.));
#5644=CARTESIAN_POINT('Ctrl Pts',(16.3758668223924,-1.55996340189972,9.));
#5645=CARTESIAN_POINT('Ctrl Pts',(16.3826880162223,-1.48835725935112,9.08011379622407));
#5646=CARTESIAN_POINT('Ctrl Pts',(16.3802554860854,-1.40855542001273,9.15250481939284));
#5647=CARTESIAN_POINT('Ctrl Pts',(16.3636294276093,-1.21105317833452,9.29882939709424));
#5648=CARTESIAN_POINT('Ctrl Pts',(16.3465615092911,-1.09069137511556,9.36626599810486));
#5649=CARTESIAN_POINT('Ctrl Pts',(16.3066893467547,-0.80491605754984,9.48848634570957));
#5650=CARTESIAN_POINT('Ctrl Pts',(16.283803848507,-0.636970687718832,9.53541532361553));
#5651=CARTESIAN_POINT('Ctrl Pts',(16.260864062279,-0.379809130504105,9.57961925880399));
#5652=CARTESIAN_POINT('Ctrl Pts',(16.2550450718542,-0.294042201310848,9.58995296689895));
#5653=CARTESIAN_POINT('Ctrl Pts',(16.249425777441,-0.160044481821802,9.59982455814573));
#5654=CARTESIAN_POINT('Ctrl Pts',(16.2480934490807,-0.112085224556175,9.6021167849015));
#5655=CARTESIAN_POINT('Ctrl Pts',(16.2469417342704,-0.023943216879513,9.60409940306985));
#5656=CARTESIAN_POINT('Ctrl Pts',(16.2469100034879,0.016232353646786,9.60415360628156));
#5657=CARTESIAN_POINT('Ctrl Pts',(16.2479117858883,0.103358836107485,9.60242991513173));
#5658=CARTESIAN_POINT('Ctrl Pts',(16.2491279956936,0.150305178652494,9.60033938539928));
#5659=CARTESIAN_POINT('Ctrl Pts',(16.2541650002392,0.276811502644672,9.59151076608641));
#5660=CARTESIAN_POINT('Ctrl Pts',(16.2592280889457,0.356166615583774,9.58254870621596));
#5661=CARTESIAN_POINT('Ctrl Pts',(16.287865257967,0.696502595335211,9.52817280343206));
#5662=CARTESIAN_POINT('Ctrl Pts',(16.3259445881895,0.932239575856569,9.44957994121979));
#5663=CARTESIAN_POINT('Ctrl Pts',(16.3744761585787,1.30679335956289,9.24133349694371));
#5664=CARTESIAN_POINT('Ctrl Pts',(16.3866752609954,1.44650077136294,9.12694332830038));
#5665=CARTESIAN_POINT('Ctrl Pts',(16.3758668223924,1.55996340189972,9.));
#5666=CARTESIAN_POINT('',(16.2589206283812,2.5,6.35954046210575));
#5667=CARTESIAN_POINT('Ctrl Pts',(16.2589206283812,2.5,6.35954046210575));
#5668=CARTESIAN_POINT('Ctrl Pts',(16.2589206283812,2.5,5.96009404870278));
#5669=CARTESIAN_POINT('Ctrl Pts',(16.2685352680173,2.44046661181735,5.52788572885588));
#5670=CARTESIAN_POINT('Ctrl Pts',(16.3067791152234,2.17027007910675,4.72133287570093));
#5671=CARTESIAN_POINT('Ctrl Pts',(16.3351260617305,1.95907488530587,4.34715331683984));
#5672=CARTESIAN_POINT('Ctrl Pts',(16.3840136335098,1.48644353294869,3.82196502422824));
#5673=CARTESIAN_POINT('Ctrl Pts',(16.4071396224923,1.22278841513063,3.61477009579876));
#5674=CARTESIAN_POINT('Ctrl Pts',(16.4404219516252,0.634009536870359,3.33596785538915));
#5675=CARTESIAN_POINT('Ctrl Pts',(16.45,0.308785986732562,3.26450257349364));
#5676=CARTESIAN_POINT('Ctrl Pts',(16.45,-0.308785986732561,3.26450257349364));
#5677=CARTESIAN_POINT('Ctrl Pts',(16.4404219516252,-0.634009536870358,3.33596785538915));
#5678=CARTESIAN_POINT('Ctrl Pts',(16.4071396224923,-1.22278841513063,3.61477009579876));
#5679=CARTESIAN_POINT('Ctrl Pts',(16.3840136335098,-1.48644353294869,3.82196502422824));
#5680=CARTESIAN_POINT('Ctrl Pts',(16.3351260617305,-1.95907488530587,4.34715331683984));
#5681=CARTESIAN_POINT('Ctrl Pts',(16.3067791152234,-2.17027007910675,4.72133287570093));
#5682=CARTESIAN_POINT('Ctrl Pts',(16.2685352680173,-2.44046661181735,5.52788572885588));
#5683=CARTESIAN_POINT('Ctrl Pts',(16.2589206283812,-2.5,5.96009404870278));
#5684=CARTESIAN_POINT('Ctrl Pts',(16.2589206283812,-2.5,6.35954046210575));
#5685=CARTESIAN_POINT('Ctrl Pts',(16.2589206283812,-2.5,6.76130127193727));
#5686=CARTESIAN_POINT('Ctrl Pts',(16.2684917838065,-2.44018891617827,7.19569258479742));
#5687=CARTESIAN_POINT('Ctrl Pts',(16.3039316355217,-2.19092678006626,8.02243557862147));
#5688=CARTESIAN_POINT('Ctrl Pts',(16.3294504357597,-2.00173104961661,8.41487917849579));
#5689=CARTESIAN_POINT('Ctrl Pts',(16.3615903018276,-1.70438465325922,8.82872066618276));
#5690=CARTESIAN_POINT('Ctrl Pts',(16.3687177710951,-1.63501125995194,8.91603557190687));
#5691=CARTESIAN_POINT('Ctrl Pts',(16.3758668223924,-1.55996340189972,9.));
#5692=CARTESIAN_POINT('',(13.2156157631796,2.5,3.82345307443771));
#5693=CARTESIAN_POINT('',(12.0234760872819,2.5,2.83000334452299));
#5694=CARTESIAN_POINT('',(13.45,7.54186033387523E-16,0.76450257349364));
#5695=CARTESIAN_POINT('Ctrl Pts',(13.45,-2.08166817117217E-16,0.76450257349364));
#5696=CARTESIAN_POINT('Ctrl Pts',(13.45,0.308553505933072,0.76450257349364));
#5697=CARTESIAN_POINT('Ctrl Pts',(13.438300103937,0.634181285810573,0.834089538152364));
#5698=CARTESIAN_POINT('Ctrl Pts',(13.397395701429,1.22469758110385,1.10784436919862));
#5699=CARTESIAN_POINT('Ctrl Pts',(13.3688857705773,1.48962472444077,1.31203225240456));
#5700=CARTESIAN_POINT('Ctrl Pts',(13.3087426958763,1.96256929597657,1.83083536986485));
#5701=CARTESIAN_POINT('Ctrl Pts',(13.2739896639053,2.17307378601528,2.20042860853858));
#5702=CARTESIAN_POINT('Ctrl Pts',(13.2272603688341,2.44144099911972,2.99882543569138));
#5703=CARTESIAN_POINT('Ctrl Pts',(13.2156157631796,2.5,3.42741419333684));
#5704=CARTESIAN_POINT('Ctrl Pts',(13.2156157631796,2.5,3.82345307443771));
#5705=CARTESIAN_POINT('',(13.2156157631796,-2.5,3.82345307443771));
#5706=CARTESIAN_POINT('Ctrl Pts',(13.2156157631796,-2.5,3.82345307443771));
#5707=CARTESIAN_POINT('Ctrl Pts',(13.2156157631796,-2.5,3.42741419333684));
#5708=CARTESIAN_POINT('Ctrl Pts',(13.2272603688341,-2.44144099911972,2.99882543569138));
#5709=CARTESIAN_POINT('Ctrl Pts',(13.2739896639053,-2.17307378601528,2.20042860853858));
#5710=CARTESIAN_POINT('Ctrl Pts',(13.3087426958763,-1.96256929597658,1.83083536986485));
#5711=CARTESIAN_POINT('Ctrl Pts',(13.3688857705773,-1.48962472444077,1.31203225240456));
#5712=CARTESIAN_POINT('Ctrl Pts',(13.397395701429,-1.22469758110385,1.10784436919862));
#5713=CARTESIAN_POINT('Ctrl Pts',(13.438300103937,-0.634181285810573,0.834089538152365));
#5714=CARTESIAN_POINT('Ctrl Pts',(13.45,-0.308553505933072,0.76450257349364));
#5715=CARTESIAN_POINT('Ctrl Pts',(13.45,-1.38777878078145E-16,0.76450257349364));
#5716=CARTESIAN_POINT('',(13.45,1.04908902430358E-15,7.27304397008252));
#5717=CARTESIAN_POINT('Ctrl Pts',(13.45,4.5102810375397E-16,7.27304397008252));
#5718=CARTESIAN_POINT('Ctrl Pts',(13.45,-0.1573250879362,7.27304397008252));
#5719=CARTESIAN_POINT('Ctrl Pts',(13.4471714123925,-0.316641985508222,7.25104518809561));
#5720=CARTESIAN_POINT('Ctrl Pts',(13.4362561738723,-0.627456110059445,7.16415538373354));
#5721=CARTESIAN_POINT('Ctrl Pts',(13.4281865527218,-0.778969195138591,7.09931895830619));
#5722=CARTESIAN_POINT('Ctrl Pts',(13.3987588997513,-1.20735494757087,6.85360965344307));
#5723=CARTESIAN_POINT('Ctrl Pts',(13.3722066770583,-1.45791955777466,6.61932234984246));
#5724=CARTESIAN_POINT('Ctrl Pts',(13.3143187302357,-1.92514976631334,6.03460924443968));
#5725=CARTESIAN_POINT('Ctrl Pts',(13.2791248496931,-2.14211567683349,5.61680452719558));
#5726=CARTESIAN_POINT('Ctrl Pts',(13.2294955141422,-2.42986927568517,4.72937129634267));
#5727=CARTESIAN_POINT('Ctrl Pts',(13.2156157631796,-2.5,4.25949890747185));
#5728=CARTESIAN_POINT('Ctrl Pts',(13.2156157631796,-2.5,3.82345307443771));
#5729=CARTESIAN_POINT('Ctrl Pts',(13.2156157631796,2.5,3.82345307443771));
#5730=CARTESIAN_POINT('Ctrl Pts',(13.2156157631796,2.5,4.25949890747185));
#5731=CARTESIAN_POINT('Ctrl Pts',(13.2294955141422,2.42986927568517,4.72937129634267));
#5732=CARTESIAN_POINT('Ctrl Pts',(13.2791248496931,2.14211567683349,5.61680452719558));
#5733=CARTESIAN_POINT('Ctrl Pts',(13.3143187302357,1.92514976631334,6.03460924443968));
#5734=CARTESIAN_POINT('Ctrl Pts',(13.3722066770583,1.45791955777466,6.61932234984247));
#5735=CARTESIAN_POINT('Ctrl Pts',(13.3987588997513,1.20735494757086,6.85360965344307));
#5736=CARTESIAN_POINT('Ctrl Pts',(13.4281865527218,0.778969195138592,7.09931895830619));
#5737=CARTESIAN_POINT('Ctrl Pts',(13.4362561738723,0.627456110059446,7.16415538373354));
#5738=CARTESIAN_POINT('Ctrl Pts',(13.4471714123925,0.316641985508223,7.25104518809561));
#5739=CARTESIAN_POINT('Ctrl Pts',(13.45,0.157325087936201,7.27304397008252));
#5740=CARTESIAN_POINT('Ctrl Pts',(13.45,5.20417042793042E-16,7.27304397008252));
#5741=CARTESIAN_POINT('Ctrl Pts',(16.3758668223924,1.55996340189972,9.));
#5742=CARTESIAN_POINT('Ctrl Pts',(16.372646880796,1.59376505051214,8.96218231715058));
#5743=CARTESIAN_POINT('Ctrl Pts',(16.3694441765008,1.62627792642059,8.92384600000989));
#5744=CARTESIAN_POINT('Ctrl Pts',(16.3388371826327,1.92850037788797,8.5499419099083));
#5745=CARTESIAN_POINT('Ctrl Pts',(16.3101928907557,2.14498635874599,8.136515203865));
#5746=CARTESIAN_POINT('Ctrl Pts',(16.2700171554127,2.43102864861052,7.25743720707668));
#5747=CARTESIAN_POINT('Ctrl Pts',(16.2589206283812,2.5,6.79157586461597));
#5748=CARTESIAN_POINT('Ctrl Pts',(16.2589206283812,2.5,6.35954046210576));
#5749=CARTESIAN_POINT('Origin',(0.,0.,0.));
#5750=CARTESIAN_POINT('',(-16.45,-2.0145439845974E-15,9.));
#5751=CARTESIAN_POINT('Origin',(0.,0.,9.));
#5752=CARTESIAN_POINT('',(-16.45,2.0145439845974E-15,-5.));
#5753=CARTESIAN_POINT('',(-16.45,-2.0145439845974E-15,0.));
#5754=CARTESIAN_POINT('',(-13.9127249357326,-8.77716268862797,-2.));
#5755=CARTESIAN_POINT('Ctrl Pts',(-13.9127249357326,-8.77716268862797,-2.));
#5756=CARTESIAN_POINT('Ctrl Pts',(-14.2546313701795,-8.23520507146094,-2.));
#5757=CARTESIAN_POINT('Ctrl Pts',(-14.8741274176061,-7.1110622725661,-2.15980627356205));
#5758=CARTESIAN_POINT('Ctrl Pts',(-15.5857796859969,-5.37045624124845,-2.68009136395641));
#5759=CARTESIAN_POINT('Ctrl Pts',(-16.0054124684295,-3.88327915448584,-3.26010190936514));
#5760=CARTESIAN_POINT('Ctrl Pts',(-16.2359924348964,-2.69538310894428,-3.76923933781224));
#5761=CARTESIAN_POINT('Ctrl Pts',(-16.3591363536126,-1.80310013580697,-4.16793612042342));
#5762=CARTESIAN_POINT('Ctrl Pts',(-16.4331270209071,-0.907236263967478,
-4.57873490900165));
#5763=CARTESIAN_POINT('Ctrl Pts',(-16.4497763442336,-0.310273822894853,
-4.85592181942313));
#5764=CARTESIAN_POINT('Ctrl Pts',(-16.4499985390064,-0.00802853415390906,
-4.99627186928138));
#5765=CARTESIAN_POINT('Ctrl Pts',(-16.45,-0.00401430520745479,-4.99813591841262));
#5766=CARTESIAN_POINT('Ctrl Pts',(-16.45,-1.76620521187517E-15,-5.));
#5767=CARTESIAN_POINT('',(-8.56133828996283,-14.0465649425337,-2.));
#5768=CARTESIAN_POINT('Origin',(0.,0.,-2.));
#5769=CARTESIAN_POINT('',(-4.,-15.9562683607439,-7.64766374715906));
#5770=CARTESIAN_POINT('Ctrl Pts',(-8.56133828996283,-14.0465649425337,-2.00000000000059));
#5771=CARTESIAN_POINT('Ctrl Pts',(-8.5589965940384,-14.047992199024,-2.00247973037609));
#5772=CARTESIAN_POINT('Ctrl Pts',(-8.55665278532418,-14.0494199401459,-2.00495717534794));
#5773=CARTESIAN_POINT('Ctrl Pts',(-8.55430686405031,-14.0508481621453,-2.00743235189196));
#5774=CARTESIAN_POINT('Ctrl Pts',(-7.54247383527189,-14.6668629481189,-3.07501522740574));
#5775=CARTESIAN_POINT('Ctrl Pts',(-6.40181388085145,-15.1964302036735,-3.5648768421254));
#5776=CARTESIAN_POINT('Ctrl Pts',(-5.31780253210366,-15.566742633883,-4.71156158027769));
#5777=CARTESIAN_POINT('Ctrl Pts',(-5.04238768702409,-15.6608279409373,-5.00289985812702));
#5778=CARTESIAN_POINT('Ctrl Pts',(-4.78809202054992,-15.7387830985482,-5.33431976451684));
#5779=CARTESIAN_POINT('Ctrl Pts',(-4.61473802298571,-15.7894487864273,-5.61465477883227));
#5780=CARTESIAN_POINT('Ctrl Pts',(-4.27557943939474,-15.8885737167963,-6.16311646833533));
#5781=CARTESIAN_POINT('Ctrl Pts',(-4.14970969613145,-15.9182307017185,-6.54984667594899));
#5782=CARTESIAN_POINT('Ctrl Pts',(-4.06490669577863,-15.9398567607935,-6.98496001553681));
#5783=CARTESIAN_POINT('Ctrl Pts',(-4.02245120199965,-15.9506835595235,-7.20279371959405));
#5784=CARTESIAN_POINT('Ctrl Pts',(-4.,-15.9562683607415,-7.42435280798116));
#5785=CARTESIAN_POINT('Ctrl Pts',(-4.,-15.9562683607415,-7.64766374715749));
#5786=CARTESIAN_POINT('',(-4.,-15.9562683607415,-27.));
#5787=CARTESIAN_POINT('',(-4.,-15.9562683607415,0.));
#5788=CARTESIAN_POINT('',(-7.,-14.8863192226957,-30.));
#5789=CARTESIAN_POINT('Ctrl Pts',(-4.,-15.9562683607415,-27.));
#5790=CARTESIAN_POINT('Ctrl Pts',(-4.,-15.9562683607415,-27.3799978742944));
#5791=CARTESIAN_POINT('Ctrl Pts',(-4.07674272533295,-15.9376312223815,-27.784226219343));
#5792=CARTESIAN_POINT('Ctrl Pts',(-4.38489219369319,-15.8556186035976,-28.5236975726939));
#5793=CARTESIAN_POINT('Ctrl Pts',(-4.61623366934047,-15.791402952188,-28.8588743564598));
#5794=CARTESIAN_POINT('Ctrl Pts',(-5.15468156167308,-15.6241889892888,-29.3973222487924));
#5795=CARTESIAN_POINT('Ctrl Pts',(-5.50098978930093,-15.5080423971206,-29.6293153856815));
#5796=CARTESIAN_POINT('Ctrl Pts',(-6.24305386161004,-15.224471960242,-29.930420305069));
#5797=CARTESIAN_POINT('Ctrl Pts',(-6.63836143601862,-15.0563726731155,-30.));
#5798=CARTESIAN_POINT('Ctrl Pts',(-7.,-14.8863192226957,-30.));
#5799=CARTESIAN_POINT('',(-3.,-16.174130579416,-30.));
#5800=CARTESIAN_POINT('Origin',(0.,0.,-30.));
#5801=CARTESIAN_POINT('',(-3.,-16.174130579416,-5.));
#5802=CARTESIAN_POINT('',(-3.,-16.174130579416,0.));
#5803=CARTESIAN_POINT('',(3.,-16.174130579416,-5.));
#5804=CARTESIAN_POINT('Origin',(0.,0.,-5.));
#5805=CARTESIAN_POINT('',(3.,-16.174130579416,-30.));
#5806=CARTESIAN_POINT('',(3.,-16.174130579416,0.));
#5807=CARTESIAN_POINT('',(7.,-14.8863192226957,-30.));
#5808=CARTESIAN_POINT('Origin',(0.,0.,-30.));
#5809=CARTESIAN_POINT('',(4.,-15.9562683607415,-27.));
#5810=CARTESIAN_POINT('Ctrl Pts',(7.,-14.8863192226957,-30.));
#5811=CARTESIAN_POINT('Ctrl Pts',(6.63332889693693,-15.0587391260341,-30.));
#5812=CARTESIAN_POINT('Ctrl Pts',(6.23269336562833,-15.2288302296521,-29.9284669749946));
#5813=CARTESIAN_POINT('Ctrl Pts',(5.48224486589501,-15.5147906083623,-29.6193697848828));
#5814=CARTESIAN_POINT('Ctrl Pts',(5.13289710621582,-15.6313762574622,-29.3813396694313));
#5815=CARTESIAN_POINT('Ctrl Pts',(4.59990798182027,-15.7960479004342,-28.8367109342553));
#5816=CARTESIAN_POINT('Ctrl Pts',(4.37451689429593,-15.8584421966386,-28.504322851471));
#5817=CARTESIAN_POINT('Ctrl Pts',(4.07452940395112,-15.9381553674103,-27.7731566766469));
#5818=CARTESIAN_POINT('Ctrl Pts',(4.,-15.9562683607415,-27.3744378906323));
#5819=CARTESIAN_POINT('Ctrl Pts',(4.,-15.9562683607415,-27.));
#5820=CARTESIAN_POINT('',(4.,-15.9562683607415,-7.64766374715752));
#5821=CARTESIAN_POINT('',(4.,-15.9562683607415,0.));
#5822=CARTESIAN_POINT('',(8.56133828996283,-14.0465649425337,-2.));
#5823=CARTESIAN_POINT('Ctrl Pts',(4.,-15.9562683607415,-7.64766374715748));
#5824=CARTESIAN_POINT('Ctrl Pts',(4.,-15.9562683607415,-7.25503127650769));
#5825=CARTESIAN_POINT('Ctrl Pts',(4.06930631104434,-15.9392645503749,-6.86779136109533));
#5826=CARTESIAN_POINT('Ctrl Pts',(4.19503876097548,-15.906104167706,-6.49675782152937));
#5827=CARTESIAN_POINT('Ctrl Pts',(4.30609316526816,-15.8768149385099,-6.16903885373971));
#5828=CARTESIAN_POINT('Ctrl Pts',(4.47036147045603,-15.8344932253515,-5.80048495782604));
#5829=CARTESIAN_POINT('Ctrl Pts',(4.79166492729381,-15.7366593413133,-5.34823099753315));
#5830=CARTESIAN_POINT('Ctrl Pts',(5.02241215280248,-15.6663989789607,-5.02344038497657));
#5831=CARTESIAN_POINT('Ctrl Pts',(5.34608502364704,-15.5604197907515,-4.66590237277746));
#5832=CARTESIAN_POINT('Ctrl Pts',(5.65010295611597,-15.4492341747185,-4.38193180973525));
#5833=CARTESIAN_POINT('Ctrl Pts',(6.5295669595539,-15.1275960851261,-3.5604608977944));
#5834=CARTESIAN_POINT('Ctrl Pts',(7.42479988359443,-14.7107896939014,-3.06738037724992));
#5835=CARTESIAN_POINT('Ctrl Pts',(8.25989438364128,-14.2259145495497,-2.29723351125928));
#5836=CARTESIAN_POINT('Ctrl Pts',(8.35929931654007,-14.1681977508092,-2.20555957791195));
#5837=CARTESIAN_POINT('Ctrl Pts',(8.45760587916963,-14.1097207575345,-2.10946135526565));
#5838=CARTESIAN_POINT('Ctrl Pts',(8.55430686404927,-14.0508481621459,-2.00743235189281));
#5839=CARTESIAN_POINT('Ctrl Pts',(8.55665278558112,-14.0494199399895,-2.00495717507787));
#5840=CARTESIAN_POINT('Ctrl Pts',(8.55899659378142,-14.0479921991807,-2.00247973064784));
#5841=CARTESIAN_POINT('Ctrl Pts',(8.56133828996283,-14.0465649425337,-2.00000000000022));
#5842=CARTESIAN_POINT('',(13.9127249357326,-8.77716268862797,-2.));
#5843=CARTESIAN_POINT('Origin',(0.,0.,-2.));
#5844=CARTESIAN_POINT('',(16.45,2.0145439845974E-15,-5.));
#5845=CARTESIAN_POINT('Ctrl Pts',(16.45,5.66637840562593E-16,-5.));
#5846=CARTESIAN_POINT('Ctrl Pts',(16.45,-0.00401430520746453,-4.99813591841262));
#5847=CARTESIAN_POINT('Ctrl Pts',(16.4499990160541,-0.00802705941611797,
-4.99627166378168));
#5848=CARTESIAN_POINT('Ctrl Pts',(16.4489141852804,-1.20559782654419,-4.4405492921056));
#5849=CARTESIAN_POINT('Ctrl Pts',(16.2545233845254,-2.99510260533997,-3.60250852783399));
#5850=CARTESIAN_POINT('Ctrl Pts',(15.4199608422074,-5.96189183643427,-2.45278540424425));
#5851=CARTESIAN_POINT('Ctrl Pts',(14.5965378046264,-7.6932474542939,-2.));
#5852=CARTESIAN_POINT('Ctrl Pts',(13.9127249357326,-8.77716268862797,-2.));
#5853=CARTESIAN_POINT('',(13.9127249357326,8.77716268862797,-2.));
#5854=CARTESIAN_POINT('Ctrl Pts',(13.9127249357326,8.77716268862797,-2.));
#5855=CARTESIAN_POINT('Ctrl Pts',(14.2546313701795,8.23520507146094,-2.));
#5856=CARTESIAN_POINT('Ctrl Pts',(14.8741274176061,7.11106227256685,-2.15980627356176));
#5857=CARTESIAN_POINT('Ctrl Pts',(15.5857796859969,5.37045624124937,-2.68009136395606));
#5858=CARTESIAN_POINT('Ctrl Pts',(16.0054124684295,3.88327915448825,-3.2601019093642));
#5859=CARTESIAN_POINT('Ctrl Pts',(16.2359924348963,2.6953831089468,-3.76923933781129));
#5860=CARTESIAN_POINT('Ctrl Pts',(16.3591363536125,1.80310013581255,-4.16793612042125));
#5861=CARTESIAN_POINT('Ctrl Pts',(16.433127020907,0.907236263969802,-4.57873490900079));
#5862=CARTESIAN_POINT('Ctrl Pts',(16.4497763442335,0.310273822907827,-4.85592181941806));
#5863=CARTESIAN_POINT('Ctrl Pts',(16.4499985390063,0.00802853415316999,
-4.99627186928166));
#5864=CARTESIAN_POINT('Ctrl Pts',(16.45,0.00401430520744925,-4.99813591841262));
#5865=CARTESIAN_POINT('Ctrl Pts',(16.45,-5.66637840564041E-16,-5.));
#5866=CARTESIAN_POINT('',(8.56133828996283,14.0465649425337,-2.));
#5867=CARTESIAN_POINT('Origin',(0.,0.,-2.));
#5868=CARTESIAN_POINT('',(4.,15.9562683607439,-7.64766374715906));
#5869=CARTESIAN_POINT('Ctrl Pts',(8.56133828996283,14.0465649425337,-2.00000000000058));
#5870=CARTESIAN_POINT('Ctrl Pts',(8.55899659389481,14.0479921991115,-2.00247973052814));
#5871=CARTESIAN_POINT('Ctrl Pts',(8.55665278546702,14.0494199400589,-2.00495717519793));
#5872=CARTESIAN_POINT('Ctrl Pts',(8.55430686404921,14.050848162146,-2.00743235189363));
#5873=CARTESIAN_POINT('Ctrl Pts',(7.54247380706046,14.6668629652942,-3.07501525723743));
#5874=CARTESIAN_POINT('Ctrl Pts',(6.40181395502674,15.1964301734799,-3.56487679414647));
#5875=CARTESIAN_POINT('Ctrl Pts',(5.31780259452769,15.5667426125582,-4.71156151424453));
#5876=CARTESIAN_POINT('Ctrl Pts',(5.04238776280802,15.6608279162818,-5.00289977021625));
#5877=CARTESIAN_POINT('Ctrl Pts',(4.78809208798383,15.738783078115,-5.334319670535));
#5878=CARTESIAN_POINT('Ctrl Pts',(4.61473808377953,15.7894487686592,-5.61465468052109));
#5879=CARTESIAN_POINT('Ctrl Pts',(4.2755794510147,15.8885737148175,-6.16311642006617));
#5880=CARTESIAN_POINT('Ctrl Pts',(4.14970969883009,15.9182307010406,-6.54984665599182));
#5881=CARTESIAN_POINT('Ctrl Pts',(4.06490669395015,15.9398567612598,-6.98496002491849));
#5882=CARTESIAN_POINT('Ctrl Pts',(4.02245120135606,15.9506835596825,-7.2027937259555));
#5883=CARTESIAN_POINT('Ctrl Pts',(4.,15.9562683607415,-7.42435281118702));
#5884=CARTESIAN_POINT('Ctrl Pts',(4.,15.9562683607415,-7.64766374715749));
#5885=CARTESIAN_POINT('',(4.,15.9562683607415,-27.));
#5886=CARTESIAN_POINT('',(4.,15.9562683607415,0.));
#5887=CARTESIAN_POINT('',(7.,14.8863192226957,-30.));
#5888=CARTESIAN_POINT('Ctrl Pts',(4.,15.9562683607415,-27.));
#5889=CARTESIAN_POINT('Ctrl Pts',(4.,15.9562683607415,-27.3744378906323));
#5890=CARTESIAN_POINT('Ctrl Pts',(4.07452940395112,15.9381553674103,-27.7731566766469));
#5891=CARTESIAN_POINT('Ctrl Pts',(4.37451689429593,15.8584421966387,-28.504322851471));
#5892=CARTESIAN_POINT('Ctrl Pts',(4.59990798182027,15.7960479004342,-28.8367109342553));
#5893=CARTESIAN_POINT('Ctrl Pts',(5.13289710621582,15.6313762574622,-29.3813396694313));
#5894=CARTESIAN_POINT('Ctrl Pts',(5.48224486589501,15.5147906083623,-29.6193697848828));
#5895=CARTESIAN_POINT('Ctrl Pts',(6.23269336562833,15.2288302296521,-29.9284669749946));
#5896=CARTESIAN_POINT('Ctrl Pts',(6.63332889693693,15.0587391260341,-30.));
#5897=CARTESIAN_POINT('Ctrl Pts',(7.,14.8863192226957,-30.));
#5898=CARTESIAN_POINT('',(3.,16.174130579416,-30.));
#5899=CARTESIAN_POINT('Origin',(0.,0.,-30.));
#5900=CARTESIAN_POINT('',(3.,16.174130579416,-5.));
#5901=CARTESIAN_POINT('',(3.,16.174130579416,0.));
#5902=CARTESIAN_POINT('',(-3.,16.174130579416,-5.));
#5903=CARTESIAN_POINT('Origin',(0.,0.,-5.));
#5904=CARTESIAN_POINT('',(-3.,16.174130579416,-30.));
#5905=CARTESIAN_POINT('',(-3.,16.174130579416,0.));
#5906=CARTESIAN_POINT('',(-7.,14.8863192226957,-30.));
#5907=CARTESIAN_POINT('Origin',(0.,0.,-30.));
#5908=CARTESIAN_POINT('',(-4.,15.9562683607415,-27.));
#5909=CARTESIAN_POINT('Ctrl Pts',(-7.,14.8863192226957,-30.));
#5910=CARTESIAN_POINT('Ctrl Pts',(-6.63332889693693,15.0587391260341,-30.));
#5911=CARTESIAN_POINT('Ctrl Pts',(-6.23269336562833,15.2288302296521,-29.9284669749946));
#5912=CARTESIAN_POINT('Ctrl Pts',(-5.48224486589501,15.5147906083623,-29.6193697848828));
#5913=CARTESIAN_POINT('Ctrl Pts',(-5.13289710621582,15.6313762574622,-29.3813396694313));
#5914=CARTESIAN_POINT('Ctrl Pts',(-4.59990798182027,15.7960479004342,-28.8367109342553));
#5915=CARTESIAN_POINT('Ctrl Pts',(-4.37451689429593,15.8584421966387,-28.504322851471));
#5916=CARTESIAN_POINT('Ctrl Pts',(-4.07452940395112,15.9381553674103,-27.7731566766469));
#5917=CARTESIAN_POINT('Ctrl Pts',(-4.,15.9562683607415,-27.3744378906323));
#5918=CARTESIAN_POINT('Ctrl Pts',(-4.,15.9562683607415,-27.));
#5919=CARTESIAN_POINT('',(-4.,15.9562683607415,-7.64766374715752));
#5920=CARTESIAN_POINT('',(-4.,15.9562683607415,0.));
#5921=CARTESIAN_POINT('',(-8.56133828996283,14.0465649425337,-2.));
#5922=CARTESIAN_POINT('Ctrl Pts',(-4.,15.9562683607415,-7.64766374715748));
#5923=CARTESIAN_POINT('Ctrl Pts',(-4.,15.9562683607415,-7.25503127650304));
#5924=CARTESIAN_POINT('Ctrl Pts',(-4.06930631104598,15.9392645503745,-6.86779136108616));
#5925=CARTESIAN_POINT('Ctrl Pts',(-4.19503876097995,15.9061041677048,-6.49675782151619));
#5926=CARTESIAN_POINT('Ctrl Pts',(-4.30609316527764,15.8768149385073,-6.16903885371555));
#5927=CARTESIAN_POINT('Ctrl Pts',(-4.4703614704765,15.8344932253463,-5.80048495778367));
#5928=CARTESIAN_POINT('Ctrl Pts',(-4.79166492733668,15.7366593413002,-5.34823099747281));
#5929=CARTESIAN_POINT('Ctrl Pts',(-5.02241215282792,15.6663989789522,-5.0234403849505));
#5930=CARTESIAN_POINT('Ctrl Pts',(-5.34608502363317,15.5604197907551,-4.66590237279653));
#5931=CARTESIAN_POINT('Ctrl Pts',(-5.65010295605009,15.4492341747426,-4.38193180979678));
#5932=CARTESIAN_POINT('Ctrl Pts',(-6.52956696024375,15.127596084878,-3.5604608971323));
#5933=CARTESIAN_POINT('Ctrl Pts',(-7.424799884997,14.7107896932457,-3.06738037657766));
#5934=CARTESIAN_POINT('Ctrl Pts',(-8.25989438566321,14.2259145483758,-2.29723350939461));
#5935=CARTESIAN_POINT('Ctrl Pts',(-8.35929931787152,14.1681977500172,-2.20555957661012));
#5936=CARTESIAN_POINT('Ctrl Pts',(-8.45760587981869,14.1097207571393,-2.10946135456816));
#5937=CARTESIAN_POINT('Ctrl Pts',(-8.55430686405036,14.0508481621453,-2.00743235189266));
#5938=CARTESIAN_POINT('Ctrl Pts',(-8.55665278558139,14.0494199399893,-2.00495717507759));
#5939=CARTESIAN_POINT('Ctrl Pts',(-8.55899659378182,14.0479921991804,-2.00247973064742));
#5940=CARTESIAN_POINT('Ctrl Pts',(-8.56133828996283,14.0465649425337,-2.00000000000022));
#5941=CARTESIAN_POINT('',(-13.9127249357326,8.77716268862797,-2.));
#5942=CARTESIAN_POINT('Origin',(0.,0.,-2.));
#5943=CARTESIAN_POINT('Ctrl Pts',(-16.45,3.01161246510222E-15,-5.));
#5944=CARTESIAN_POINT('Ctrl Pts',(-16.45,0.00401430520744076,-4.99813591841261));
#5945=CARTESIAN_POINT('Ctrl Pts',(-16.4499990160541,0.00802705941683076,
-4.99627166378139));
#5946=CARTESIAN_POINT('Ctrl Pts',(-16.4489141852803,1.20559782649686,-4.44054929212473));
#5947=CARTESIAN_POINT('Ctrl Pts',(-16.2545233845254,2.99510260534138,-3.60250852783342));
#5948=CARTESIAN_POINT('Ctrl Pts',(-15.4199608422074,5.96189183642695,-2.4527854042472));
#5949=CARTESIAN_POINT('Ctrl Pts',(-14.5965378046264,7.69324745429391,-2.));
#5950=CARTESIAN_POINT('Ctrl Pts',(-13.9127249357326,8.77716268862798,-2.));
#5951=CARTESIAN_POINT('Origin',(0.,0.,9.));
#5952=CARTESIAN_POINT('Origin',(0.,0.,9.));
#5953=CARTESIAN_POINT('',(-15.45,-1.89207930468266E-15,10.));
#5954=CARTESIAN_POINT('Origin',(0.,0.,10.));
#5955=CARTESIAN_POINT('Origin',(-15.45,-1.89207930468266E-15,9.));
#5956=CARTESIAN_POINT('Origin',(0.,0.,9.6));
#5957=CARTESIAN_POINT('',(13.45,-1.64714994485319E-15,9.6));
#5958=CARTESIAN_POINT('Origin',(0.,0.,9.6));
#5959=CARTESIAN_POINT('',(13.05,1.5981640728873E-15,10.));
#5960=CARTESIAN_POINT('Origin',(13.05,-1.5981640728873E-15,9.6));
#5961=CARTESIAN_POINT('Origin',(0.,0.,10.));
#5962=CARTESIAN_POINT('Origin',(0.,0.,10.));
#5963=CARTESIAN_POINT('',(10.,1.22464679914735E-15,10.));
#5964=CARTESIAN_POINT('Origin',(0.,0.,10.));
#5965=CARTESIAN_POINT('Origin',(0.,0.,0.));
#5966=CARTESIAN_POINT('',(13.45,1.64714994485319E-15,0.));
#5967=CARTESIAN_POINT('',(13.45,4.32584992763015E-15,-29.));
#5968=CARTESIAN_POINT('',(13.45,1.64714994485319E-15,0.));
#5969=CARTESIAN_POINT('',(12.6601748654121,-4.54119724050691,-29.));
#5970=CARTESIAN_POINT('Ctrl Pts',(12.6601748654121,-4.54119724050691,-29.));
#5971=CARTESIAN_POINT('Ctrl Pts',(13.1815099555928,-3.0877934230531,-29.));
#5972=CARTESIAN_POINT('Ctrl Pts',(13.45,-1.54407672505063,-29.));
#5973=CARTESIAN_POINT('Ctrl Pts',(13.45,4.32584992763015E-15,-29.));
#5974=CARTESIAN_POINT('',(3.,-13.1111593690261,-29.));
#5975=CARTESIAN_POINT('Origin',(0.,0.,-29.));
#5976=CARTESIAN_POINT('',(3.,-13.1111593690261,-5.));
#5977=CARTESIAN_POINT('',(3.,-13.1111593690261,0.));
#5978=CARTESIAN_POINT('',(-3.,-13.1111593690261,-5.));
#5979=CARTESIAN_POINT('Origin',(0.,0.,-5.));
#5980=CARTESIAN_POINT('',(-3.,-13.1111593690261,-29.));
#5981=CARTESIAN_POINT('',(-3.,-13.1111593690261,0.));
#5982=CARTESIAN_POINT('',(-12.6601748654121,-4.54119724050691,-29.));
#5983=CARTESIAN_POINT('Origin',(0.,0.,-29.));
#5984=CARTESIAN_POINT('',(-13.45,-3.29429988970638E-15,-29.));
#5985=CARTESIAN_POINT('Ctrl Pts',(-13.45,-2.77555756156289E-15,-29.));
#5986=CARTESIAN_POINT('Ctrl Pts',(-13.45,-1.54407672505063,-29.));
#5987=CARTESIAN_POINT('Ctrl Pts',(-13.1815099555928,-3.0877934230531,-29.));
#5988=CARTESIAN_POINT('Ctrl Pts',(-12.6601748654121,-4.54119724050691,-29.));
#5989=CARTESIAN_POINT('',(-12.6601748654121,4.54119724050691,-29.));
#5990=CARTESIAN_POINT('Ctrl Pts',(-12.6601748654121,4.54119724050691,-29.));
#5991=CARTESIAN_POINT('Ctrl Pts',(-13.1815099555928,3.08779342305309,-29.));
#5992=CARTESIAN_POINT('Ctrl Pts',(-13.45,1.54407672505063,-29.));
#5993=CARTESIAN_POINT('Ctrl Pts',(-13.45,-3.29429988970638E-15,-29.));
#5994=CARTESIAN_POINT('',(-3.,13.1111593690261,-29.));
#5995=CARTESIAN_POINT('Origin',(0.,0.,-29.));
#5996=CARTESIAN_POINT('',(-3.,13.1111593690261,-5.));
#5997=CARTESIAN_POINT('',(-3.,13.1111593690261,0.));
#5998=CARTESIAN_POINT('',(3.,13.1111593690261,-5.));
#5999=CARTESIAN_POINT('Origin',(0.,0.,-5.));
#6000=CARTESIAN_POINT('',(3.,13.1111593690261,-29.));
#6001=CARTESIAN_POINT('',(3.,13.1111593690261,0.));
#6002=CARTESIAN_POINT('',(12.6601748654121,4.54119724050691,-29.));
#6003=CARTESIAN_POINT('Origin',(0.,0.,-29.));
#6004=CARTESIAN_POINT('Ctrl Pts',(13.45,1.38777878078145E-15,-29.));
#6005=CARTESIAN_POINT('Ctrl Pts',(13.45,1.54407672505063,-29.));
#6006=CARTESIAN_POINT('Ctrl Pts',(13.1815099555928,3.0877934230531,-29.));
#6007=CARTESIAN_POINT('Ctrl Pts',(12.6601748654121,4.54119724050691,-29.));
#6008=CARTESIAN_POINT('Origin',(-13.9265932661222,-1.035,10.));
#6009=CARTESIAN_POINT('',(-13.462872115478,-1.00053705692803,11.3));
#6010=CARTESIAN_POINT('Ctrl Pts',(-13.462872115478,-1.00053705692803,11.3));
#6011=CARTESIAN_POINT('Ctrl Pts',(-13.4628187802728,-1.00125471654978,11.3009600341077));
#6012=CARTESIAN_POINT('Ctrl Pts',(-13.4627671109918,-1.00197250081958,11.3019200693311));
#6013=CARTESIAN_POINT('Ctrl Pts',(-13.4563051466264,-1.09474838069721,11.4259866119965));
#6014=CARTESIAN_POINT('Ctrl Pts',(-13.4773821349845,-1.18707562828848,11.5466930661907));
#6015=CARTESIAN_POINT('Ctrl Pts',(-13.5528828836966,-1.31763264695579,11.7227723399419));
#6016=CARTESIAN_POINT('Ctrl Pts',(-13.5926433551294,-1.36509298762755,11.7881244804274));
#6017=CARTESIAN_POINT('Ctrl Pts',(-13.6845603057387,-1.43522601591807,11.8932107772697));
#6018=CARTESIAN_POINT('Ctrl Pts',(-13.7320114022488,-1.46120086468505,11.9355422927015));
#6019=CARTESIAN_POINT('Ctrl Pts',(-13.817080838757,-1.48804454169616,11.9920681337651));
#6020=CARTESIAN_POINT('Ctrl Pts',(-13.8494962941327,-1.49484133662529,12.0102645425401));
#6021=CARTESIAN_POINT('Ctrl Pts',(-13.8977360330386,-1.49932084754278,12.0326687144951));
#6022=CARTESIAN_POINT('Ctrl Pts',(-13.9120804157608,-1.50000000000211,12.0387924550993));
#6023=CARTESIAN_POINT('Ctrl Pts',(-13.9265932661898,-1.5,12.0444686878534));
#6024=CARTESIAN_POINT('',(-13.462872115478,-1.00053705692803,10.));
#6025=CARTESIAN_POINT('Origin',(-13.9265932661222,1.035,10.));
#6026=CARTESIAN_POINT('',(-13.9265932661817,1.5,12.0444686878735));
#6027=CARTESIAN_POINT('',(-13.462872115478,1.00053705692803,11.3));
#6028=CARTESIAN_POINT('Ctrl Pts',(-13.9265932661898,1.5,12.0444686878534));
#6029=CARTESIAN_POINT('Ctrl Pts',(-13.9120804157608,1.50000000000211,12.0387924550993));
#6030=CARTESIAN_POINT('Ctrl Pts',(-13.8977360330386,1.49932084754278,12.0326687144951));
#6031=CARTESIAN_POINT('Ctrl Pts',(-13.8494962941327,1.49484133662529,12.0102645425401));
#6032=CARTESIAN_POINT('Ctrl Pts',(-13.8170808387569,1.48804454169616,11.9920681337651));
#6033=CARTESIAN_POINT('Ctrl Pts',(-13.7320114022488,1.46120086468505,11.9355422927015));
#6034=CARTESIAN_POINT('Ctrl Pts',(-13.6845603057387,1.43522601591807,11.8932107772697));
#6035=CARTESIAN_POINT('Ctrl Pts',(-13.5926433551294,1.36509298762755,11.7881244804274));
#6036=CARTESIAN_POINT('Ctrl Pts',(-13.5528828836966,1.31763264695579,11.7227723399419));
#6037=CARTESIAN_POINT('Ctrl Pts',(-13.4773821349845,1.18707562828851,11.5466930661908));
#6038=CARTESIAN_POINT('Ctrl Pts',(-13.4563051466264,1.09474838069721,11.4259866119967));
#6039=CARTESIAN_POINT('Ctrl Pts',(-13.4627671109918,1.00197250081958,11.3019200693311));
#6040=CARTESIAN_POINT('Ctrl Pts',(-13.4628187802728,1.00125471654977,11.3009600341077));
#6041=CARTESIAN_POINT('Ctrl Pts',(-13.462872115478,1.00053705692803,11.3));
#6042=CARTESIAN_POINT('',(-13.462872115478,1.00053705692803,10.));
#6043=CARTESIAN_POINT('',(-13.9265932661222,1.5,10.));
#6044=CARTESIAN_POINT('Origin',(0.,0.,10.));
#6045=CARTESIAN_POINT('',(-13.4629120178363,-0.999999999999997,11.1));
#6046=CARTESIAN_POINT('',(-13.4629120178363,-1.,10.));
#6047=CARTESIAN_POINT('',(-13.5,-1.65327317884893E-15,11.1));
#6048=CARTESIAN_POINT('Origin',(0.,0.,11.1));
#6049=CARTESIAN_POINT('',(-13.5,-1.65327317884893E-15,11.));
#6050=CARTESIAN_POINT('',(-13.5,-1.65327317884893E-15,10.));
#6051=CARTESIAN_POINT('',(13.5,0.,11.));
#6052=CARTESIAN_POINT('Origin',(0.,0.,11.));
#6053=CARTESIAN_POINT('Origin',(0.,0.,11.));
#6054=CARTESIAN_POINT('',(-13.4629120178363,1.,11.1));
#6055=CARTESIAN_POINT('Origin',(0.,0.,11.1));
#6056=CARTESIAN_POINT('',(-13.4629120178363,1.,10.));
#6057=CARTESIAN_POINT('',(-10.8,8.1,11.3));
#6058=CARTESIAN_POINT('Origin',(0.,0.,11.3));
#6059=CARTESIAN_POINT('',(-10.8,8.1,10.));
#6060=CARTESIAN_POINT('',(-10.8,-8.1,11.3));
#6061=CARTESIAN_POINT('',(-10.8,-8.1,10.));
#6062=CARTESIAN_POINT('Origin',(0.,0.,11.3));
#6063=CARTESIAN_POINT('Origin',(0.,0.,11.3));
#6064=CARTESIAN_POINT('Ctrl Pts',(-10.8,-8.1,11.3));
#6065=CARTESIAN_POINT('Ctrl Pts',(-10.8015606324235,-8.09791915676864,11.3013243918913));
#6066=CARTESIAN_POINT('Ctrl Pts',(-10.8031232957706,-8.0958398340655,11.3026487848684));
#6067=CARTESIAN_POINT('Ctrl Pts',(-10.9643214709588,-7.8817801803725,11.43908957127));
#6068=CARTESIAN_POINT('Ctrl Pts',(-11.1462343850373,-7.68411200853839,11.575250058443));
#6069=CARTESIAN_POINT('Ctrl Pts',(-11.5352801032299,-7.33975404474769,11.8101990569253));
#6070=CARTESIAN_POINT('Ctrl Pts',(-11.7428591974102,-7.18737435528429,11.9134687917187));
#6071=CARTESIAN_POINT('Ctrl Pts',(-12.189634230176,-6.92383747353729,12.06216954444));
#6072=CARTESIAN_POINT('Ctrl Pts',(-12.4049306644639,-6.82550633923737,12.1));
#6073=CARTESIAN_POINT('Ctrl Pts',(-12.6062940414078,-6.75065556383726,12.1));
#6074=CARTESIAN_POINT('Origin',(0.,0.,11.3));
#6075=CARTESIAN_POINT('Ctrl Pts',(-13.9265932661896,1.5,12.0444686878533));
#6076=CARTESIAN_POINT('Ctrl Pts',(-14.0160794654992,1.5,12.079468324765));
#6077=CARTESIAN_POINT('Ctrl Pts',(-14.1266221428384,1.5,12.1));
#6078=CARTESIAN_POINT('Ctrl Pts',(-14.2211110677049,1.5,12.1));
#6079=CARTESIAN_POINT('Ctrl Pts',(-12.6062940414078,6.75065556383726,12.1));
#6080=CARTESIAN_POINT('Ctrl Pts',(-12.4871100023397,6.79495864354796,12.1));
#6081=CARTESIAN_POINT('Ctrl Pts',(-12.361765782333,6.84798611559466,12.0867266965022));
#6082=CARTESIAN_POINT('Ctrl Pts',(-11.9665246865005,7.04277644279575,12.0049164554957));
#6083=CARTESIAN_POINT('Ctrl Pts',(-11.6981580715055,7.2115019306771,11.89661369442));
#6084=CARTESIAN_POINT('Ctrl Pts',(-11.2004827073259,7.6259744224722,11.6156459985466));
#6085=CARTESIAN_POINT('Ctrl Pts',(-10.9878580960985,7.85052522465964,11.4590113578694));
#6086=CARTESIAN_POINT('Ctrl Pts',(-10.8031232957714,8.09583983406449,11.3026487848684));
#6087=CARTESIAN_POINT('Ctrl Pts',(-10.8015606324234,8.09791915676883,11.3013243918911));
#6088=CARTESIAN_POINT('Ctrl Pts',(-10.8,8.1,11.3));
#6089=CARTESIAN_POINT('Origin',(-14.,-10.5,10.));
#6090=CARTESIAN_POINT('Origin',(-14.,10.5,10.));
#6091=CARTESIAN_POINT('Origin',(-16.025,6.5,19.1062921854339));
#6092=CARTESIAN_POINT('',(-16.025,3.,19.1062921854339));
#6093=CARTESIAN_POINT('',(-16.025,6.5,19.1062921854339));
#6094=CARTESIAN_POINT('',(-19.5,3.,21.1125843708679));
#6095=CARTESIAN_POINT('Origin',(-16.025,6.5,15.0937078145661));
#6096=CARTESIAN_POINT('',(-16.025,3.,15.0937078145661));
#6097=CARTESIAN_POINT('',(-16.025,6.5,15.0937078145661));
#6098=CARTESIAN_POINT('',(-16.025,3.,19.1062921854339));
#6099=CARTESIAN_POINT('Origin',(-19.5,6.5,13.0874156291321));
#6100=CARTESIAN_POINT('',(-16.025,3.,15.0937078145661));
#6101=CARTESIAN_POINT('Origin',(-19.5,3.,17.1));
#6102=CARTESIAN_POINT('',(-21.5,3.,17.1));
#6103=CARTESIAN_POINT('Origin',(-19.5,3.,17.1));
#6104=CARTESIAN_POINT('Origin',(-19.5,-6.5,17.1));
#6105=CARTESIAN_POINT('',(-21.5,1.5,17.1));
#6106=CARTESIAN_POINT('Origin',(-19.5,1.5,17.1));
#6107=CARTESIAN_POINT('',(-21.5,-6.5,17.1));
#6108=CARTESIAN_POINT('Origin',(-19.5,-6.5,17.1));
#6109=CARTESIAN_POINT('',(-21.5,-6.5,17.1));
#6110=CARTESIAN_POINT('Origin',(-25.5,-1.5,22.1));
#6111=CARTESIAN_POINT('Origin',(-13.3660951665024,1.5,22.1));
#6112=CARTESIAN_POINT('',(-25.5,1.5,22.1));
#6113=CARTESIAN_POINT('Origin',(-25.5,1.5,22.1));
#6114=CARTESIAN_POINT('Origin',(0.,0.,21.6));
#6115=CARTESIAN_POINT('',(-9.9498743710662,-1.,21.1));
#6116=CARTESIAN_POINT('Ctrl Pts',(-9.9498743710662,-1.,21.1));
#6117=CARTESIAN_POINT('Ctrl Pts',(-10.3544011516092,-1.,21.5796797062689));
#6118=CARTESIAN_POINT('Ctrl Pts',(-10.7928717593876,-1.,22.1));
#6119=CARTESIAN_POINT('',(-9.9498743710662,1.,21.1));
#6120=CARTESIAN_POINT('Ctrl Pts',(-10.7928717593876,1.,22.1));
#6121=CARTESIAN_POINT('Ctrl Pts',(-10.3544011516092,1.,21.5796797062689));
#6122=CARTESIAN_POINT('Ctrl Pts',(-9.9498743710662,1.,21.1));
#6123=CARTESIAN_POINT('',(10.,1.22464679914735E-15,21.1));
#6124=CARTESIAN_POINT('Origin',(0.,0.,21.1));
#6125=CARTESIAN_POINT('Origin',(0.,0.,21.1));
#6126=CARTESIAN_POINT('Origin',(0.,0.,10.));
#6127=CARTESIAN_POINT('',(-9.9498743710662,1.,11.1));
#6128=CARTESIAN_POINT('',(-9.9498743710662,1.,10.));
#6129=CARTESIAN_POINT('',(-9.9498743710662,-1.,11.1));
#6130=CARTESIAN_POINT('Origin',(0.,0.,11.1));
#6131=CARTESIAN_POINT('',(-9.9498743710662,-1.,10.));
#6132=CARTESIAN_POINT('',(10.,1.22464679914735E-15,10.));
#6133=CARTESIAN_POINT('Origin',(-13.4629120178363,1.,22.1));
#6134=CARTESIAN_POINT('',(-9.25527530093121,1.,11.1));
#6135=CARTESIAN_POINT('Origin',(0.,0.,10.));
#6136=CARTESIAN_POINT('',(14.5,3.55147571752732E-15,10.));
#6137=CARTESIAN_POINT('Origin',(0.,0.,10.));
#6138=CARTESIAN_POINT('Origin',(0.,0.,11.));
#6139=CARTESIAN_POINT('Origin',(14.5,-1.77573785876366E-15,11.));
#6140=CARTESIAN_POINT('Origin',(-9.25527530093121,-1.,22.1));
#6141=CARTESIAN_POINT('',(-13.5,-1.,11.1));
#6142=CARTESIAN_POINT('Origin',(-11.3776376504656,2.77555756156289E-16,
11.1));
#6143=CARTESIAN_POINT('Origin',(0.,0.,-29.5));
#6144=CARTESIAN_POINT('',(3.,-13.9706251925141,-30.));
#6145=CARTESIAN_POINT('Ctrl Pts',(3.,-13.9706251925141,-30.));
#6146=CARTESIAN_POINT('Ctrl Pts',(3.,-13.5278929861808,-29.4841320312269));
#6147=CARTESIAN_POINT('Ctrl Pts',(3.,-13.1111593690261,-29.));
#6148=CARTESIAN_POINT('',(13.45,-4.82450704940005,-30.));
#6149=CARTESIAN_POINT('',(12.6601748654121,-4.54119724050691,-29.));
#6150=CARTESIAN_POINT('Origin',(0.,0.,-30.));
#6151=CARTESIAN_POINT('Ctrl Pts',(13.45,-4.82450704940005,-30.));
#6152=CARTESIAN_POINT('Ctrl Pts',(14.0038594085369,-3.28043032434942,-30.));
#6153=CARTESIAN_POINT('Ctrl Pts',(14.2808535553664,-1.63945974637159,-29.8826519681597));
#6154=CARTESIAN_POINT('Ctrl Pts',(14.2808535553664,2.22044604925031E-15,
-29.8826519681597));
#6155=CARTESIAN_POINT('Ctrl Pts',(13.1867249551374,-4.73007044643567,-29.6666666666667));
#6156=CARTESIAN_POINT('Ctrl Pts',(13.7297429242222,-3.21621802391731,-29.6666666666667));
#6157=CARTESIAN_POINT('Ctrl Pts',(14.0039023702443,-1.60766540593127,-29.5884346454398));
#6158=CARTESIAN_POINT('Ctrl Pts',(14.0039023702443,2.92224734204359E-15,
-29.5884346454398));
#6159=CARTESIAN_POINT('Ctrl Pts',(12.9234499102747,-4.63563384347129,-29.3333333333333));
#6160=CARTESIAN_POINT('Ctrl Pts',(13.4556264399075,-3.1520057234852,-29.3333333333333));
#6161=CARTESIAN_POINT('Ctrl Pts',(13.7269511851221,-1.57587106549095,-29.2942173227199));
#6162=CARTESIAN_POINT('Ctrl Pts',(13.7269511851221,3.62404863483687E-15,
-29.2942173227199));
#6163=CARTESIAN_POINT('Ctrl Pts',(12.6601748654121,-4.54119724050691,-29.));
#6164=CARTESIAN_POINT('Ctrl Pts',(13.1815099555928,-3.0877934230531,-29.));
#6165=CARTESIAN_POINT('Ctrl Pts',(13.45,-1.54407672505063,-29.));
#6166=CARTESIAN_POINT('Ctrl Pts',(13.45,4.32584992763015E-15,-29.));
#6167=CARTESIAN_POINT('',(14.2808535553664,2.22044604925031E-15,-29.8826519681597));
#6168=CARTESIAN_POINT('',(13.45,4.32584992763015E-15,-29.));
#6169=CARTESIAN_POINT('Ctrl Pts',(14.2808535553664,2.22044604925031E-15,
-29.8826519681597));
#6170=CARTESIAN_POINT('Ctrl Pts',(14.2808535553664,-1.63945974637159,-29.8826519681597));
#6171=CARTESIAN_POINT('Ctrl Pts',(14.0038594085369,-3.28043032434942,-30.));
#6172=CARTESIAN_POINT('Ctrl Pts',(13.45,-4.82450704940005,-30.));
#6173=CARTESIAN_POINT('Origin',(0.,0.,-29.5));
#6174=CARTESIAN_POINT('',(3.,13.9706251925141,-30.));
#6175=CARTESIAN_POINT('Ctrl Pts',(3.,13.1111593690261,-29.));
#6176=CARTESIAN_POINT('Ctrl Pts',(3.,13.5278929861807,-29.4841320312268));
#6177=CARTESIAN_POINT('Ctrl Pts',(3.,13.9706251925141,-30.));
#6178=CARTESIAN_POINT('',(13.45,4.82450704940005,-30.));
#6179=CARTESIAN_POINT('Origin',(0.,0.,-30.));
#6180=CARTESIAN_POINT('',(13.45,4.82450704940005,-30.));
#6181=CARTESIAN_POINT('Ctrl Pts',(14.2808535553664,1.94289029309402E-15,
-29.8826519681597));
#6182=CARTESIAN_POINT('Ctrl Pts',(14.2808535553664,1.63945974637159,-29.8826519681597));
#6183=CARTESIAN_POINT('Ctrl Pts',(14.0038594085369,3.28043032434942,-30.));
#6184=CARTESIAN_POINT('Ctrl Pts',(13.45,4.82450704940005,-30.));
#6185=CARTESIAN_POINT('Ctrl Pts',(14.0039023702443,1.75785312232316E-15,
-29.5884346454398));
#6186=CARTESIAN_POINT('Ctrl Pts',(14.0039023702443,1.60766540593127,-29.5884346454398));
#6187=CARTESIAN_POINT('Ctrl Pts',(13.7297429242222,3.21621802391731,-29.6666666666667));
#6188=CARTESIAN_POINT('Ctrl Pts',(13.1867249551374,4.73007044643567,-29.6666666666667));
#6189=CARTESIAN_POINT('Ctrl Pts',(13.7269511851221,1.57281595155231E-15,
-29.2942173227199));
#6190=CARTESIAN_POINT('Ctrl Pts',(13.7269511851221,1.57587106549095,-29.2942173227199));
#6191=CARTESIAN_POINT('Ctrl Pts',(13.4556264399075,3.1520057234852,-29.3333333333333));
#6192=CARTESIAN_POINT('Ctrl Pts',(12.9234499102747,4.63563384347129,-29.3333333333333));
#6193=CARTESIAN_POINT('Ctrl Pts',(13.45,1.38777878078145E-15,-29.));
#6194=CARTESIAN_POINT('Ctrl Pts',(13.45,1.54407672505063,-29.));
#6195=CARTESIAN_POINT('Ctrl Pts',(13.1815099555928,3.0877934230531,-29.));
#6196=CARTESIAN_POINT('Ctrl Pts',(12.6601748654121,4.54119724050691,-29.));
#6197=CARTESIAN_POINT('Ctrl Pts',(13.45,4.82450704940005,-30.));
#6198=CARTESIAN_POINT('Ctrl Pts',(14.0038594085369,3.28043032434942,-30.));
#6199=CARTESIAN_POINT('Ctrl Pts',(14.2808535553664,1.63945974637159,-29.8826519681597));
#6200=CARTESIAN_POINT('Ctrl Pts',(14.2808535553664,1.94289029309402E-15,
-29.8826519681597));
#6201=CARTESIAN_POINT('Origin',(13.45,16.4616100809362,-27.));
#6202=CARTESIAN_POINT('',(13.45,30.9232201618724,-30.));
#6203=CARTESIAN_POINT('',(13.45,16.4616100809362,-30.));
#6204=CARTESIAN_POINT('',(16.45,30.9232201618724,-27.));
#6205=CARTESIAN_POINT('Origin',(13.45,30.9232201618724,-27.));
#6206=CARTESIAN_POINT('',(16.45,-30.9232201618725,-27.));
#6207=CARTESIAN_POINT('',(16.45,16.4616100809362,-27.));
#6208=CARTESIAN_POINT('',(13.45,-30.9232201618725,-30.));
#6209=CARTESIAN_POINT('Origin',(13.45,-30.9232201618725,-27.));
#6210=CARTESIAN_POINT('',(13.45,16.4616100809362,-30.));
#6211=CARTESIAN_POINT('Origin',(0.,0.,-30.));
#6212=CARTESIAN_POINT('',(3.,5.525,-30.));
#6213=CARTESIAN_POINT('',(7.,30.9232201618724,-30.));
#6214=CARTESIAN_POINT('',(7.,7.97813418037074,-30.));
#6215=CARTESIAN_POINT('',(2.,30.9232201618724,-30.));
#6216=CARTESIAN_POINT('Origin',(3.,11.05,-30.));
#6217=CARTESIAN_POINT('',(3.,16.45,-5.));
#6218=CARTESIAN_POINT('Origin',(0.,0.,-29.5));
#6219=CARTESIAN_POINT('',(-3.,13.9706251925141,-30.));
#6220=CARTESIAN_POINT('Ctrl Pts',(-3.,13.9706251925141,-30.));
#6221=CARTESIAN_POINT('Ctrl Pts',(-3.,13.5278929861808,-29.4841320312269));
#6222=CARTESIAN_POINT('Ctrl Pts',(-3.,13.1111593690261,-29.));
#6223=CARTESIAN_POINT('',(-13.45,4.82450704940004,-30.));
#6224=CARTESIAN_POINT('',(-12.6601748654121,4.54119724050691,-29.));
#6225=CARTESIAN_POINT('Origin',(0.,0.,-30.));
#6226=CARTESIAN_POINT('Ctrl Pts',(-13.45,4.82450704940004,-30.));
#6227=CARTESIAN_POINT('Ctrl Pts',(-14.0038594085369,3.28043032434941,-30.));
#6228=CARTESIAN_POINT('Ctrl Pts',(-14.2808535553664,1.63945974637158,-29.8826519681597));
#6229=CARTESIAN_POINT('Ctrl Pts',(-14.2808535553664,-3.49780031913432E-15,
-29.8826519681597));
#6230=CARTESIAN_POINT('Ctrl Pts',(-13.1867249551374,4.73007044643566,-29.6666666666667));
#6231=CARTESIAN_POINT('Ctrl Pts',(-13.7297429242222,3.21621802391731,-29.6666666666667));
#6232=CARTESIAN_POINT('Ctrl Pts',(-14.0039023702443,1.60766540593126,-29.5884346454398));
#6233=CARTESIAN_POINT('Ctrl Pts',(-14.0039023702443,-3.42996684265834E-15,
-29.5884346454398));
#6234=CARTESIAN_POINT('Ctrl Pts',(-12.9234499102747,4.63563384347129,-29.3333333333333));
#6235=CARTESIAN_POINT('Ctrl Pts',(-13.4556264399075,3.1520057234852,-29.3333333333333));
#6236=CARTESIAN_POINT('Ctrl Pts',(-13.7269511851221,1.57587106549094,-29.2942173227199));
#6237=CARTESIAN_POINT('Ctrl Pts',(-13.7269511851221,-3.36213336618236E-15,
-29.2942173227199));
#6238=CARTESIAN_POINT('Ctrl Pts',(-12.6601748654121,4.54119724050691,-29.));
#6239=CARTESIAN_POINT('Ctrl Pts',(-13.1815099555928,3.08779342305309,-29.));
#6240=CARTESIAN_POINT('Ctrl Pts',(-13.45,1.54407672505063,-29.));
#6241=CARTESIAN_POINT('Ctrl Pts',(-13.45,-3.29429988970638E-15,-29.));
#6242=CARTESIAN_POINT('',(-14.2808535553664,-3.49780031913432E-15,-29.8826519681597));
#6243=CARTESIAN_POINT('',(-13.45,-3.29429988970638E-15,-29.));
#6244=CARTESIAN_POINT('Ctrl Pts',(-14.2808535553664,-3.49780031913432E-15,
-29.8826519681597));
#6245=CARTESIAN_POINT('Ctrl Pts',(-14.2808535553664,1.63945974637158,-29.8826519681597));
#6246=CARTESIAN_POINT('Ctrl Pts',(-14.0038594085369,3.28043032434941,-30.));
#6247=CARTESIAN_POINT('Ctrl Pts',(-13.45,4.82450704940004,-30.));
#6248=CARTESIAN_POINT('Origin',(0.,0.,-29.5));
#6249=CARTESIAN_POINT('',(-3.,-13.9706251925141,-30.));
#6250=CARTESIAN_POINT('Ctrl Pts',(-3.,-13.1111593690261,-29.));
#6251=CARTESIAN_POINT('Ctrl Pts',(-3.,-13.5278929861807,-29.4841320312268));
#6252=CARTESIAN_POINT('Ctrl Pts',(-3.,-13.9706251925141,-30.));
#6253=CARTESIAN_POINT('',(-13.45,-4.82450704940005,-30.));
#6254=CARTESIAN_POINT('Origin',(0.,0.,-30.));
#6255=CARTESIAN_POINT('',(-13.45,-4.82450704940005,-30.));
#6256=CARTESIAN_POINT('Ctrl Pts',(-14.2808535553664,-2.63677968348475E-15,
-29.8826519681597));
#6257=CARTESIAN_POINT('Ctrl Pts',(-14.2808535553664,-1.63945974637159,-29.8826519681597));
#6258=CARTESIAN_POINT('Ctrl Pts',(-14.0038594085369,-3.28043032434942,-30.));
#6259=CARTESIAN_POINT('Ctrl Pts',(-13.45,-4.82450704940005,-30.));
#6260=CARTESIAN_POINT('Ctrl Pts',(-14.0039023702443,-2.68303897617746E-15,
-29.5884346454398));
#6261=CARTESIAN_POINT('Ctrl Pts',(-14.0039023702443,-1.60766540593127,-29.5884346454398));
#6262=CARTESIAN_POINT('Ctrl Pts',(-13.7297429242222,-3.21621802391731,-29.6666666666667));
#6263=CARTESIAN_POINT('Ctrl Pts',(-13.1867249551374,-4.73007044643567,-29.6666666666667));
#6264=CARTESIAN_POINT('Ctrl Pts',(-13.7269511851221,-2.72929826887018E-15,
-29.2942173227199));
#6265=CARTESIAN_POINT('Ctrl Pts',(-13.7269511851221,-1.57587106549095,-29.2942173227199));
#6266=CARTESIAN_POINT('Ctrl Pts',(-13.4556264399075,-3.15200572348521,-29.3333333333333));
#6267=CARTESIAN_POINT('Ctrl Pts',(-12.9234499102747,-4.63563384347129,-29.3333333333333));
#6268=CARTESIAN_POINT('Ctrl Pts',(-13.45,-2.77555756156289E-15,-29.));
#6269=CARTESIAN_POINT('Ctrl Pts',(-13.45,-1.54407672505063,-29.));
#6270=CARTESIAN_POINT('Ctrl Pts',(-13.1815099555928,-3.0877934230531,-29.));
#6271=CARTESIAN_POINT('Ctrl Pts',(-12.6601748654121,-4.54119724050691,-29.));
#6272=CARTESIAN_POINT('Ctrl Pts',(-13.45,-4.82450704940005,-30.));
#6273=CARTESIAN_POINT('Ctrl Pts',(-14.0038594085369,-3.28043032434942,-30.));
#6274=CARTESIAN_POINT('Ctrl Pts',(-14.2808535553664,-1.63945974637159,-29.8826519681597));
#6275=CARTESIAN_POINT('Ctrl Pts',(-14.2808535553664,-2.63677968348475E-15,
-29.8826519681597));
#6276=CARTESIAN_POINT('Origin',(-3.,16.174130579416,-30.));
#6277=CARTESIAN_POINT('',(-3.,8.087065289708,-30.));
#6278=CARTESIAN_POINT('',(-3.,11.05,-5.));
#6279=CARTESIAN_POINT('Origin',(0.,0.,-30.));
#6280=CARTESIAN_POINT('',(-13.45,30.9232201618724,-30.));
#6281=CARTESIAN_POINT('',(-13.45,1.0072719922987E-15,-30.));
#6282=CARTESIAN_POINT('',(-7.,30.9232201618724,-30.));
#6283=CARTESIAN_POINT('',(-2.,30.9232201618724,-30.));
#6284=CARTESIAN_POINT('',(-7.,7.97813418037074,-30.));
#6285=CARTESIAN_POINT('Origin',(-13.45,1.0072719922987E-15,-27.));
#6286=CARTESIAN_POINT('',(-13.45,-30.9232201618724,-30.));
#6287=CARTESIAN_POINT('',(-13.45,1.0072719922987E-15,-30.));
#6288=CARTESIAN_POINT('',(-16.45,-30.9232201618724,-27.));
#6289=CARTESIAN_POINT('Origin',(-13.45,-30.9232201618724,-27.));
#6290=CARTESIAN_POINT('',(-16.45,30.9232201618724,-27.));
#6291=CARTESIAN_POINT('',(-16.45,1.0072719922987E-15,-27.));
#6292=CARTESIAN_POINT('Origin',(-13.45,30.9232201618724,-27.));
#6293=CARTESIAN_POINT('Origin',(0.,0.,-30.));
#6294=CARTESIAN_POINT('',(-3.,-8.087065289708,-30.));
#6295=CARTESIAN_POINT('',(-7.,-30.9232201618724,-30.));
#6296=CARTESIAN_POINT('',(-7.,-16.4616100809362,-30.));
#6297=CARTESIAN_POINT('',(-8.225,-30.9232201618724,-30.));
#6298=CARTESIAN_POINT('Origin',(16.45,28.9338025092077,-14.631655900366));
#6299=CARTESIAN_POINT('',(16.45,23.9444524784618,-11.7265363496368));
#6300=CARTESIAN_POINT('',(16.45,28.9338025092077,-14.631655900366));
#6301=CARTESIAN_POINT('',(16.45,28.3293544200239,-14.2797074600947));
#6302=CARTESIAN_POINT('',(11.45,23.9444524784618,-11.7265363496368));
#6303=CARTESIAN_POINT('',(16.45,23.9444524784618,-11.7265363496368));
#6304=CARTESIAN_POINT('',(11.45,28.9338025092077,-14.631655900366));
#6305=CARTESIAN_POINT('',(11.45,23.9444524784618,-11.7265363496368));
#6306=CARTESIAN_POINT('',(16.45,28.9338025092077,-14.631655900366));
#6307=CARTESIAN_POINT('Origin',(16.45,28.9125701926183,-20.4051195507292));
#6308=CARTESIAN_POINT('',(16.45,28.9125701926183,-20.4051195507292));
#6309=CARTESIAN_POINT('',(16.45,28.9409236327947,-12.6952893241655));
#6310=CARTESIAN_POINT('',(11.45,28.9125701926183,-20.4051195507292));
#6311=CARTESIAN_POINT('',(11.45,28.9338025092077,-14.631655900366));
#6312=CARTESIAN_POINT('',(16.45,28.9125701926183,-20.4051195507292));
#6313=CARTESIAN_POINT('Origin',(16.45,23.9019878452831,-23.2734636503632));
#6314=CARTESIAN_POINT('',(16.45,23.9019878452831,-23.2734636503632));
#6315=CARTESIAN_POINT('',(16.45,31.2386986525852,-19.0735104920167));
#6316=CARTESIAN_POINT('',(11.45,23.9019878452831,-23.2734636503632));
#6317=CARTESIAN_POINT('',(11.45,28.9125701926184,-20.4051195507292));
#6318=CARTESIAN_POINT('',(16.45,23.9019878452831,-23.2734636503632));
#6319=CARTESIAN_POINT('Origin',(16.45,18.9126378145371,-20.368344099634));
#6320=CARTESIAN_POINT('',(16.45,18.9126378145371,-20.368344099634));
#6321=CARTESIAN_POINT('',(16.45,20.8028647407263,-21.4689554347273));
#6322=CARTESIAN_POINT('',(11.45,18.9126378145371,-20.368344099634));
#6323=CARTESIAN_POINT('',(11.45,23.9019878452831,-23.2734636503632));
#6324=CARTESIAN_POINT('',(16.45,18.9126378145371,-20.368344099634));
#6325=CARTESIAN_POINT('Origin',(16.45,18.9338701311265,-14.5948804492708));
#6326=CARTESIAN_POINT('',(16.45,18.9338701311265,-14.5948804492708));
#6327=CARTESIAN_POINT('',(16.45,18.9516074130082,-9.77178204788863));
#6328=CARTESIAN_POINT('',(11.45,18.9338701311265,-14.5948804492708));
#6329=CARTESIAN_POINT('',(11.45,18.9126378145371,-20.368344099634));
#6330=CARTESIAN_POINT('',(16.45,18.9338701311265,-14.5948804492708));
#6331=CARTESIAN_POINT('Origin',(16.45,23.9444524784618,-11.7265363496368));
#6332=CARTESIAN_POINT('',(16.45,28.7758721120963,-8.96075524110725));
#6333=CARTESIAN_POINT('',(11.45,18.9338701311265,-14.5948804492708));
#6334=CARTESIAN_POINT('Origin',(11.45,23.9232201618724,-17.5));
#6335=CARTESIAN_POINT('',(11.45,23.9232201618724,-20.8));
#6336=CARTESIAN_POINT('Origin',(11.45,23.9232201618724,-17.5));
#6337=CARTESIAN_POINT('Origin',(67.3283021004046,23.9232201618724,-17.5));
#6338=CARTESIAN_POINT('',(4.,23.9232201618724,-20.8));
#6339=CARTESIAN_POINT('Origin',(4.,23.9232201618724,-17.5));
#6340=CARTESIAN_POINT('',(67.3283021004046,23.9232201618724,-20.8));
#6341=CARTESIAN_POINT('Origin',(67.3283021004046,23.9232201618724,-17.5));
#6342=CARTESIAN_POINT('',(-16.45,23.9232201618724,-20.8));
#6343=CARTESIAN_POINT('Origin',(-16.45,23.9232201618724,-17.5));
#6344=CARTESIAN_POINT('',(-4.,23.9232201618724,-20.8));
#6345=CARTESIAN_POINT('',(67.3283021004046,23.9232201618724,-20.8));
#6346=CARTESIAN_POINT('Origin',(-4.,23.9232201618724,-17.5));
#6347=CARTESIAN_POINT('Origin',(16.45,-28.9338025092077,-14.631655900366));
#6348=CARTESIAN_POINT('',(16.45,-28.9338025092077,-14.631655900366));
#6349=CARTESIAN_POINT('',(16.45,-23.9444524784618,-11.7265363496368));
#6350=CARTESIAN_POINT('',(16.45,-3.74201665698922,0.0366173508740963));
#6351=CARTESIAN_POINT('',(11.45,-28.9338025092077,-14.631655900366));
#6352=CARTESIAN_POINT('',(16.45,-28.9338025092077,-14.631655900366));
#6353=CARTESIAN_POINT('',(11.45,-23.9444524784618,-11.7265363496368));
#6354=CARTESIAN_POINT('',(11.45,-23.9444524784618,-11.7265363496368));
#6355=CARTESIAN_POINT('',(16.45,-23.9444524784618,-11.7265363496368));
#6356=CARTESIAN_POINT('Origin',(16.45,-28.9125701926183,-20.4051195507292));
#6357=CARTESIAN_POINT('',(16.45,-28.9125701926183,-20.4051195507292));
#6358=CARTESIAN_POINT('',(16.45,-28.9404783680361,-12.8163651327181));
#6359=CARTESIAN_POINT('',(11.45,-28.9125701926183,-20.4051195507292));
#6360=CARTESIAN_POINT('',(16.45,-28.9125701926183,-20.4051195507292));
#6361=CARTESIAN_POINT('',(11.45,-28.9338025092077,-14.631655900366));
#6362=CARTESIAN_POINT('Origin',(16.45,-23.9019878452831,-23.2734636503632));
#6363=CARTESIAN_POINT('',(16.45,-23.9019878452831,-23.2734636503632));
#6364=CARTESIAN_POINT('',(16.45,-6.44165143756985,-33.2687594944328));
#6365=CARTESIAN_POINT('',(11.45,-23.9019878452831,-23.2734636503632));
#6366=CARTESIAN_POINT('',(16.45,-23.9019878452831,-23.2734636503632));
#6367=CARTESIAN_POINT('',(11.45,-28.9125701926184,-20.4051195507292));
#6368=CARTESIAN_POINT('Origin',(16.45,-18.9126378145371,-20.368344099634));
#6369=CARTESIAN_POINT('',(16.45,-18.9126378145371,-20.368344099634));
#6370=CARTESIAN_POINT('',(16.45,3.78447302230843,-7.15263062375854));
#6371=CARTESIAN_POINT('',(11.45,-18.9126378145371,-20.368344099634));
#6372=CARTESIAN_POINT('',(16.45,-18.9126378145371,-20.368344099634));
#6373=CARTESIAN_POINT('',(11.45,-23.9019878452831,-23.2734636503632));
#6374=CARTESIAN_POINT('Origin',(16.45,-18.9338701311265,-14.5948804492708));
#6375=CARTESIAN_POINT('',(16.45,-18.9338701311265,-14.5948804492708));
#6376=CARTESIAN_POINT('',(16.45,-18.9511621482496,-9.89285785644125));
#6377=CARTESIAN_POINT('',(11.45,-18.9338701311265,-14.5948804492708));
#6378=CARTESIAN_POINT('',(16.45,-18.9338701311265,-14.5948804492708));
#6379=CARTESIAN_POINT('',(11.45,-18.9126378145371,-20.368344099634));
#6380=CARTESIAN_POINT('Origin',(16.45,-23.9444524784618,-11.7265363496368));
#6381=CARTESIAN_POINT('',(16.45,-3.978824897081,-23.1560042435234));
#6382=CARTESIAN_POINT('',(11.45,-18.9338701311265,-14.5948804492708));
#6383=CARTESIAN_POINT('Origin',(11.45,-23.9232201618724,-17.5));
#6384=CARTESIAN_POINT('',(11.45,-23.9232201618724,-20.8));
#6385=CARTESIAN_POINT('Origin',(11.45,-23.9232201618724,-17.5));
#6386=CARTESIAN_POINT('Origin',(67.3283021004046,-23.9232201618724,-17.5));
#6387=CARTESIAN_POINT('',(-16.45,-23.9232201618724,-20.8));
#6388=CARTESIAN_POINT('Origin',(-16.45,-23.9232201618724,-17.5));
#6389=CARTESIAN_POINT('',(-4.,-23.9232201618724,-20.8));
#6390=CARTESIAN_POINT('',(67.3283021004046,-23.9232201618724,-20.8));
#6391=CARTESIAN_POINT('Origin',(-4.,-23.9232201618724,-17.5));
#6392=CARTESIAN_POINT('Origin',(67.3283021004046,-23.9232201618724,-17.5));
#6393=CARTESIAN_POINT('',(4.,-23.9232201618724,-20.8));
#6394=CARTESIAN_POINT('Origin',(4.,-23.9232201618724,-17.5));
#6395=CARTESIAN_POINT('',(67.3283021004046,-23.9232201618724,-20.8));
#6396=CARTESIAN_POINT('Ctrl Pts',(6.00000000000001,32.9232201618725,-27.));
#6397=CARTESIAN_POINT('Ctrl Pts',(6.00000000000001,32.9232201618725,-28.));
#6398=CARTESIAN_POINT('Ctrl Pts',(7.,32.9232201618725,-28.));
#6399=CARTESIAN_POINT('Ctrl Pts',(4.,32.9232201618725,-27.));
#6400=CARTESIAN_POINT('Ctrl Pts',(4.,32.9232201618725,-30.));
#6401=CARTESIAN_POINT('Ctrl Pts',(7.,32.9232201618725,-30.));
#6402=CARTESIAN_POINT('Ctrl Pts',(4.,30.9232201618724,-27.));
#6403=CARTESIAN_POINT('Ctrl Pts',(4.,30.9232201618724,-30.));
#6404=CARTESIAN_POINT('Ctrl Pts',(7.,30.9232201618724,-30.));
#6405=CARTESIAN_POINT('',(4.,30.9232201618724,-27.));
#6406=CARTESIAN_POINT('',(6.,32.9232201618725,-27.));
#6407=CARTESIAN_POINT('Origin',(6.,30.9232201618724,-27.));
#6408=CARTESIAN_POINT('',(7.,32.9232201618725,-28.));
#6409=CARTESIAN_POINT('Origin',(7.,32.9232201618725,-27.));
#6410=CARTESIAN_POINT('Origin',(7.,30.9232201618724,-28.));
#6411=CARTESIAN_POINT('Origin',(7.,30.9232201618724,-27.));
#6412=CARTESIAN_POINT('Origin',(2.,30.9232201618724,-28.));
#6413=CARTESIAN_POINT('',(13.45,32.9232201618725,-28.));
#6414=CARTESIAN_POINT('Origin',(13.45,30.9232201618724,-28.));
#6415=CARTESIAN_POINT('',(2.,32.9232201618725,-28.));
#6416=CARTESIAN_POINT('Ctrl Pts',(13.45,32.9232201618725,-28.));
#6417=CARTESIAN_POINT('Ctrl Pts',(14.45,32.9232201618725,-28.));
#6418=CARTESIAN_POINT('Ctrl Pts',(14.45,32.9232201618725,-27.));
#6419=CARTESIAN_POINT('Ctrl Pts',(13.45,32.9232201618725,-30.));
#6420=CARTESIAN_POINT('Ctrl Pts',(16.45,32.9232201618725,-30.));
#6421=CARTESIAN_POINT('Ctrl Pts',(16.45,32.9232201618725,-27.));
#6422=CARTESIAN_POINT('Ctrl Pts',(13.45,30.9232201618724,-30.));
#6423=CARTESIAN_POINT('Ctrl Pts',(16.45,30.9232201618724,-30.));
#6424=CARTESIAN_POINT('Ctrl Pts',(16.45,30.9232201618724,-27.));
#6425=CARTESIAN_POINT('',(14.45,32.9232201618725,-27.));
#6426=CARTESIAN_POINT('Origin',(14.45,30.9232201618724,-27.));
#6427=CARTESIAN_POINT('Origin',(13.45,32.9232201618725,-27.));
#6428=CARTESIAN_POINT('Origin',(14.45,30.9232201618724,-5.));
#6429=CARTESIAN_POINT('',(14.45,32.9232201618725,-8.));
#6430=CARTESIAN_POINT('',(16.45,30.9232201618724,-8.));
#6431=CARTESIAN_POINT('Origin',(14.45,30.9232201618724,-8.));
#6432=CARTESIAN_POINT('',(16.45,30.9232201618724,-5.));
#6433=CARTESIAN_POINT('',(14.45,32.9232201618725,-5.));
#6434=CARTESIAN_POINT('Ctrl Pts',(14.45,32.9232201618725,-8.));
#6435=CARTESIAN_POINT('Ctrl Pts',(14.45,32.9232201618725,-7.));
#6436=CARTESIAN_POINT('Ctrl Pts',(13.45,32.9232201618725,-7.));
#6437=CARTESIAN_POINT('Ctrl Pts',(16.45,32.9232201618725,-8.));
#6438=CARTESIAN_POINT('Ctrl Pts',(16.45,32.9232201618725,-5.));
#6439=CARTESIAN_POINT('Ctrl Pts',(13.45,32.9232201618725,-5.));
#6440=CARTESIAN_POINT('Ctrl Pts',(16.45,30.9232201618724,-8.));
#6441=CARTESIAN_POINT('Ctrl Pts',(16.45,30.9232201618724,-5.));
#6442=CARTESIAN_POINT('Ctrl Pts',(13.45,30.9232201618724,-5.));
#6443=CARTESIAN_POINT('',(13.45,32.9232201618725,-7.));
#6444=CARTESIAN_POINT('',(13.45,30.9232201618724,-5.));
#6445=CARTESIAN_POINT('Origin',(13.45,30.9232201618724,-7.));
#6446=CARTESIAN_POINT('Origin',(13.45,30.9232201618724,-8.));
#6447=CARTESIAN_POINT('Origin',(13.45,32.9232201618725,-8.));
#6448=CARTESIAN_POINT('Origin',(7.1125,30.9232201618724,-7.));
#6449=CARTESIAN_POINT('',(7.,32.9232201618725,-7.));
#6450=CARTESIAN_POINT('',(7.,30.9232201618724,-5.));
#6451=CARTESIAN_POINT('Origin',(7.,30.9232201618724,-7.));
#6452=CARTESIAN_POINT('',(7.1125,30.9232201618724,-5.));
#6453=CARTESIAN_POINT('',(7.1125,32.9232201618725,-7.));
#6454=CARTESIAN_POINT('Ctrl Pts',(7.,32.9232201618725,-7.));
#6455=CARTESIAN_POINT('Ctrl Pts',(6.,32.9232201618725,-7.));
#6456=CARTESIAN_POINT('Ctrl Pts',(6.,32.9232201618725,-8.));
#6457=CARTESIAN_POINT('Ctrl Pts',(7.,32.9232201618725,-5.));
#6458=CARTESIAN_POINT('Ctrl Pts',(4.,32.9232201618725,-5.));
#6459=CARTESIAN_POINT('Ctrl Pts',(4.,32.9232201618725,-8.));
#6460=CARTESIAN_POINT('Ctrl Pts',(7.,30.9232201618724,-5.));
#6461=CARTESIAN_POINT('Ctrl Pts',(4.,30.9232201618724,-5.));
#6462=CARTESIAN_POINT('Ctrl Pts',(4.,30.9232201618724,-8.));
#6463=CARTESIAN_POINT('',(6.,32.9232201618725,-8.));
#6464=CARTESIAN_POINT('',(4.,30.9232201618724,-8.));
#6465=CARTESIAN_POINT('Origin',(6.,30.9232201618724,-8.));
#6466=CARTESIAN_POINT('Origin',(7.,30.9232201618724,-8.));
#6467=CARTESIAN_POINT('Origin',(7.,32.9232201618725,-8.));
#6468=CARTESIAN_POINT('Origin',(6.,30.9232201618724,-5.));
#6469=CARTESIAN_POINT('',(4.,30.9232201618724,-5.));
#6470=CARTESIAN_POINT('',(6.,32.9232201618725,-5.));
#6471=CARTESIAN_POINT('Origin',(10.225,16.4616100809362,-5.));
#6472=CARTESIAN_POINT('',(7.,18.1466939137684,-5.));
#6473=CARTESIAN_POINT('',(7.,16.2089392208389,-5.));
#6474=CARTESIAN_POINT('',(13.45,14.0499110317468,-5.));
#6475=CARTESIAN_POINT('Origin',(0.,0.,-5.));
#6476=CARTESIAN_POINT('',(13.45,24.6924151214043,-5.));
#6477=CARTESIAN_POINT('Origin',(7.,16.2089392208389,-8.));
#6478=CARTESIAN_POINT('',(4.,18.1466939137684,-8.));
#6479=CARTESIAN_POINT('',(4.,16.2089392208389,-8.));
#6480=CARTESIAN_POINT('Origin',(7.,18.1466939137684,-8.));
#6481=CARTESIAN_POINT('Origin',(4.,15.9562683607415,-5.));
#6482=CARTESIAN_POINT('',(4.,7.97813418037074,-27.));
#6483=CARTESIAN_POINT('Ctrl Pts',(4.,18.1466939137684,-8.));
#6484=CARTESIAN_POINT('Ctrl Pts',(4.,17.4040814919719,-8.));
#6485=CARTESIAN_POINT('Ctrl Pts',(4.,16.6626625213036,-7.87857513027647));
#6486=CARTESIAN_POINT('Ctrl Pts',(4.,15.9572039441072,-7.64700084109078));
#6487=CARTESIAN_POINT('Origin',(7.,7.97813418037074,-27.));
#6488=CARTESIAN_POINT('Origin',(4.,32.9232201618725,-5.));
#6489=CARTESIAN_POINT('Ctrl Pts',(-14.45,32.9232201618725,-27.));
#6490=CARTESIAN_POINT('Ctrl Pts',(-14.45,32.9232201618725,-28.));
#6491=CARTESIAN_POINT('Ctrl Pts',(-13.45,32.9232201618725,-28.));
#6492=CARTESIAN_POINT('Ctrl Pts',(-16.45,32.9232201618725,-27.));
#6493=CARTESIAN_POINT('Ctrl Pts',(-16.45,32.9232201618725,-30.));
#6494=CARTESIAN_POINT('Ctrl Pts',(-13.45,32.9232201618725,-30.));
#6495=CARTESIAN_POINT('Ctrl Pts',(-16.45,30.9232201618724,-27.));
#6496=CARTESIAN_POINT('Ctrl Pts',(-16.45,30.9232201618724,-30.));
#6497=CARTESIAN_POINT('Ctrl Pts',(-13.45,30.9232201618724,-30.));
#6498=CARTESIAN_POINT('',(-14.45,32.9232201618725,-27.));
#6499=CARTESIAN_POINT('Origin',(-14.45,30.9232201618724,-27.));
#6500=CARTESIAN_POINT('',(-13.45,32.9232201618725,-28.));
#6501=CARTESIAN_POINT('Origin',(-13.45,32.9232201618725,-27.));
#6502=CARTESIAN_POINT('Origin',(-13.45,30.9232201618724,-28.));
#6503=CARTESIAN_POINT('Origin',(-2.,30.9232201618724,-28.));
#6504=CARTESIAN_POINT('',(-7.,32.9232201618725,-28.));
#6505=CARTESIAN_POINT('Origin',(-7.,30.9232201618724,-28.));
#6506=CARTESIAN_POINT('',(-2.,32.9232201618725,-28.));
#6507=CARTESIAN_POINT('Ctrl Pts',(-7.,32.9232201618725,-28.));
#6508=CARTESIAN_POINT('Ctrl Pts',(-6.00000000000001,32.9232201618725,-28.));
#6509=CARTESIAN_POINT('Ctrl Pts',(-6.00000000000001,32.9232201618725,-27.));
#6510=CARTESIAN_POINT('Ctrl Pts',(-7.,32.9232201618725,-30.));
#6511=CARTESIAN_POINT('Ctrl Pts',(-4.,32.9232201618725,-30.));
#6512=CARTESIAN_POINT('Ctrl Pts',(-4.,32.9232201618725,-27.));
#6513=CARTESIAN_POINT('Ctrl Pts',(-7.,30.9232201618724,-30.));
#6514=CARTESIAN_POINT('Ctrl Pts',(-4.,30.9232201618724,-30.));
#6515=CARTESIAN_POINT('Ctrl Pts',(-4.,30.9232201618724,-27.));
#6516=CARTESIAN_POINT('',(-6.,32.9232201618725,-27.));
#6517=CARTESIAN_POINT('',(-4.,30.9232201618724,-27.));
#6518=CARTESIAN_POINT('Origin',(-6.,30.9232201618724,-27.));
#6519=CARTESIAN_POINT('Origin',(-7.,30.9232201618724,-27.));
#6520=CARTESIAN_POINT('Origin',(-7.,32.9232201618725,-27.));
#6521=CARTESIAN_POINT('Origin',(-6.,30.9232201618724,-5.));
#6522=CARTESIAN_POINT('',(-6.,32.9232201618725,-8.));
#6523=CARTESIAN_POINT('',(-4.,30.9232201618724,-8.));
#6524=CARTESIAN_POINT('Origin',(-6.,30.9232201618724,-8.));
#6525=CARTESIAN_POINT('',(-4.,30.9232201618724,-5.));
#6526=CARTESIAN_POINT('',(-6.,32.9232201618725,-5.));
#6527=CARTESIAN_POINT('Ctrl Pts',(-6.,32.9232201618725,-8.));
#6528=CARTESIAN_POINT('Ctrl Pts',(-6.,32.9232201618725,-7.));
#6529=CARTESIAN_POINT('Ctrl Pts',(-7.,32.9232201618725,-7.));
#6530=CARTESIAN_POINT('Ctrl Pts',(-4.,32.9232201618725,-8.));
#6531=CARTESIAN_POINT('Ctrl Pts',(-4.,32.9232201618725,-5.));
#6532=CARTESIAN_POINT('Ctrl Pts',(-7.,32.9232201618725,-5.));
#6533=CARTESIAN_POINT('Ctrl Pts',(-4.,30.9232201618724,-8.));
#6534=CARTESIAN_POINT('Ctrl Pts',(-4.,30.9232201618724,-5.));
#6535=CARTESIAN_POINT('Ctrl Pts',(-7.,30.9232201618724,-5.));
#6536=CARTESIAN_POINT('',(-7.,32.9232201618725,-7.));
#6537=CARTESIAN_POINT('',(-7.,30.9232201618724,-5.));
#6538=CARTESIAN_POINT('Origin',(-7.,30.9232201618724,-7.));
#6539=CARTESIAN_POINT('Origin',(-7.,30.9232201618724,-8.));
#6540=CARTESIAN_POINT('Origin',(-7.,32.9232201618725,-8.));
#6541=CARTESIAN_POINT('Origin',(-7.1125,30.9232201618724,-7.));
#6542=CARTESIAN_POINT('',(-13.45,32.9232201618725,-7.));
#6543=CARTESIAN_POINT('',(-13.45,30.9232201618724,-5.));
#6544=CARTESIAN_POINT('Origin',(-13.45,30.9232201618724,-7.));
#6545=CARTESIAN_POINT('',(-7.1125,30.9232201618724,-5.));
#6546=CARTESIAN_POINT('',(-7.1125,32.9232201618725,-7.));
#6547=CARTESIAN_POINT('Ctrl Pts',(-13.45,32.9232201618725,-7.));
#6548=CARTESIAN_POINT('Ctrl Pts',(-14.45,32.9232201618725,-7.));
#6549=CARTESIAN_POINT('Ctrl Pts',(-14.45,32.9232201618725,-8.));
#6550=CARTESIAN_POINT('Ctrl Pts',(-13.45,32.9232201618725,-5.));
#6551=CARTESIAN_POINT('Ctrl Pts',(-16.45,32.9232201618725,-5.));
#6552=CARTESIAN_POINT('Ctrl Pts',(-16.45,32.9232201618725,-8.));
#6553=CARTESIAN_POINT('Ctrl Pts',(-13.45,30.9232201618724,-5.));
#6554=CARTESIAN_POINT('Ctrl Pts',(-16.45,30.9232201618724,-5.));
#6555=CARTESIAN_POINT('Ctrl Pts',(-16.45,30.9232201618724,-8.));
#6556=CARTESIAN_POINT('',(-14.45,32.9232201618725,-8.));
#6557=CARTESIAN_POINT('',(-16.45,30.9232201618724,-8.));
#6558=CARTESIAN_POINT('Origin',(-14.45,30.9232201618724,-8.));
#6559=CARTESIAN_POINT('Origin',(-13.45,30.9232201618724,-8.));
#6560=CARTESIAN_POINT('Origin',(-13.45,32.9232201618725,-8.));
#6561=CARTESIAN_POINT('Origin',(-14.45,30.9232201618724,-5.));
#6562=CARTESIAN_POINT('',(-16.45,30.9232201618724,-5.));
#6563=CARTESIAN_POINT('',(-14.45,32.9232201618725,-5.));
#6564=CARTESIAN_POINT('Origin',(-10.225,16.4616100809362,-5.));
#6565=CARTESIAN_POINT('',(-13.45,14.0499110317468,-5.));
#6566=CARTESIAN_POINT('',(-13.45,8.23080504046811,-5.));
#6567=CARTESIAN_POINT('',(-7.,18.1466939137684,-5.));
#6568=CARTESIAN_POINT('Origin',(0.,0.,-5.));
#6569=CARTESIAN_POINT('',(-7.,16.2089392208389,-5.));
#6570=CARTESIAN_POINT('Origin',(-13.45,8.23080504046811,-8.));
#6571=CARTESIAN_POINT('',(-16.45,14.0499110317468,-8.));
#6572=CARTESIAN_POINT('',(-16.45,8.23080504046811,-8.));
#6573=CARTESIAN_POINT('Origin',(-13.45,14.0499110317468,-8.));
#6574=CARTESIAN_POINT('Origin',(-16.45,2.0145439845974E-15,-5.));
#6575=CARTESIAN_POINT('',(-16.45,-30.9232201618724,-8.));
#6576=CARTESIAN_POINT('',(-16.45,-30.9232201618724,-5.));
#6577=CARTESIAN_POINT('',(-16.45,-14.0499110317468,-8.));
#6578=CARTESIAN_POINT('',(-16.45,-8.23080504046811,-8.));
#6579=CARTESIAN_POINT('',(-16.45,-8.48524201458522,-6.83921410787756));
#6580=CARTESIAN_POINT('Ctrl Pts',(-16.45,-8.48524201458523,-6.83921410787756));
#6581=CARTESIAN_POINT('Ctrl Pts',(-16.45,-10.2602472429898,-7.53341953269445));
#6582=CARTESIAN_POINT('Ctrl Pts',(-16.45,-12.1439821944843,-8.));
#6583=CARTESIAN_POINT('Ctrl Pts',(-16.45,-14.0499110317468,-8.));
#6584=CARTESIAN_POINT('Ctrl Pts',(-16.45,-2.00883256307696E-15,-5.));
#6585=CARTESIAN_POINT('Ctrl Pts',(-16.45,-0.0147924218499686,-5.0025252370952));
#6586=CARTESIAN_POINT('Ctrl Pts',(-16.45,-0.0295844973135936,-5.00505057962319));
#6587=CARTESIAN_POINT('Ctrl Pts',(-16.45,-0.612496890509025,-5.10455211805746));
#6588=CARTESIAN_POINT('Ctrl Pts',(-16.45,-1.74865736047144,-5.29866958724894));
#6589=CARTESIAN_POINT('Ctrl Pts',(-16.45,-3.45183494691576,-5.60167764218991));
#6590=CARTESIAN_POINT('Ctrl Pts',(-16.45,-5.14727761002228,-5.93165514383577));
#6591=CARTESIAN_POINT('Ctrl Pts',(-16.45,-6.55664232448133,-6.24818473911325));
#6592=CARTESIAN_POINT('Ctrl Pts',(-16.45,-7.66976643716176,-6.55395448266858));
#6593=CARTESIAN_POINT('Ctrl Pts',(-16.45,-8.21687715190629,-6.73425647703755));
#6594=CARTESIAN_POINT('Ctrl Pts',(-16.45,-8.48524201458522,-6.83921410787756));
#6595=CARTESIAN_POINT('',(-16.45,8.48524201458523,-6.83921410787756));
#6596=CARTESIAN_POINT('Ctrl Pts',(-16.45,8.48524201458523,-6.83921410787756));
#6597=CARTESIAN_POINT('Ctrl Pts',(-16.45,8.21687715190633,-6.73425647703757));
#6598=CARTESIAN_POINT('Ctrl Pts',(-16.45,7.66982909239744,-6.55388338301547));
#6599=CARTESIAN_POINT('Ctrl Pts',(-16.45,6.55657912885748,-6.24827708524869));
#6600=CARTESIAN_POINT('Ctrl Pts',(-16.45,5.14772448500265,-5.9314940944339));
#6601=CARTESIAN_POINT('Ctrl Pts',(-16.45,3.45196018189052,-5.60169992582212));
#6602=CARTESIAN_POINT('Ctrl Pts',(-16.45,1.74870128321758,-5.29864100031327));
#6603=CARTESIAN_POINT('Ctrl Pts',(-16.45,0.612493554054493,-5.10455513513477));
#6604=CARTESIAN_POINT('Ctrl Pts',(-16.45,0.0295845579522495,-5.00505052694411));
#6605=CARTESIAN_POINT('Ctrl Pts',(-16.45,0.0147924218500173,-5.00252523709723));
#6606=CARTESIAN_POINT('Ctrl Pts',(-16.45,5.63376915662688E-15,-5.));
#6607=CARTESIAN_POINT('Ctrl Pts',(-16.45,14.0499110317468,-8.));
#6608=CARTESIAN_POINT('Ctrl Pts',(-16.45,12.1439821944843,-8.));
#6609=CARTESIAN_POINT('Ctrl Pts',(-16.45,10.2602472429898,-7.53341953269445));
#6610=CARTESIAN_POINT('Ctrl Pts',(-16.45,8.48524201458523,-6.83921410787756));
#6611=CARTESIAN_POINT('Origin',(-4.,32.9232201618725,-5.));
#6612=CARTESIAN_POINT('Origin',(6.,-30.9232201618724,-5.));
#6613=CARTESIAN_POINT('',(6.,-32.9232201618725,-8.));
#6614=CARTESIAN_POINT('',(4.,-30.9232201618724,-8.));
#6615=CARTESIAN_POINT('Origin',(6.,-30.9232201618724,-8.));
#6616=CARTESIAN_POINT('',(4.,-30.9232201618724,-27.));
#6617=CARTESIAN_POINT('',(4.,-30.9232201618724,-5.));
#6618=CARTESIAN_POINT('',(6.,-32.9232201618725,-27.));
#6619=CARTESIAN_POINT('Origin',(6.,-30.9232201618724,-27.));
#6620=CARTESIAN_POINT('',(6.,-32.9232201618725,-5.));
#6621=CARTESIAN_POINT('Ctrl Pts',(7.,-32.9232201618725,-28.));
#6622=CARTESIAN_POINT('Ctrl Pts',(6.00000000000001,-32.9232201618725,-28.));
#6623=CARTESIAN_POINT('Ctrl Pts',(6.00000000000001,-32.9232201618725,-27.));
#6624=CARTESIAN_POINT('Ctrl Pts',(7.,-32.9232201618725,-30.));
#6625=CARTESIAN_POINT('Ctrl Pts',(4.,-32.9232201618725,-30.));
#6626=CARTESIAN_POINT('Ctrl Pts',(4.,-32.9232201618725,-27.));
#6627=CARTESIAN_POINT('Ctrl Pts',(7.,-30.9232201618724,-30.));
#6628=CARTESIAN_POINT('Ctrl Pts',(4.,-30.9232201618724,-30.));
#6629=CARTESIAN_POINT('Ctrl Pts',(4.,-30.9232201618724,-27.));
#6630=CARTESIAN_POINT('',(7.,-30.9232201618724,-30.));
#6631=CARTESIAN_POINT('',(7.,-32.9232201618725,-28.));
#6632=CARTESIAN_POINT('Origin',(7.,-30.9232201618724,-28.));
#6633=CARTESIAN_POINT('Origin',(7.,-32.9232201618725,-27.));
#6634=CARTESIAN_POINT('Origin',(7.,-30.9232201618724,-27.));
#6635=CARTESIAN_POINT('Origin',(8.225,-30.9232201618724,-28.));
#6636=CARTESIAN_POINT('',(13.45,-32.9232201618725,-28.));
#6637=CARTESIAN_POINT('Origin',(13.45,-30.9232201618724,-28.));
#6638=CARTESIAN_POINT('',(8.225,-32.9232201618725,-28.));
#6639=CARTESIAN_POINT('',(8.225,-30.9232201618724,-30.));
#6640=CARTESIAN_POINT('Ctrl Pts',(14.45,-32.9232201618725,-27.));
#6641=CARTESIAN_POINT('Ctrl Pts',(14.45,-32.9232201618725,-28.));
#6642=CARTESIAN_POINT('Ctrl Pts',(13.45,-32.9232201618725,-28.));
#6643=CARTESIAN_POINT('Ctrl Pts',(16.45,-32.9232201618725,-27.));
#6644=CARTESIAN_POINT('Ctrl Pts',(16.45,-32.9232201618725,-30.));
#6645=CARTESIAN_POINT('Ctrl Pts',(13.45,-32.9232201618725,-30.));
#6646=CARTESIAN_POINT('Ctrl Pts',(16.45,-30.9232201618725,-27.));
#6647=CARTESIAN_POINT('Ctrl Pts',(16.45,-30.9232201618725,-30.));
#6648=CARTESIAN_POINT('Ctrl Pts',(13.45,-30.9232201618725,-30.));
#6649=CARTESIAN_POINT('',(14.45,-32.9232201618725,-27.));
#6650=CARTESIAN_POINT('Origin',(14.45,-30.9232201618725,-27.));
#6651=CARTESIAN_POINT('Origin',(13.45,-32.9232201618725,-27.));
#6652=CARTESIAN_POINT('Origin',(14.45,-30.9232201618724,-5.));
#6653=CARTESIAN_POINT('',(16.45,-30.9232201618724,-8.));
#6654=CARTESIAN_POINT('',(14.45,-32.9232201618725,-8.));
#6655=CARTESIAN_POINT('Origin',(14.45,-30.9232201618724,-8.));
#6656=CARTESIAN_POINT('',(14.45,-32.9232201618725,-5.));
#6657=CARTESIAN_POINT('',(16.45,-30.9232201618724,-5.));
#6658=CARTESIAN_POINT('Ctrl Pts',(13.45,-32.9232201618725,-7.));
#6659=CARTESIAN_POINT('Ctrl Pts',(14.45,-32.9232201618725,-7.));
#6660=CARTESIAN_POINT('Ctrl Pts',(14.45,-32.9232201618725,-8.));
#6661=CARTESIAN_POINT('Ctrl Pts',(13.45,-32.9232201618725,-5.));
#6662=CARTESIAN_POINT('Ctrl Pts',(16.45,-32.9232201618725,-5.));
#6663=CARTESIAN_POINT('Ctrl Pts',(16.45,-32.9232201618725,-8.));
#6664=CARTESIAN_POINT('Ctrl Pts',(13.45,-30.9232201618724,-5.));
#6665=CARTESIAN_POINT('Ctrl Pts',(16.45,-30.9232201618724,-5.));
#6666=CARTESIAN_POINT('Ctrl Pts',(16.45,-30.9232201618724,-8.));
#6667=CARTESIAN_POINT('',(13.45,-30.9232201618724,-5.));
#6668=CARTESIAN_POINT('',(13.45,-32.9232201618725,-7.));
#6669=CARTESIAN_POINT('Origin',(13.45,-30.9232201618724,-7.));
#6670=CARTESIAN_POINT('Origin',(13.45,-32.9232201618725,-8.));
#6671=CARTESIAN_POINT('Origin',(13.45,-30.9232201618724,-8.));
#6672=CARTESIAN_POINT('Origin',(13.3375,-30.9232201618724,-7.));
#6673=CARTESIAN_POINT('',(7.,-30.9232201618724,-5.));
#6674=CARTESIAN_POINT('',(7.,-32.9232201618725,-7.));
#6675=CARTESIAN_POINT('Origin',(7.,-30.9232201618724,-7.));
#6676=CARTESIAN_POINT('',(13.3375,-32.9232201618725,-7.));
#6677=CARTESIAN_POINT('',(13.3375,-30.9232201618724,-5.));
#6678=CARTESIAN_POINT('Ctrl Pts',(6.,-32.9232201618725,-8.));
#6679=CARTESIAN_POINT('Ctrl Pts',(6.,-32.9232201618725,-7.));
#6680=CARTESIAN_POINT('Ctrl Pts',(7.,-32.9232201618725,-7.));
#6681=CARTESIAN_POINT('Ctrl Pts',(4.,-32.9232201618725,-8.));
#6682=CARTESIAN_POINT('Ctrl Pts',(4.,-32.9232201618725,-5.));
#6683=CARTESIAN_POINT('Ctrl Pts',(7.,-32.9232201618725,-5.));
#6684=CARTESIAN_POINT('Ctrl Pts',(4.,-30.9232201618724,-8.));
#6685=CARTESIAN_POINT('Ctrl Pts',(4.,-30.9232201618724,-5.));
#6686=CARTESIAN_POINT('Ctrl Pts',(7.,-30.9232201618724,-5.));
#6687=CARTESIAN_POINT('Origin',(7.,-30.9232201618724,-8.));
#6688=CARTESIAN_POINT('Origin',(7.,-32.9232201618725,-8.));
#6689=CARTESIAN_POINT('Origin',(0.,0.,-30.));
#6690=CARTESIAN_POINT('',(7.,-16.4616100809362,-30.));
#6691=CARTESIAN_POINT('',(3.,-5.525,-30.));
#6692=CARTESIAN_POINT('Origin',(7.,-16.4616100809362,-27.));
#6693=CARTESIAN_POINT('',(4.,-16.4616100809362,-27.));
#6694=CARTESIAN_POINT('Origin',(4.,-32.9232201618725,-5.));
#6695=CARTESIAN_POINT('',(4.,-18.1466939137684,-8.));
#6696=CARTESIAN_POINT('',(4.,-24.6924151214043,-8.));
#6697=CARTESIAN_POINT('Ctrl Pts',(4.,-15.9572182129308,-7.64478113668784));
#6698=CARTESIAN_POINT('Ctrl Pts',(4.,-16.6626668382139,-7.87723429385873));
#6699=CARTESIAN_POINT('Ctrl Pts',(4.,-17.4043225739058,-8.));
#6700=CARTESIAN_POINT('Ctrl Pts',(4.,-18.1466939137684,-8.));
#6701=CARTESIAN_POINT('Origin',(16.45,-32.9232201618725,-5.));
#6702=CARTESIAN_POINT('Ctrl Pts',(-13.45,-32.9232201618725,-28.));
#6703=CARTESIAN_POINT('Ctrl Pts',(-14.45,-32.9232201618725,-28.));
#6704=CARTESIAN_POINT('Ctrl Pts',(-14.45,-32.9232201618725,-27.));
#6705=CARTESIAN_POINT('Ctrl Pts',(-13.45,-32.9232201618725,-30.));
#6706=CARTESIAN_POINT('Ctrl Pts',(-16.45,-32.9232201618725,-30.));
#6707=CARTESIAN_POINT('Ctrl Pts',(-16.45,-32.9232201618725,-27.));
#6708=CARTESIAN_POINT('Ctrl Pts',(-13.45,-30.9232201618724,-30.));
#6709=CARTESIAN_POINT('Ctrl Pts',(-16.45,-30.9232201618724,-30.));
#6710=CARTESIAN_POINT('Ctrl Pts',(-16.45,-30.9232201618724,-27.));
#6711=CARTESIAN_POINT('',(-13.45,-32.9232201618725,-28.));
#6712=CARTESIAN_POINT('Origin',(-13.45,-30.9232201618724,-28.));
#6713=CARTESIAN_POINT('',(-14.45,-32.9232201618725,-27.));
#6714=CARTESIAN_POINT('Origin',(-13.45,-32.9232201618725,-27.));
#6715=CARTESIAN_POINT('Origin',(-14.45,-30.9232201618724,-27.));
#6716=CARTESIAN_POINT('Origin',(-14.45,-30.9232201618724,-5.));
#6717=CARTESIAN_POINT('',(-14.45,-32.9232201618725,-8.));
#6718=CARTESIAN_POINT('Origin',(-14.45,-30.9232201618724,-8.));
#6719=CARTESIAN_POINT('',(-14.45,-32.9232201618725,-5.));
#6720=CARTESIAN_POINT('Ctrl Pts',(-14.45,-32.9232201618725,-8.));
#6721=CARTESIAN_POINT('Ctrl Pts',(-14.45,-32.9232201618725,-7.));
#6722=CARTESIAN_POINT('Ctrl Pts',(-13.45,-32.9232201618725,-7.));
#6723=CARTESIAN_POINT('Ctrl Pts',(-16.45,-32.9232201618725,-8.));
#6724=CARTESIAN_POINT('Ctrl Pts',(-16.45,-32.9232201618725,-5.));
#6725=CARTESIAN_POINT('Ctrl Pts',(-13.45,-32.9232201618725,-5.));
#6726=CARTESIAN_POINT('Ctrl Pts',(-16.45,-30.9232201618724,-8.));
#6727=CARTESIAN_POINT('Ctrl Pts',(-16.45,-30.9232201618724,-5.));
#6728=CARTESIAN_POINT('Ctrl Pts',(-13.45,-30.9232201618724,-5.));
#6729=CARTESIAN_POINT('',(-13.45,-32.9232201618725,-7.));
#6730=CARTESIAN_POINT('',(-13.45,-30.9232201618724,-5.));
#6731=CARTESIAN_POINT('Origin',(-13.45,-30.9232201618724,-7.));
#6732=CARTESIAN_POINT('Origin',(-13.45,-30.9232201618724,-8.));
#6733=CARTESIAN_POINT('Origin',(-13.45,-32.9232201618725,-8.));
#6734=CARTESIAN_POINT('Origin',(-13.3375,-30.9232201618724,-7.));
#6735=CARTESIAN_POINT('',(-7.,-32.9232201618725,-7.));
#6736=CARTESIAN_POINT('',(-7.,-30.9232201618724,-5.));
#6737=CARTESIAN_POINT('Origin',(-7.,-30.9232201618724,-7.));
#6738=CARTESIAN_POINT('',(-13.3375,-30.9232201618724,-5.));
#6739=CARTESIAN_POINT('',(-13.3375,-32.9232201618725,-7.));
#6740=CARTESIAN_POINT('Ctrl Pts',(-7.,-32.9232201618725,-7.));
#6741=CARTESIAN_POINT('Ctrl Pts',(-6.,-32.9232201618725,-7.));
#6742=CARTESIAN_POINT('Ctrl Pts',(-6.,-32.9232201618725,-8.));
#6743=CARTESIAN_POINT('Ctrl Pts',(-7.,-32.9232201618725,-5.));
#6744=CARTESIAN_POINT('Ctrl Pts',(-4.,-32.9232201618725,-5.));
#6745=CARTESIAN_POINT('Ctrl Pts',(-4.,-32.9232201618725,-8.));
#6746=CARTESIAN_POINT('Ctrl Pts',(-7.,-30.9232201618724,-5.));
#6747=CARTESIAN_POINT('Ctrl Pts',(-4.,-30.9232201618724,-5.));
#6748=CARTESIAN_POINT('Ctrl Pts',(-4.,-30.9232201618724,-8.));
#6749=CARTESIAN_POINT('',(-6.,-32.9232201618725,-8.));
#6750=CARTESIAN_POINT('',(-4.,-30.9232201618724,-8.));
#6751=CARTESIAN_POINT('Origin',(-6.,-30.9232201618724,-8.));
#6752=CARTESIAN_POINT('Origin',(-7.,-30.9232201618724,-8.));
#6753=CARTESIAN_POINT('Origin',(-7.,-32.9232201618725,-8.));
#6754=CARTESIAN_POINT('Origin',(-6.,-30.9232201618724,-5.));
#6755=CARTESIAN_POINT('',(-6.,-32.9232201618725,-27.));
#6756=CARTESIAN_POINT('',(-4.,-30.9232201618724,-27.));
#6757=CARTESIAN_POINT('Origin',(-6.,-30.9232201618724,-27.));
#6758=CARTESIAN_POINT('',(-4.,-30.9232201618724,-5.));
#6759=CARTESIAN_POINT('',(-6.,-32.9232201618725,-5.));
#6760=CARTESIAN_POINT('Ctrl Pts',(-6.00000000000001,-32.9232201618725,-27.));
#6761=CARTESIAN_POINT('Ctrl Pts',(-6.00000000000001,-32.9232201618725,-28.));
#6762=CARTESIAN_POINT('Ctrl Pts',(-7.,-32.9232201618725,-28.));
#6763=CARTESIAN_POINT('Ctrl Pts',(-4.,-32.9232201618725,-27.));
#6764=CARTESIAN_POINT('Ctrl Pts',(-4.,-32.9232201618725,-30.));
#6765=CARTESIAN_POINT('Ctrl Pts',(-7.,-32.9232201618725,-30.));
#6766=CARTESIAN_POINT('Ctrl Pts',(-4.,-30.9232201618724,-27.));
#6767=CARTESIAN_POINT('Ctrl Pts',(-4.,-30.9232201618724,-30.));
#6768=CARTESIAN_POINT('Ctrl Pts',(-7.,-30.9232201618724,-30.));
#6769=CARTESIAN_POINT('',(-7.,-32.9232201618725,-28.));
#6770=CARTESIAN_POINT('Origin',(-7.,-30.9232201618724,-28.));
#6771=CARTESIAN_POINT('Origin',(-7.,-30.9232201618724,-27.));
#6772=CARTESIAN_POINT('Origin',(-7.,-32.9232201618725,-27.));
#6773=CARTESIAN_POINT('Origin',(-8.225,-30.9232201618724,-28.));
#6774=CARTESIAN_POINT('',(-8.225,-32.9232201618725,-28.));
#6775=CARTESIAN_POINT('Origin',(-4.,-32.9232201618725,-5.));
#6776=CARTESIAN_POINT('',(-4.,-16.4616100809362,-27.));
#6777=CARTESIAN_POINT('',(-4.,-18.1466939137684,-8.));
#6778=CARTESIAN_POINT('Ctrl Pts',(-4.,-18.1466939137684,-8.));
#6779=CARTESIAN_POINT('Ctrl Pts',(-4.,-17.4040814919719,-8.));
#6780=CARTESIAN_POINT('Ctrl Pts',(-4.,-16.6626625213036,-7.87857513027647));
#6781=CARTESIAN_POINT('Ctrl Pts',(-4.,-15.9572039441072,-7.64700084109078));
#6782=CARTESIAN_POINT('',(-4.,-24.6924151214043,-8.));
#6783=CARTESIAN_POINT('Origin',(-7.,-16.4616100809362,-27.));
#6784=CARTESIAN_POINT('Origin',(-16.45,-32.9232201618725,-5.));
#6785=CARTESIAN_POINT('Ctrl Pts',(4.,18.1466939137684,-8.));
#6786=CARTESIAN_POINT('Ctrl Pts',(4.,16.7299637251206,-8.));
#6787=CARTESIAN_POINT('Ctrl Pts',(4.,14.3759861555942,-7.26344314906909));
#6788=CARTESIAN_POINT('Ctrl Pts',(4.,12.370366062055,-5.16742934501585));
#6789=CARTESIAN_POINT('Ctrl Pts',(4.,11.6169212109932,-3.41601667474695));
#6790=CARTESIAN_POINT('Ctrl Pts',(4.,11.4848813663877,-2.47225089991517));
#6791=CARTESIAN_POINT('Ctrl Pts',(4.,11.4848813663877,-2.00000000000001));
#6792=CARTESIAN_POINT('Ctrl Pts',(4.,18.1466939137684,-7.55120104948717));
#6793=CARTESIAN_POINT('Ctrl Pts',(3.99992633691267,16.8222833752339,-7.52847269963968));
#6794=CARTESIAN_POINT('Ctrl Pts',(4.00010712377502,14.6372990797461,-6.79019111492));
#6795=CARTESIAN_POINT('Ctrl Pts',(3.99995395984989,12.8482620310297,-4.82425221142907));
#6796=CARTESIAN_POINT('Ctrl Pts',(3.99997129924995,12.2015134600058,-3.24899511755647));
#6797=CARTESIAN_POINT('Ctrl Pts',(4.,12.0900726864767,-2.41636748397853));
#6798=CARTESIAN_POINT('Ctrl Pts',(4.,12.0900726864767,-2.00000000000001));
#6799=CARTESIAN_POINT('Ctrl Pts',(4.20541897634843,18.1466939137684,-6.65577483034147));
#6800=CARTESIAN_POINT('Ctrl Pts',(4.22641648122591,17.0065108677892,-6.58802334264532));
#6801=CARTESIAN_POINT('Ctrl Pts',(4.27150708151044,15.1579267658517,-5.84740998455872));
#6802=CARTESIAN_POINT('Ctrl Pts',(4.33869610474,13.7988805235661,-4.14144799737562));
#6803=CARTESIAN_POINT('Ctrl Pts',(4.37068401100287,13.3635314939075,-2.91690954337308));
#6804=CARTESIAN_POINT('Ctrl Pts',(4.37667438555996,13.2927572733187,-2.30520137736283));
#6805=CARTESIAN_POINT('Ctrl Pts',(4.37667438555996,13.2927572733187,-2.00000000000001));
#6806=CARTESIAN_POINT('Ctrl Pts',(5.2087248159376,18.1466939137684,-5.39286285678597));
#6807=CARTESIAN_POINT('Ctrl Pts',(5.32578617068038,17.2657430987291,-5.29207294932031));
#6808=CARTESIAN_POINT('Ctrl Pts',(5.575449665534,15.8646580144724,-4.62524090752667));
#6809=CARTESIAN_POINT('Ctrl Pts',(5.92993025689304,14.949037314073,-3.33092659846826));
#6810=CARTESIAN_POINT('Ctrl Pts',(6.09496735342669,14.7043825428086,-2.53757961453376));
#6811=CARTESIAN_POINT('Ctrl Pts',(6.12618323660728,14.6694058912907,-2.17885051623316));
#6812=CARTESIAN_POINT('Ctrl Pts',(6.12618323660728,14.6694058912907,-2.));
#6813=CARTESIAN_POINT('Ctrl Pts',(6.32680157423076,18.1466939137684,-5.));
#6814=CARTESIAN_POINT('Ctrl Pts',(6.53070930912203,17.3472103321619,-4.94594465245762));
#6815=CARTESIAN_POINT('Ctrl Pts',(6.9537213608098,16.0194617379686,-4.44812773083233));
#6816=CARTESIAN_POINT('Ctrl Pts',(7.50089707556112,14.9536547593633,-3.35055075030754));
#6817=CARTESIAN_POINT('Ctrl Pts',(7.74172884426049,14.582475153839,-2.57701456234523));
#6818=CARTESIAN_POINT('Ctrl Pts',(7.78618395741385,14.5190191329377,-2.19161091898167));
#6819=CARTESIAN_POINT('Ctrl Pts',(7.78618395741385,14.5190191329377,-2.));
#6820=CARTESIAN_POINT('Ctrl Pts',(7.,18.1466939137684,-5.));
#6821=CARTESIAN_POINT('Ctrl Pts',(7.23785566265425,17.346577140241,-5.));
#6822=CARTESIAN_POINT('Ctrl Pts',(7.71984039057241,15.9636018614358,-4.63172157453455));
#6823=CARTESIAN_POINT('Ctrl Pts',(8.2841170452214,14.6551206109844,-3.58371467250792));
#6824=CARTESIAN_POINT('Ctrl Pts',(8.51851888810902,14.1387343061272,-2.70800833737347));
#6825=CARTESIAN_POINT('Ctrl Pts',(8.56133828996283,14.0465649425337,-2.23612544995758));
#6826=CARTESIAN_POINT('Ctrl Pts',(8.56133828996283,14.0465649425337,-2.));
#6827=CARTESIAN_POINT('Ctrl Pts',(8.56133828996283,14.0465649425337,-2.));
#6828=CARTESIAN_POINT('Ctrl Pts',(8.56133828996283,14.0465649425337,-2.23612544995758));
#6829=CARTESIAN_POINT('Ctrl Pts',(8.51851888810902,14.1387343061272,-2.70800833737347));
#6830=CARTESIAN_POINT('Ctrl Pts',(8.2841170452214,14.6551206109844,-3.58371467250792));
#6831=CARTESIAN_POINT('Ctrl Pts',(7.71984039083958,15.9636018608163,-4.63172157403835));
#6832=CARTESIAN_POINT('Ctrl Pts',(7.23785566320194,17.3465771386695,-4.99999999958152));
#6833=CARTESIAN_POINT('Ctrl Pts',(7.0000000006757,18.1466939114955,-5.));
#6834=CARTESIAN_POINT('Origin',(0.,0.,-2.));
#6835=CARTESIAN_POINT('',(14.95,9.43155153294046,-4.41960705393878));
#6836=CARTESIAN_POINT('Origin',(16.45,10.3778610512957,-2.));
#6837=CARTESIAN_POINT('Ctrl Pts',(13.45,14.0499110317468,-5.));
#6838=CARTESIAN_POINT('Ctrl Pts',(13.9260289140586,12.6412434503254,-5.));
#6839=CARTESIAN_POINT('Ctrl Pts',(14.4601672691311,11.0954904843576,-4.76670976634722));
#6840=CARTESIAN_POINT('Ctrl Pts',(14.95,9.43155153294046,-4.41960705393878));
#6841=CARTESIAN_POINT('Ctrl Pts',(-4.,11.4848813663877,-1.99999999999999));
#6842=CARTESIAN_POINT('Ctrl Pts',(-4.,11.4848813663877,-2.47225089991515));
#6843=CARTESIAN_POINT('Ctrl Pts',(-4.,11.6831807601246,-3.89254016942187));
#6844=CARTESIAN_POINT('Ctrl Pts',(-4.,12.9285522540421,-5.9773836000636));
#6845=CARTESIAN_POINT('Ctrl Pts',(-4.,15.316735361853,-7.60753201099828));
#6846=CARTESIAN_POINT('Ctrl Pts',(-4.,17.2022071213365,-8.));
#6847=CARTESIAN_POINT('Ctrl Pts',(-4.,18.1466939137684,-8.));
#6848=CARTESIAN_POINT('Ctrl Pts',(-4.,12.0900726864767,-1.99999999999999));
#6849=CARTESIAN_POINT('Ctrl Pts',(-4.,12.0900726864767,-2.41636748397852));
#6850=CARTESIAN_POINT('Ctrl Pts',(-3.99994420349973,12.2557538841301,-3.66733252521552));
#6851=CARTESIAN_POINT('Ctrl Pts',(-3.99994391896799,13.3346207663263,-5.57148394422887));
#6852=CARTESIAN_POINT('Ctrl Pts',(-4.00003112503474,15.5095230001149,-7.13530084678963));
#6853=CARTESIAN_POINT('Ctrl Pts',(-3.99995089127511,17.2637535547454,-7.53604881625551));
#6854=CARTESIAN_POINT('Ctrl Pts',(-4.,18.1466939137684,-7.55120104948717));
#6855=CARTESIAN_POINT('Ctrl Pts',(-4.37667438555996,13.2927572733187,-2.));
#6856=CARTESIAN_POINT('Ctrl Pts',(-4.37667438555996,13.2927572733187,-2.30520137736282));
#6857=CARTESIAN_POINT('Ctrl Pts',(-4.36738376778178,13.394017446648,-3.21950930155841));
#6858=CARTESIAN_POINT('Ctrl Pts',(-4.31626690098418,14.1428670862436,-4.76351982662213));
#6859=CARTESIAN_POINT('Ctrl Pts',(-4.25230193596163,15.8937550827286,-6.19398754725066));
#6860=CARTESIAN_POINT('Ctrl Pts',(-4.21941731293342,17.3865718831156,-6.61060717187737));
#6861=CARTESIAN_POINT('Ctrl Pts',(-4.20541897634843,18.1466939137684,-6.65577483034147));
#6862=CARTESIAN_POINT('Ctrl Pts',(-6.12618323660728,14.6694058912907,-2.));
#6863=CARTESIAN_POINT('Ctrl Pts',(-6.12618323660728,14.6694058912907,-2.17885051623316));
#6864=CARTESIAN_POINT('Ctrl Pts',(-6.07818115738839,14.715329566723,-2.71037977074219));
#6865=CARTESIAN_POINT('Ctrl Pts',(-5.81318618878093,15.1586312531239,-3.77711851654407));
#6866=CARTESIAN_POINT('Ctrl Pts',(-5.46937045985412,16.4209507653092,-4.93726103953418));
#6867=CARTESIAN_POINT('Ctrl Pts',(-5.28676571909946,17.5593933704089,-5.3256695851422));
#6868=CARTESIAN_POINT('Ctrl Pts',(-5.2087248159376,18.1466939137684,-5.39286285678597));
#6869=CARTESIAN_POINT('Ctrl Pts',(-7.78618395741385,14.5190191329377,-2.));
#6870=CARTESIAN_POINT('Ctrl Pts',(-7.78618395741385,14.5190191329377,-2.19161091898166));
#6871=CARTESIAN_POINT('Ctrl Pts',(-7.71857947497835,14.6117935141112,-2.76654364206107));
#6872=CARTESIAN_POINT('Ctrl Pts',(-7.32693938981816,15.2389075917789,-3.7464895288424));
#6873=CARTESIAN_POINT('Ctrl Pts',(-6.77449806221946,16.5511348842203,-4.67990614919478));
#6874=CARTESIAN_POINT('Ctrl Pts',(-6.46274006415828,17.6137048593641,-4.96396310163841));
#6875=CARTESIAN_POINT('Ctrl Pts',(-6.32680157423076,18.1466939137684,-5.));
#6876=CARTESIAN_POINT('Ctrl Pts',(-8.56133828996283,14.0465649425337,-2.));
#6877=CARTESIAN_POINT('Ctrl Pts',(-8.56133828996283,14.0465649425337,-2.23612544995757));
#6878=CARTESIAN_POINT('Ctrl Pts',(-8.49714711016557,14.185484694297,-2.94627008471093));
#6879=CARTESIAN_POINT('Ctrl Pts',(-8.11116481375955,15.034733132709,-3.98869180003181));
#6880=CARTESIAN_POINT('Ctrl Pts',(-7.51668106968124,16.5230421009748,-4.80376600549913));
#6881=CARTESIAN_POINT('Ctrl Pts',(-7.1585704417695,17.6132827314169,-5.));
#6882=CARTESIAN_POINT('Ctrl Pts',(-7.,18.1466939137684,-5.));
#6883=CARTESIAN_POINT('',(-4.,18.1466939137684,-8.));
#6884=CARTESIAN_POINT('Origin',(-7.,18.1466939137684,-8.));
#6885=CARTESIAN_POINT('Ctrl Pts',(-7.,18.1466939137684,-5.));
#6886=CARTESIAN_POINT('Ctrl Pts',(-7.0598279024403,17.9454403142818,-5.));
#6887=CARTESIAN_POINT('Ctrl Pts',(-7.12260117699509,17.7424237533644,-4.9860285491857));
#6888=CARTESIAN_POINT('Ctrl Pts',(-7.18770776700062,17.5396816280911,-4.95868063586935));
#6889=CARTESIAN_POINT('Ctrl Pts',(-7.25464061714194,17.3312525230327,-4.93056560506331));
#6890=CARTESIAN_POINT('Ctrl Pts',(-7.32403917147116,17.1231147623606,-4.88831332054889));
#6891=CARTESIAN_POINT('Ctrl Pts',(-7.39522900758191,16.9174813186003,-4.83262364605179));
#6892=CARTESIAN_POINT('Ctrl Pts',(-7.42415675029503,16.8339228827436,-4.80999434018961));
#6893=CARTESIAN_POINT('Ctrl Pts',(-7.4533801891769,16.750777833314,-4.78514687293114));
#6894=CARTESIAN_POINT('Ctrl Pts',(-7.48285385861559,16.6681938390072,-4.75813051095599));
#6895=CARTESIAN_POINT('Ctrl Pts',(-7.49725399773738,16.6278452488961,-4.7449309542528));
#6896=CARTESIAN_POINT('Ctrl Pts',(-7.511711855159,16.5876257142211,-4.73121144588537));
#6897=CARTESIAN_POINT('Ctrl Pts',(-7.52622327790698,16.5475515007911,-4.71697702914453));
#6898=CARTESIAN_POINT('Ctrl Pts',(-7.62200075749455,16.2830559220019,-4.62302782908922));
#6899=CARTESIAN_POINT('Ctrl Pts',(-7.72010940585469,16.0248935442155,-4.506646146831));
#6900=CARTESIAN_POINT('Ctrl Pts',(-7.81668649947618,15.7800184875788,-4.36966607351771));
#6901=CARTESIAN_POINT('Ctrl Pts',(-7.8884202149499,15.598134802942,-4.26792259340083));
#6902=CARTESIAN_POINT('Ctrl Pts',(-7.95931042200892,15.4235813821406,-4.15481708694636));
#6903=CARTESIAN_POINT('Ctrl Pts',(-8.02777351921543,15.2591883535771,-4.03109942877698));
#6904=CARTESIAN_POINT('Ctrl Pts',(-8.04848174437513,15.2094639328441,-3.9936782014861));
#6905=CARTESIAN_POINT('Ctrl Pts',(-8.06893475211909,15.1607074418043,-3.95530640670155));
#6906=CARTESIAN_POINT('Ctrl Pts',(-8.08908981152199,15.1129888479928,-3.91600152911301));
#6907=CARTESIAN_POINT('Ctrl Pts',(-8.13603553797291,15.0018413684981,-3.82445151208885));
#6908=CARTESIAN_POINT('Ctrl Pts',(-8.18136529025303,14.8963224706099,-3.72784158792279));
#6909=CARTESIAN_POINT('Ctrl Pts',(-8.22413991414238,14.7979540122399,-3.62675888585118));
#6910=CARTESIAN_POINT('Ctrl Pts',(-8.26259304117507,14.709523665418,-3.53588851388431));
#6911=CARTESIAN_POINT('Ctrl Pts',(-8.29898183865062,14.6268713449821,-3.44140259460047));
#6912=CARTESIAN_POINT('Ctrl Pts',(-8.33261292694043,14.551135260097,-3.34370795074605));
#6913=CARTESIAN_POINT('Ctrl Pts',(-8.36379464754324,14.48091506924,-3.25312845290737));
#6914=CARTESIAN_POINT('Ctrl Pts',(-8.39260603675334,14.4166400373556,-3.15979014448227));
#6915=CARTESIAN_POINT('Ctrl Pts',(-8.41847846285835,14.3592530549644,-3.06400795767849));
#6916=CARTESIAN_POINT('Ctrl Pts',(-8.45038005133485,14.2884929380461,-2.94590523726135));
#6917=CARTESIAN_POINT('Ctrl Pts',(-8.47783329276844,14.2283251488899,-2.82438356935293));
#6918=CARTESIAN_POINT('Ctrl Pts',(-8.49974276423488,14.1804711647082,-2.70011292748213));
#6919=CARTESIAN_POINT('Ctrl Pts',(-8.52298916519431,14.1296971008291,-2.56825921422211));
#6920=CARTESIAN_POINT('Ctrl Pts',(-8.53999544158136,14.0927845181741,-2.43330960710588));
#6921=CARTESIAN_POINT('Ctrl Pts',(-8.55017706492358,14.0707262046548,-2.29715893160101));
#6922=CARTESIAN_POINT('Ctrl Pts',(-8.55550577579696,14.0591816433262,-2.2259023587938));
#6923=CARTESIAN_POINT('Ctrl Pts',(-8.55896486987931,14.0517067050715,-2.15431689857441));
#6924=CARTESIAN_POINT('Ctrl Pts',(-8.56046851960605,14.0484487367616,-2.08267587596522));
#6925=CARTESIAN_POINT('Ctrl Pts',(-8.56104672331336,14.0471959387718,-2.05512750207786));
#6926=CARTESIAN_POINT('Ctrl Pts',(-8.56133828996283,14.0465649425337,-2.02756395770196));
#6927=CARTESIAN_POINT('Ctrl Pts',(-8.56133828996283,14.0465649425337,-2.));
#6928=CARTESIAN_POINT('Ctrl Pts',(-4.,15.9568999842861,-7.64707553415221));
#6929=CARTESIAN_POINT('Ctrl Pts',(-4.,16.6625514934704,-7.87868712787986));
#6930=CARTESIAN_POINT('Ctrl Pts',(-4.,17.404081491971,-8.));
#6931=CARTESIAN_POINT('Ctrl Pts',(-4.,18.1466939137684,-8.));
#6932=CARTESIAN_POINT('Origin',(-7.,16.2089392208389,-8.));
#6933=CARTESIAN_POINT('',(-4.,16.2089392208389,-8.));
#6934=CARTESIAN_POINT('Origin',(0.,0.,-2.));
#6935=CARTESIAN_POINT('',(-14.95,9.43155153294046,-4.41960705393878));
#6936=CARTESIAN_POINT('Ctrl Pts',(-14.95,9.43155153294046,-4.41960705393878));
#6937=CARTESIAN_POINT('Ctrl Pts',(-14.4601672691311,11.0954904843573,-4.7667097663471));
#6938=CARTESIAN_POINT('Ctrl Pts',(-13.9260289140586,12.641243450326,-5.));
#6939=CARTESIAN_POINT('Ctrl Pts',(-13.45,14.0499110317468,-5.));
#6940=CARTESIAN_POINT('Origin',(-16.45,10.3778610512957,-2.));
#6941=CARTESIAN_POINT('Ctrl Pts',(4.,-11.4848813663877,-2.));
#6942=CARTESIAN_POINT('Ctrl Pts',(4.,-11.4848813663877,-2.94450179983032));
#6943=CARTESIAN_POINT('Ctrl Pts',(4.,-11.893881520018,-4.34801935686474));
#6944=CARTESIAN_POINT('Ctrl Pts',(4.,-13.9022948637065,-7.00643461011321));
#6945=CARTESIAN_POINT('Ctrl Pts',(4.,-16.2577203289046,-8.));
#6946=CARTESIAN_POINT('Ctrl Pts',(4.,-18.1466939137684,-8.));
#6947=CARTESIAN_POINT('Ctrl Pts',(4.,-12.0900726864767,-2.));
#6948=CARTESIAN_POINT('Ctrl Pts',(4.,-12.0900726864767,-2.83273496795704));
#6949=CARTESIAN_POINT('Ctrl Pts',(3.99990524174664,-12.4335065560901,-4.07735229006303));
#6950=CARTESIAN_POINT('Ctrl Pts',(4.00011189198186,-14.2045496084328,-6.53501490580818));
#6951=CARTESIAN_POINT('Ctrl Pts',(3.99990178255023,-16.3808131957224,-7.52089658302385));
#6952=CARTESIAN_POINT('Ctrl Pts',(4.,-18.1466939137684,-7.55120104948717));
#6953=CARTESIAN_POINT('Ctrl Pts',(4.37667438555996,-13.2927572733187,-2.));
#6954=CARTESIAN_POINT('Ctrl Pts',(4.37667438555996,-13.2927572733187,-2.61040275472566));
#6955=CARTESIAN_POINT('Ctrl Pts',(4.35761857660858,-13.5066079807483,-3.53906387949509));
#6956=CARTESIAN_POINT('Ctrl Pts',(4.28414199725855,-14.8063954168184,-5.59605469088719));
#6957=CARTESIAN_POINT('Ctrl Pts',(4.23341564951841,-16.6264498524628,-6.56543951341327));
#6958=CARTESIAN_POINT('Ctrl Pts',(4.20541897634843,-18.1466939137684,-6.65577483034147));
#6959=CARTESIAN_POINT('Ctrl Pts',(6.12618323660728,-14.6694058912907,-2.));
#6960=CARTESIAN_POINT('Ctrl Pts',(6.12618323660728,-14.6694058912907,-2.35770103246635));
#6961=CARTESIAN_POINT('Ctrl Pts',(6.02787688004638,-14.771228247817,-2.91760067890387));
#6962=CARTESIAN_POINT('Ctrl Pts',(5.64454063458298,-15.6095207569682,-4.4062207093302));
#6963=CARTESIAN_POINT('Ctrl Pts',(5.36480662226132,-16.9720928270492,-5.25847631349842));
#6964=CARTESIAN_POINT('Ctrl Pts',(5.2087248159376,-18.1466939137684,-5.39286285678597));
#6965=CARTESIAN_POINT('Ctrl Pts',(7.78618395741385,-14.5190191329377,-2.));
#6966=CARTESIAN_POINT('Ctrl Pts',(7.78618395741385,-14.5190191329377,-2.38322183796335));
#6967=CARTESIAN_POINT('Ctrl Pts',(7.64675890001271,-14.7125752454303,-2.96842613118106));
#6968=CARTESIAN_POINT('Ctrl Pts',(7.06521758324909,-15.7554048422491,-4.28106789343935));
#6969=CARTESIAN_POINT('Ctrl Pts',(6.59867855408579,-17.0807158049596,-4.92792620327683));
#6970=CARTESIAN_POINT('Ctrl Pts',(6.32680157423076,-18.1466939137684,-5.));
#6971=CARTESIAN_POINT('Ctrl Pts',(8.56133828996283,-14.0465649425337,-2.));
#6972=CARTESIAN_POINT('Ctrl Pts',(8.56133828996283,-14.0465649425337,-2.47225089991517));
#6973=CARTESIAN_POINT('Ctrl Pts',(8.42850724561135,-14.3331134321695,-3.17400967843235));
#6974=CARTESIAN_POINT('Ctrl Pts',(7.84125156176986,-15.6669251505293,-4.50321730505663));
#6975=CARTESIAN_POINT('Ctrl Pts',(7.317140883539,-17.0798715490651,-5.));
#6976=CARTESIAN_POINT('Ctrl Pts',(7.,-18.1466939137684,-5.));
#6977=CARTESIAN_POINT('',(7.,-18.1466939137684,-5.));
#6978=CARTESIAN_POINT('Origin',(7.,-18.1466939137684,-8.));
#6979=CARTESIAN_POINT('Ctrl Pts',(7.,-18.1466939137684,-5.));
#6980=CARTESIAN_POINT('Ctrl Pts',(7.04421628889909,-17.997955834479,-5.));
#6981=CARTESIAN_POINT('Ctrl Pts',(7.09008576380841,-17.8482593610638,-4.99227837142181));
#6982=CARTESIAN_POINT('Ctrl Pts',(7.13731584447928,-17.6984348869624,-4.97715642165374));
#6983=CARTESIAN_POINT('Ctrl Pts',(7.1879388090952,-17.5378474193295,-4.96094815105248));
#6984=CARTESIAN_POINT('Ctrl Pts',(7.24012520972575,-17.3771128988191,-4.93623727305349));
#6985=CARTESIAN_POINT('Ctrl Pts',(7.29355756219227,-17.2172387625928,-4.90337718942518));
#6986=CARTESIAN_POINT('Ctrl Pts',(7.35524858116979,-17.0326539948132,-4.86543815157377));
#6987=CARTESIAN_POINT('Ctrl Pts',(7.41860126206911,-16.8492164166691,-4.81663645706097));
#6988=CARTESIAN_POINT('Ctrl Pts',(7.48317483236296,-16.6684547072907,-4.75746746778303));
#6989=CARTESIAN_POINT('Ctrl Pts',(7.54065004436545,-16.5075635327562,-4.70480272914077));
#6990=CARTESIAN_POINT('Ctrl Pts',(7.59913228891833,-16.3486454192624,-4.64386782762498));
#6991=CARTESIAN_POINT('Ctrl Pts',(7.65778787285877,-16.1931996378587,-4.57503486692455));
#6992=CARTESIAN_POINT('Ctrl Pts',(7.72039233768394,-16.0272887509432,-4.50156785189392));
#6993=CARTESIAN_POINT('Ctrl Pts',(7.78319295795164,-15.86533381987,-4.41910302357509));
#6994=CARTESIAN_POINT('Ctrl Pts',(7.84514303609049,-15.7091734428309,-4.32814221250377));
#6995=CARTESIAN_POINT('Ctrl Pts',(7.90139246564983,-15.5673829497094,-4.24555161877525));
#6996=CARTESIAN_POINT('Ctrl Pts',(7.95693906133576,-15.4303701317012,-4.15595638674139));
#6997=CARTESIAN_POINT('Ctrl Pts',(8.01099541033136,-15.2995172855521,-4.05977608151198));
#6998=CARTESIAN_POINT('Ctrl Pts',(8.01647379920623,-15.2862558872167,-4.05002860274323));
#6999=CARTESIAN_POINT('Ctrl Pts',(8.02193688964046,-15.2730577600597,-4.04021353297793));
#7000=CARTESIAN_POINT('Ctrl Pts',(8.02738386902482,-15.2599243440095,-4.03033134065395));
#7001=CARTESIAN_POINT('Ctrl Pts',(8.0479907867934,-15.2102382325945,-3.99294520235169));
#7002=CARTESIAN_POINT('Ctrl Pts',(8.0683715090687,-15.1615024665248,-3.95462401478122));
#7003=CARTESIAN_POINT('Ctrl Pts',(8.08850476686566,-15.113768480846,-3.91538580426458));
#7004=CARTESIAN_POINT('Ctrl Pts',(8.13433140612234,-15.0051179999328,-3.82607311892786));
#7005=CARTESIAN_POINT('Ctrl Pts',(8.17887533166822,-14.9016575100071,-3.73201248458951));
#7006=CARTESIAN_POINT('Ctrl Pts',(8.22099521949809,-14.8050750245645,-3.6336300501475));
#7007=CARTESIAN_POINT('Ctrl Pts',(8.26005040153741,-14.7155200246556,-3.54240606820996));
#7008=CARTESIAN_POINT('Ctrl Pts',(8.29702291894868,-14.6318767562659,-3.44746588211604));
#7009=CARTESIAN_POINT('Ctrl Pts',(8.33099542564652,-14.5555109385936,-3.3491153307746));
#7010=CARTESIAN_POINT('Ctrl Pts',(8.36289869921507,-14.4837964903736,-3.25675521814081));
#7011=CARTESIAN_POINT('Ctrl Pts',(8.39215674824695,-14.4184990224556,-3.16138709714664));
#7012=CARTESIAN_POINT('Ctrl Pts',(8.41840862717021,-14.3603066325153,-3.06354666484851));
#7013=CARTESIAN_POINT('Ctrl Pts',(8.44992233782339,-14.2904503702586,-2.94609544992259));
#7014=CARTESIAN_POINT('Ctrl Pts',(8.47693566960002,-14.2309461465995,-2.825094411385));
#7015=CARTESIAN_POINT('Ctrl Pts',(8.49871523042552,-14.183159840821,-2.70169120895261));
#7016=CARTESIAN_POINT('Ctrl Pts',(8.5194059794597,-14.1377624855642,-2.58445722466795));
#7017=CARTESIAN_POINT('Ctrl Pts',(8.53537289936659,-14.1029410483975,-2.46505625604037));
#7018=CARTESIAN_POINT('Ctrl Pts',(8.54600265567101,-14.0798251690391,-2.34448437920126));
#7019=CARTESIAN_POINT('Ctrl Pts',(8.55365395488109,-14.063186357724,-2.2576967351953));
#7020=CARTESIAN_POINT('Ctrl Pts',(8.55854030061625,-14.0526114995187,-2.1703026901886));
#7021=CARTESIAN_POINT('Ctrl Pts',(8.5604395335823,-14.0485063156488,-2.08267395272356));
#7022=CARTESIAN_POINT('Ctrl Pts',(8.56103656583602,-14.0472158330058,-2.0551274728787));
#7023=CARTESIAN_POINT('Ctrl Pts',(8.56133828996283,-14.0465649425337,-2.02756395770196));
#7024=CARTESIAN_POINT('Ctrl Pts',(8.56133828996283,-14.0465649425337,-2.));
#7025=CARTESIAN_POINT('Origin',(7.,-24.6924151214043,-8.));
#7026=CARTESIAN_POINT('',(7.,-24.6924151214043,-5.));
#7027=CARTESIAN_POINT('Origin',(-7.,-24.6924151214043,-8.));
#7028=CARTESIAN_POINT('',(-7.,-18.1466939137684,-5.));
#7029=CARTESIAN_POINT('Origin',(-7.,-18.1466939137684,-8.));
#7030=CARTESIAN_POINT('',(-7.,-24.6924151214043,-5.));
#7031=CARTESIAN_POINT('Ctrl Pts',(-4.,-18.1466939137684,-8.));
#7032=CARTESIAN_POINT('Ctrl Pts',(-4.,-16.7299637251206,-8.));
#7033=CARTESIAN_POINT('Ctrl Pts',(-4.,-14.3759861555942,-7.26344314906908));
#7034=CARTESIAN_POINT('Ctrl Pts',(-4.,-12.370366062055,-5.16742934501585));
#7035=CARTESIAN_POINT('Ctrl Pts',(-4.,-11.6169212109932,-3.41601667474695));
#7036=CARTESIAN_POINT('Ctrl Pts',(-4.,-11.4848813663877,-2.47225089991517));
#7037=CARTESIAN_POINT('Ctrl Pts',(-4.,-11.4848813663877,-2.00000000000001));
#7038=CARTESIAN_POINT('Ctrl Pts',(-4.,-18.1466939137684,-7.55120104948717));
#7039=CARTESIAN_POINT('Ctrl Pts',(-3.99992633691267,-16.8222833752339,-7.52847269963968));
#7040=CARTESIAN_POINT('Ctrl Pts',(-4.00010712377502,-14.6372990797461,-6.79019111491998));
#7041=CARTESIAN_POINT('Ctrl Pts',(-3.9999539598499,-12.8482620310297,-4.82425221142908));
#7042=CARTESIAN_POINT('Ctrl Pts',(-3.99997129924995,-12.2015134600058,-3.24899511755647));
#7043=CARTESIAN_POINT('Ctrl Pts',(-4.,-12.0900726864767,-2.41636748397853));
#7044=CARTESIAN_POINT('Ctrl Pts',(-4.,-12.0900726864767,-2.00000000000001));
#7045=CARTESIAN_POINT('Ctrl Pts',(-4.20541897634843,-18.1466939137684,-6.65577483034147));
#7046=CARTESIAN_POINT('Ctrl Pts',(-4.22641648122591,-17.0065108677892,-6.58802334264532));
#7047=CARTESIAN_POINT('Ctrl Pts',(-4.27150708151044,-15.1579267658517,-5.84740998455871));
#7048=CARTESIAN_POINT('Ctrl Pts',(-4.33869610474,-13.7988805235661,-4.14144799737562));
#7049=CARTESIAN_POINT('Ctrl Pts',(-4.37068401100287,-13.3635314939075,-2.91690954337309));
#7050=CARTESIAN_POINT('Ctrl Pts',(-4.37667438555996,-13.2927572733187,-2.30520137736283));
#7051=CARTESIAN_POINT('Ctrl Pts',(-4.37667438555996,-13.2927572733187,-2.00000000000001));
#7052=CARTESIAN_POINT('Ctrl Pts',(-5.2087248159376,-18.1466939137684,-5.39286285678597));
#7053=CARTESIAN_POINT('Ctrl Pts',(-5.32578617068038,-17.2657430987291,-5.29207294932031));
#7054=CARTESIAN_POINT('Ctrl Pts',(-5.575449665534,-15.8646580144724,-4.62524090752665));
#7055=CARTESIAN_POINT('Ctrl Pts',(-5.92993025689304,-14.949037314073,-3.33092659846827));
#7056=CARTESIAN_POINT('Ctrl Pts',(-6.09496735342669,-14.7043825428087,-2.53757961453377));
#7057=CARTESIAN_POINT('Ctrl Pts',(-6.12618323660728,-14.6694058912907,-2.17885051623316));
#7058=CARTESIAN_POINT('Ctrl Pts',(-6.12618323660728,-14.6694058912907,-2.00000000000001));
#7059=CARTESIAN_POINT('Ctrl Pts',(-6.32680157423076,-18.1466939137684,-5.));
#7060=CARTESIAN_POINT('Ctrl Pts',(-6.53070930912203,-17.3472103321619,-4.94594465245762));
#7061=CARTESIAN_POINT('Ctrl Pts',(-6.9537213608098,-16.0194617379685,-4.44812773083231));
#7062=CARTESIAN_POINT('Ctrl Pts',(-7.50089707556112,-14.9536547593633,-3.35055075030755));
#7063=CARTESIAN_POINT('Ctrl Pts',(-7.74172884426049,-14.582475153839,-2.57701456234523));
#7064=CARTESIAN_POINT('Ctrl Pts',(-7.78618395741385,-14.5190191329377,-2.19161091898167));
#7065=CARTESIAN_POINT('Ctrl Pts',(-7.78618395741385,-14.5190191329377,-2.00000000000001));
#7066=CARTESIAN_POINT('Ctrl Pts',(-7.,-18.1466939137684,-5.));
#7067=CARTESIAN_POINT('Ctrl Pts',(-7.23785566265425,-17.346577140241,-5.));
#7068=CARTESIAN_POINT('Ctrl Pts',(-7.71984039057241,-15.9636018614357,-4.63172157453453));
#7069=CARTESIAN_POINT('Ctrl Pts',(-8.2841170452214,-14.6551206109844,-3.58371467250793));
#7070=CARTESIAN_POINT('Ctrl Pts',(-8.51851888810902,-14.1387343061272,-2.70800833737348));
#7071=CARTESIAN_POINT('Ctrl Pts',(-8.56133828996283,-14.0465649425337,-2.23612544995758));
#7072=CARTESIAN_POINT('Ctrl Pts',(-8.56133828996283,-14.0465649425337,-2.00000000000001));
#7073=CARTESIAN_POINT('Ctrl Pts',(-8.56133828996283,-14.0465649425337,-2.00000000000001));
#7074=CARTESIAN_POINT('Ctrl Pts',(-8.56133828996283,-14.0465649425337,-2.23612544995758));
#7075=CARTESIAN_POINT('Ctrl Pts',(-8.51851888810902,-14.1387343061272,-2.70800833737348));
#7076=CARTESIAN_POINT('Ctrl Pts',(-8.2841170452214,-14.6551206109844,-3.58371467250793));
#7077=CARTESIAN_POINT('Ctrl Pts',(-7.71984039083958,-15.9636018608162,-4.63172157403833));
#7078=CARTESIAN_POINT('Ctrl Pts',(-7.23785566320193,-17.3465771386695,-4.99999999958152));
#7079=CARTESIAN_POINT('Ctrl Pts',(-7.0000000006757,-18.1466939114955,-5.));
#7080=CARTESIAN_POINT('Origin',(-10.225,-16.4616100809362,-5.));
#7081=CARTESIAN_POINT('',(-13.45,-14.0499110317468,-5.));
#7082=CARTESIAN_POINT('Origin',(0.,0.,-5.));
#7083=CARTESIAN_POINT('',(-13.45,-8.23080504046811,-5.));
#7084=CARTESIAN_POINT('Origin',(-7.,7.97813418037074,-27.));
#7085=CARTESIAN_POINT('',(-4.,7.97813418037074,-27.));
#7086=CARTESIAN_POINT('Origin',(16.45,32.9232201618725,-5.));
#7087=CARTESIAN_POINT('',(16.45,14.0499110317468,-8.));
#7088=CARTESIAN_POINT('',(16.45,24.6924151214043,-8.));
#7089=CARTESIAN_POINT('',(16.45,8.48524201458523,-6.83921410787756));
#7090=CARTESIAN_POINT('Ctrl Pts',(16.45,8.48524201458523,-6.83921410787756));
#7091=CARTESIAN_POINT('Ctrl Pts',(16.45,10.2602472429899,-7.53341953269449));
#7092=CARTESIAN_POINT('Ctrl Pts',(16.45,12.1439821944843,-8.));
#7093=CARTESIAN_POINT('Ctrl Pts',(16.45,14.0499110317468,-8.));
#7094=CARTESIAN_POINT('Ctrl Pts',(16.45,-2.58897143938917E-16,-5.));
#7095=CARTESIAN_POINT('Ctrl Pts',(16.45,0.0147924218562406,-5.0025252370964));
#7096=CARTESIAN_POINT('Ctrl Pts',(16.45,0.0295845119945809,-5.00505055965186));
#7097=CARTESIAN_POINT('Ctrl Pts',(16.45,0.612496046691831,-5.10455327419186));
#7098=CARTESIAN_POINT('Ctrl Pts',(16.45,1.74866576833313,-5.29865991404025));
#7099=CARTESIAN_POINT('Ctrl Pts',(16.45,3.45182252414504,-5.60169802818848));
#7100=CARTESIAN_POINT('Ctrl Pts',(16.45,5.14732723162412,-5.93161051867131));
#7101=CARTESIAN_POINT('Ctrl Pts',(16.45,6.55660672718746,-6.24828518615937));
#7102=CARTESIAN_POINT('Ctrl Pts',(16.45,7.66987471002852,-6.55387645534132));
#7103=CARTESIAN_POINT('Ctrl Pts',(16.45,8.21687715190699,-6.73425647703783));
#7104=CARTESIAN_POINT('Ctrl Pts',(16.45,8.48524201458523,-6.83921410787756));
#7105=CARTESIAN_POINT('',(16.45,-8.48524201458523,-6.83921410787756));
#7106=CARTESIAN_POINT('Ctrl Pts',(16.45,-8.48524201458522,-6.83921410787756));
#7107=CARTESIAN_POINT('Ctrl Pts',(16.45,-8.21687715190629,-6.73425647703755));
#7108=CARTESIAN_POINT('Ctrl Pts',(16.45,-7.66976643716176,-6.55395448266857));
#7109=CARTESIAN_POINT('Ctrl Pts',(16.45,-6.55664232448093,-6.24818473911325));
#7110=CARTESIAN_POINT('Ctrl Pts',(16.45,-5.14727761002224,-5.93165514383575));
#7111=CARTESIAN_POINT('Ctrl Pts',(16.45,-3.45183494691274,-5.60167764218995));
#7112=CARTESIAN_POINT('Ctrl Pts',(16.45,-1.74865736047148,-5.29866958724886));
#7113=CARTESIAN_POINT('Ctrl Pts',(16.45,-0.612496890500353,-5.10455211805761));
#7114=CARTESIAN_POINT('Ctrl Pts',(16.45,-0.0295844973132813,-5.00505057962294));
#7115=CARTESIAN_POINT('Ctrl Pts',(16.45,-0.0147924218489805,-5.00252523709474));
#7116=CARTESIAN_POINT('Ctrl Pts',(16.45,2.58897143925609E-16,-5.));
#7117=CARTESIAN_POINT('',(16.45,-14.0499110317468,-8.));
#7118=CARTESIAN_POINT('Ctrl Pts',(16.45,-14.0499110317468,-8.));
#7119=CARTESIAN_POINT('Ctrl Pts',(16.45,-12.1439821944843,-8.));
#7120=CARTESIAN_POINT('Ctrl Pts',(16.45,-10.2602472429898,-7.53341953269447));
#7121=CARTESIAN_POINT('Ctrl Pts',(16.45,-8.48524201458522,-6.83921410787756));
#7122=CARTESIAN_POINT('',(16.45,8.23080504046811,-8.));
#7123=CARTESIAN_POINT('Ctrl Pts',(-16.45,8.48524201458523,-6.83921410787756));
#7124=CARTESIAN_POINT('Ctrl Pts',(-16.45,8.21687715190633,-6.73425647703757));
#7125=CARTESIAN_POINT('Ctrl Pts',(-16.45,7.66982909239744,-6.55388338301547));
#7126=CARTESIAN_POINT('Ctrl Pts',(-16.45,6.55657912885748,-6.24827708524869));
#7127=CARTESIAN_POINT('Ctrl Pts',(-16.45,5.14772448500265,-5.9314940944339));
#7128=CARTESIAN_POINT('Ctrl Pts',(-16.45,3.45196018189052,-5.60169992582212));
#7129=CARTESIAN_POINT('Ctrl Pts',(-16.45,1.74870128321758,-5.29864100031327));
#7130=CARTESIAN_POINT('Ctrl Pts',(-16.45,0.612493554054493,-5.10455513513477));
#7131=CARTESIAN_POINT('Ctrl Pts',(-16.45,0.0295845579522495,-5.00505052694411));
#7132=CARTESIAN_POINT('Ctrl Pts',(-16.45,0.0147924218500173,-5.00252523709723));
#7133=CARTESIAN_POINT('Ctrl Pts',(-16.45,5.63376915662688E-15,-5.));
#7134=CARTESIAN_POINT('Ctrl Pts',(-16.45,8.67595485933651,-6.35158280386303));
#7135=CARTESIAN_POINT('Ctrl Pts',(-16.4496936080422,8.37595085974224,-6.26922373590274));
#7136=CARTESIAN_POINT('Ctrl Pts',(-16.4495803667818,7.79477824251733,-6.12984261791113));
#7137=CARTESIAN_POINT('Ctrl Pts',(-16.4493607614956,6.63902007527859,-5.89818227756091));
#7138=CARTESIAN_POINT('Ctrl Pts',(-16.4497283249338,5.20216851187103,-5.66415894324715));
#7139=CARTESIAN_POINT('Ctrl Pts',(-16.4496940657212,3.48359527295246,-5.4260428782566));
#7140=CARTESIAN_POINT('Ctrl Pts',(-16.4499260033533,1.76378287750787,-5.21062247945451));
#7141=CARTESIAN_POINT('Ctrl Pts',(-16.4499854938776,0.617744407966063,-5.07373183634392));
#7142=CARTESIAN_POINT('Ctrl Pts',(-16.4500002367251,0.0298389344060503,
-5.00356154592466));
#7143=CARTESIAN_POINT('Ctrl Pts',(-16.45,0.0149195124964756,-5.00178076108043));
#7144=CARTESIAN_POINT('Ctrl Pts',(-16.45,5.64144234312157E-15,-5.));
#7145=CARTESIAN_POINT('Ctrl Pts',(-16.1693915095836,9.0571055856193,-5.37702324587541));
#7146=CARTESIAN_POINT('Ctrl Pts',(-16.2052355798765,8.69408718159493,-5.33937875835808));
#7147=CARTESIAN_POINT('Ctrl Pts',(-16.2532550202819,8.0447743860927,-5.28167415393848));
#7148=CARTESIAN_POINT('Ctrl Pts',(-16.3228134139017,6.80411099284244,-5.19754899888591));
#7149=CARTESIAN_POINT('Ctrl Pts',(-16.3784906316603,5.31113454967702,-5.12929451244028));
#7150=CARTESIAN_POINT('Ctrl Pts',(-16.4212230105953,3.54695245575068,-5.0745056400709));
#7151=CARTESIAN_POINT('Ctrl Pts',(-16.4446147335414,1.79396411578176,-5.03453562909873));
#7152=CARTESIAN_POINT('Ctrl Pts',(-16.4498801644002,0.628250104826617,-5.01207489212754));
#7153=CARTESIAN_POINT('Ctrl Pts',(-16.4499980114527,0.0303476220790747,
-5.00058375290809));
#7154=CARTESIAN_POINT('Ctrl Pts',(-16.45,0.0151736937893923,-5.00029180904685));
#7155=CARTESIAN_POINT('Ctrl Pts',(-16.45,5.65678871611093E-15,-5.));
#7156=CARTESIAN_POINT('Ctrl Pts',(-15.4034498410586,9.33619511056482,-4.66342270594605));
#7157=CARTESIAN_POINT('Ctrl Pts',(-15.5270802722048,8.93913079336028,-4.62738421150169));
#7158=CARTESIAN_POINT('Ctrl Pts',(-15.6985831704787,8.24815496513707,-4.59385622372128));
#7159=CARTESIAN_POINT('Ctrl Pts',(-15.9536001771506,6.9503541861526,-4.58185897147676));
#7160=CARTESIAN_POINT('Ctrl Pts',(-16.1673988790808,5.41294633707315,-4.62963153243483));
#7161=CARTESIAN_POINT('Ctrl Pts',(-16.3342727706353,3.6089840375206,-4.7315448422082));
#7162=CARTESIAN_POINT('Ctrl Pts',(-16.4282026556454,1.82404508890174,-4.85865209708493));
#7163=CARTESIAN_POINT('Ctrl Pts',(-16.4494673859279,0.638760004365173,-4.9504320094369));
#7164=CARTESIAN_POINT('Ctrl Pts',(-16.4499929186737,0.0308562310984536,
-4.99760575049237));
#7165=CARTESIAN_POINT('Ctrl Pts',(-16.45,0.015427875082309,-4.99880285701326));
#7166=CARTESIAN_POINT('Ctrl Pts',(-16.45,5.6721350891003E-15,-5.));
#7167=CARTESIAN_POINT('Ctrl Pts',(-14.95,9.43155153294046,-4.41960705393878));
#7168=CARTESIAN_POINT('Ctrl Pts',(-15.1189518559132,9.02956266094473,-4.36712823851879));
#7169=CARTESIAN_POINT('Ctrl Pts',(-15.3579072330302,8.3291154660782,-4.32180214426121));
#7170=CARTESIAN_POINT('Ctrl Pts',(-15.7198082542417,7.01505081867945,-4.31286605993527));
#7171=CARTESIAN_POINT('Ctrl Pts',(-16.0305481584971,5.46061300534199,-4.39632467674109));
#7172=CARTESIAN_POINT('Ctrl Pts',(-16.2770944950928,3.6395407612814,-4.5637480570541));
#7173=CARTESIAN_POINT('Ctrl Pts',(-16.4173645669748,1.8390931028055,-4.77066453727221));
#7174=CARTESIAN_POINT('Ctrl Pts',(-16.4492102621028,0.644026478364703,-4.91959052576583));
#7175=CARTESIAN_POINT('Ctrl Pts',(-16.4499892314942,0.0311103431745957,
-4.99611708555094));
#7176=CARTESIAN_POINT('Ctrl Pts',(-16.45,0.0155549657287673,-4.99805838099647));
#7177=CARTESIAN_POINT('Ctrl Pts',(-16.45,5.67980827559499E-15,-5.));
#7178=CARTESIAN_POINT('Ctrl Pts',(-16.45,5.67980827559499E-15,-5.));
#7179=CARTESIAN_POINT('Ctrl Pts',(-16.45,0.0155549657287673,-4.99805838099647));
#7180=CARTESIAN_POINT('Ctrl Pts',(-16.4499892314942,0.0311103431745957,
-4.99611708555094));
#7181=CARTESIAN_POINT('Ctrl Pts',(-16.4492102621028,0.644026478364703,-4.91959052576583));
#7182=CARTESIAN_POINT('Ctrl Pts',(-16.4173645669748,1.8390931028055,-4.77066453727221));
#7183=CARTESIAN_POINT('Ctrl Pts',(-16.2770944950928,3.6395407612814,-4.5637480570541));
#7184=CARTESIAN_POINT('Ctrl Pts',(-16.0305481584971,5.46061300534199,-4.39632467674109));
#7185=CARTESIAN_POINT('Ctrl Pts',(-15.7198082542417,7.01505081867945,-4.31286605993527));
#7186=CARTESIAN_POINT('Ctrl Pts',(-15.3579072330302,8.3291154660782,-4.32180214426121));
#7187=CARTESIAN_POINT('Ctrl Pts',(-15.1189518559132,9.02956266094473,-4.36712823851879));
#7188=CARTESIAN_POINT('Ctrl Pts',(-14.95,9.43155153294046,-4.41960705393878));
#7189=CARTESIAN_POINT('Origin',(-13.45,8.48524201458523,-6.83921410787756));
#7190=CARTESIAN_POINT('Ctrl Pts',(-16.45,-2.00883256307696E-15,-5.));
#7191=CARTESIAN_POINT('Ctrl Pts',(-16.45,-0.0147924218499686,-5.0025252370952));
#7192=CARTESIAN_POINT('Ctrl Pts',(-16.45,-0.0295844973135936,-5.00505057962319));
#7193=CARTESIAN_POINT('Ctrl Pts',(-16.45,-0.612496890509025,-5.10455211805746));
#7194=CARTESIAN_POINT('Ctrl Pts',(-16.45,-1.74865736047144,-5.29866958724894));
#7195=CARTESIAN_POINT('Ctrl Pts',(-16.45,-3.45183494691576,-5.60167764218991));
#7196=CARTESIAN_POINT('Ctrl Pts',(-16.45,-5.14727761002228,-5.93165514383577));
#7197=CARTESIAN_POINT('Ctrl Pts',(-16.45,-6.55664232448133,-6.24818473911325));
#7198=CARTESIAN_POINT('Ctrl Pts',(-16.45,-7.66976643716176,-6.55395448266858));
#7199=CARTESIAN_POINT('Ctrl Pts',(-16.45,-8.21687715190629,-6.73425647703755));
#7200=CARTESIAN_POINT('Ctrl Pts',(-16.45,-8.48524201458522,-6.83921410787756));
#7201=CARTESIAN_POINT('Ctrl Pts',(-16.45,-2.0412869436512E-15,-5.));
#7202=CARTESIAN_POINT('Ctrl Pts',(-16.45,-0.0150446389622787,-5.00103618959929));
#7203=CARTESIAN_POINT('Ctrl Pts',(-16.45,-0.0300952570270745,-5.00207279688951));
#7204=CARTESIAN_POINT('Ctrl Pts',(-16.45,-0.622947387181428,-5.04289769880419));
#7205=CARTESIAN_POINT('Ctrl Pts',(-16.45,-1.77887253113549,-5.12260905141903));
#7206=CARTESIAN_POINT('Ctrl Pts',(-16.45,-3.51548868544199,-5.25028244793857));
#7207=CARTESIAN_POINT('Ctrl Pts',(-16.45,-5.25623321675475,-5.39688233777692));
#7208=CARTESIAN_POINT('Ctrl Pts',(-16.45,-6.72297646499453,-5.54776480268296));
#7209=CARTESIAN_POINT('Ctrl Pts',(-16.45,-7.91980805635432,-5.70573535109971));
#7210=CARTESIAN_POINT('Ctrl Pts',(-16.45,-8.53751306877572,-5.80399772187124));
#7211=CARTESIAN_POINT('Ctrl Pts',(-16.45,-8.86666770408778,-5.86395149984849));
#7212=CARTESIAN_POINT('Ctrl Pts',(-16.45,-2.07374132422545E-15,-5.));
#7213=CARTESIAN_POINT('Ctrl Pts',(-16.4499990566479,-0.0153007454364272,
-4.99954885606377));
#7214=CARTESIAN_POINT('Ctrl Pts',(-16.4499969767939,-0.0306022297259465,
-4.99909326654198));
#7215=CARTESIAN_POINT('Ctrl Pts',(-16.4497379003314,-0.633488761953333,
-4.9812885766946));
#7216=CARTESIAN_POINT('Ctrl Pts',(-16.439074436522,-1.80911353620849,-4.94657190187874));
#7217=CARTESIAN_POINT('Ctrl Pts',(-16.3920025692256,-3.57860279470452,-4.89874343967624));
#7218=CARTESIAN_POINT('Ctrl Pts',(-16.3039232772023,-5.36592024652986,-4.86299893569575));
#7219=CARTESIAN_POINT('Ctrl Pts',(-16.1896253154836,-6.88541611817056,-4.84866425837262));
#7220=CARTESIAN_POINT('Ctrl Pts',(-16.0390464527522,-8.16836508193221,-4.86554474626329));
#7221=CARTESIAN_POINT('Ctrl Pts',(-15.9371525653483,-8.84903627803499,-4.88569933676053));
#7222=CARTESIAN_POINT('Ctrl Pts',(-15.8568996821171,-9.24083868818918,-4.90723835795331));
#7223=CARTESIAN_POINT('Ctrl Pts',(-16.45,-2.10619570479969E-15,-5.));
#7224=CARTESIAN_POINT('Ctrl Pts',(-16.45,-0.0155549657277716,-4.99805838099642));
#7225=CARTESIAN_POINT('Ctrl Pts',(-16.4499890190721,-0.0311105427913858,
-4.99611721794157));
#7226=CARTESIAN_POINT('Ctrl Pts',(-16.4492224121536,-0.644014984589363,
-4.91958299028845));
#7227=CARTESIAN_POINT('Ctrl Pts',(-16.4172711726068,-1.83917398066937,-4.77073140620697));
#7228=CARTESIAN_POINT('Ctrl Pts',(-16.2770184095462,-3.63953292706574,-4.56380020519544));
#7229=CARTESIAN_POINT('Ctrl Pts',(-16.0298519798058,-5.46109552471712,-4.39682235181254));
#7230=CARTESIAN_POINT('Ctrl Pts',(-15.7204182502495,-7.01434061866973,-4.31254403637513));
#7231=CARTESIAN_POINT('Ctrl Pts',(-15.3572132787819,-8.32993226105139,-4.32215186655641));
#7232=CARTESIAN_POINT('Ctrl Pts',(-15.1189518559133,-9.02956266094467,-4.36712823851877));
#7233=CARTESIAN_POINT('Ctrl Pts',(-14.95,-9.43155153294046,-4.41960705393878));
#7234=CARTESIAN_POINT('',(-14.95,-9.43155153294046,-4.41960705393878));
#7235=CARTESIAN_POINT('Origin',(-13.45,-8.48524201458522,-6.83921410787756));
#7236=CARTESIAN_POINT('Ctrl Pts',(-14.95,-9.43155153294046,-4.41960705393878));
#7237=CARTESIAN_POINT('Ctrl Pts',(-15.1189518559133,-9.02956266094467,-4.36712823851877));
#7238=CARTESIAN_POINT('Ctrl Pts',(-15.3572132787819,-8.32993226105139,-4.32215186655641));
#7239=CARTESIAN_POINT('Ctrl Pts',(-15.7204182502495,-7.01434061866973,-4.31254403637513));
#7240=CARTESIAN_POINT('Ctrl Pts',(-16.0298519798058,-5.46109552471712,-4.39682235181254));
#7241=CARTESIAN_POINT('Ctrl Pts',(-16.2770184095462,-3.63953292706574,-4.56380020519544));
#7242=CARTESIAN_POINT('Ctrl Pts',(-16.4172711726068,-1.83917398066937,-4.77073140620697));
#7243=CARTESIAN_POINT('Ctrl Pts',(-16.4492224121536,-0.644014984589363,
-4.91958299028845));
#7244=CARTESIAN_POINT('Ctrl Pts',(-16.4499890190721,-0.0311105427913858,
-4.99611721794157));
#7245=CARTESIAN_POINT('Ctrl Pts',(-16.45,-0.0155549657277716,-4.99805838099642));
#7246=CARTESIAN_POINT('Ctrl Pts',(-16.45,-2.10619570479969E-15,-5.));
#7247=CARTESIAN_POINT('Ctrl Pts',(-16.45,14.0499110317468,-8.));
#7248=CARTESIAN_POINT('Ctrl Pts',(-16.45,12.1439821944843,-8.));
#7249=CARTESIAN_POINT('Ctrl Pts',(-16.45,10.2602472429898,-7.53341953269445));
#7250=CARTESIAN_POINT('Ctrl Pts',(-16.45,8.48524201458523,-6.83921410787756));
#7251=CARTESIAN_POINT('Ctrl Pts',(-16.45,14.0499110317468,-7.10240209897434));
#7252=CARTESIAN_POINT('Ctrl Pts',(-16.4465845816876,12.2933602393657,-7.19489110437455));
#7253=CARTESIAN_POINT('Ctrl Pts',(-16.4512817590448,10.468256278292,-6.85609387246582));
#7254=CARTESIAN_POINT('Ctrl Pts',(-16.45,8.70319955144383,-6.28192118900381));
#7255=CARTESIAN_POINT('Ctrl Pts',(-15.6974933870736,14.0499110317468,-5.5478006884734));
#7256=CARTESIAN_POINT('Ctrl Pts',(-15.8592817612637,12.5501776140216,-5.78822282776117));
#7257=CARTESIAN_POINT('Ctrl Pts',(-16.0069705433432,10.830596278666,-5.67595169664166));
#7258=CARTESIAN_POINT('Ctrl Pts',(-16.1270079601056,9.0838492898551,-5.30864260068245));
#7259=CARTESIAN_POINT('Ctrl Pts',(-14.1231984257692,14.0499110317468,-5.));
#7260=CARTESIAN_POINT('Ctrl Pts',(-14.532542687754,12.6415899223921,-5.10764978883149));
#7261=CARTESIAN_POINT('Ctrl Pts',(-14.9609027866437,11.0443008401624,-4.95201594399094));
#7262=CARTESIAN_POINT('Ctrl Pts',(-15.3386712923359,9.34981745661849,-4.62859189851644));
#7263=CARTESIAN_POINT('Ctrl Pts',(-13.45,14.0499110317468,-5.));
#7264=CARTESIAN_POINT('Ctrl Pts',(-13.9260289140586,12.641243450326,-5.));
#7265=CARTESIAN_POINT('Ctrl Pts',(-14.4601672691311,11.0954904843573,-4.7667097663471));
#7266=CARTESIAN_POINT('Ctrl Pts',(-14.95,9.43155153294046,-4.41960705393878));
#7267=CARTESIAN_POINT('Origin',(-13.45,-8.23080504046811,-8.));
#7268=CARTESIAN_POINT('Origin',(-13.45,-14.0499110317468,-8.));
#7269=CARTESIAN_POINT('Ctrl Pts',(-16.45,-8.48524201458523,-6.83921410787756));
#7270=CARTESIAN_POINT('Ctrl Pts',(-16.45,-10.2602472429898,-7.53341953269445));
#7271=CARTESIAN_POINT('Ctrl Pts',(-16.45,-12.1439821944843,-8.));
#7272=CARTESIAN_POINT('Ctrl Pts',(-16.45,-14.0499110317468,-8.));
#7273=CARTESIAN_POINT('Ctrl Pts',(-16.45,-8.70319955144383,-6.28192118900381));
#7274=CARTESIAN_POINT('Ctrl Pts',(-16.4512817590448,-10.468256278292,-6.85609387246582));
#7275=CARTESIAN_POINT('Ctrl Pts',(-16.4465845816876,-12.2933602393656,-7.19489110437455));
#7276=CARTESIAN_POINT('Ctrl Pts',(-16.45,-14.0499110317468,-7.10240209897434));
#7277=CARTESIAN_POINT('Ctrl Pts',(-16.1270079601056,-9.08384928985509,-5.30864260068245));
#7278=CARTESIAN_POINT('Ctrl Pts',(-16.0069705433432,-10.830596278666,-5.67595169664168));
#7279=CARTESIAN_POINT('Ctrl Pts',(-15.8592817612637,-12.5501776140216,-5.78822282776117));
#7280=CARTESIAN_POINT('Ctrl Pts',(-15.6974933870736,-14.0499110317468,-5.5478006884734));
#7281=CARTESIAN_POINT('Ctrl Pts',(-15.3386712923359,-9.34981745661848,-4.62859189851644));
#7282=CARTESIAN_POINT('Ctrl Pts',(-14.9609027866437,-11.0443008401624,-4.95201594399096));
#7283=CARTESIAN_POINT('Ctrl Pts',(-14.532542687754,-12.641589922392,-5.10764978883149));
#7284=CARTESIAN_POINT('Ctrl Pts',(-14.1231984257692,-14.0499110317468,-5.));
#7285=CARTESIAN_POINT('Ctrl Pts',(-14.95,-9.43155153294046,-4.41960705393878));
#7286=CARTESIAN_POINT('Ctrl Pts',(-14.4601672691311,-11.0954904843573,-4.76670976634713));
#7287=CARTESIAN_POINT('Ctrl Pts',(-13.9260289140586,-12.641243450326,-5.));
#7288=CARTESIAN_POINT('Ctrl Pts',(-13.45,-14.0499110317468,-5.));
#7289=CARTESIAN_POINT('Ctrl Pts',(-13.45,-14.0499110317468,-5.));
#7290=CARTESIAN_POINT('Ctrl Pts',(-13.9260289140586,-12.641243450326,-5.));
#7291=CARTESIAN_POINT('Ctrl Pts',(-14.4601672691311,-11.0954904843573,-4.76670976634713));
#7292=CARTESIAN_POINT('Ctrl Pts',(-14.95,-9.43155153294046,-4.41960705393878));
#7293=CARTESIAN_POINT('Ctrl Pts',(-16.45,4.00785359048424E-15,-5.));
#7294=CARTESIAN_POINT('Ctrl Pts',(-16.45,0.00452459044169131,-4.99943522660608));
#7295=CARTESIAN_POINT('Ctrl Pts',(-16.4499984682054,0.00904777142308584,
-4.99887051850943));
#7296=CARTESIAN_POINT('Ctrl Pts',(-16.449762122267,1.35870552421284,-4.8304509078234));
#7297=CARTESIAN_POINT('Ctrl Pts',(-16.3259559917331,3.37860281642381,-4.57877140604738));
#7298=CARTESIAN_POINT('Ctrl Pts',(-15.877590268372,6.67372128409127,-4.36328892751627));
#7299=CARTESIAN_POINT('Ctrl Pts',(-15.4760074434013,8.55173306644497,-4.44825150069656));
#7300=CARTESIAN_POINT('Ctrl Pts',(-15.2875429634839,9.64449827907287,-4.66662196094081));
#7301=CARTESIAN_POINT('Ctrl Pts',(-16.45,3.86553342971538E-15,-5.));
#7302=CARTESIAN_POINT('Ctrl Pts',(-16.4500024377517,0.00444940348933627,
-4.99925113045402));
#7303=CARTESIAN_POINT('Ctrl Pts',(-16.4499958259319,0.00890440313831323,
-4.99849776429737));
#7304=CARTESIAN_POINT('Ctrl Pts',(-16.4498017797992,1.33650744327181,-4.7748614824706));
#7305=CARTESIAN_POINT('Ctrl Pts',(-16.2955311423293,3.32466308486481,-4.43979185053096));
#7306=CARTESIAN_POINT('Ctrl Pts',(-15.723116665207,6.55357240744878,-4.1274734586419));
#7307=CARTESIAN_POINT('Ctrl Pts',(-15.2042683798844,8.38044088726763,-4.19852730204932));
#7308=CARTESIAN_POINT('Ctrl Pts',(-14.9347849847402,9.42195279043229,-4.45164114271089));
#7309=CARTESIAN_POINT('Ctrl Pts',(-16.45,3.53345305458804E-15,-5.));
#7310=CARTESIAN_POINT('Ctrl Pts',(-16.4500059001028,0.00427615639309216,
-4.99881781717364));
#7311=CARTESIAN_POINT('Ctrl Pts',(-16.44999224628,0.00856750203611768,-4.99763158129667));
#7312=CARTESIAN_POINT('Ctrl Pts',(-16.4497634922098,1.28508082189852,-4.64497569521009));
#7313=CARTESIAN_POINT('Ctrl Pts',(-16.2455894711886,3.19797317561417,-4.11408261975579));
#7314=CARTESIAN_POINT('Ctrl Pts',(-15.4455063698098,6.28422916256736,-3.52275674294722));
#7315=CARTESIAN_POINT('Ctrl Pts',(-14.6928908457019,8.0095765753375,-3.46974912978631));
#7316=CARTESIAN_POINT('Ctrl Pts',(-14.2124172076439,8.96623045495273,-3.71770893336897));
#7317=CARTESIAN_POINT('Ctrl Pts',(-16.45,3.2013726794607E-15,-5.));
#7318=CARTESIAN_POINT('Ctrl Pts',(-16.4500086486893,0.00410649983076199,
-4.99837965057103));
#7319=CARTESIAN_POINT('Ctrl Pts',(-16.4499899040429,0.00822659382141472,
-4.99677021214193));
#7320=CARTESIAN_POINT('Ctrl Pts',(-16.4499419701599,1.23424039802271,-4.51471290382412));
#7321=CARTESIAN_POINT('Ctrl Pts',(-16.2427996587713,3.06862527835451,-3.78748653918226));
#7322=CARTESIAN_POINT('Ctrl Pts',(-15.3827133508026,6.06388642106697,-2.8422972541613));
#7323=CARTESIAN_POINT('Ctrl Pts',(-14.5517645002189,7.76763275165042,-2.531972113209));
#7324=CARTESIAN_POINT('Ctrl Pts',(-13.9127249357326,8.77716268862798,-2.62564659998138));
#7325=CARTESIAN_POINT('Ctrl Pts',(-16.45,3.01161246510222E-15,-5.));
#7326=CARTESIAN_POINT('Ctrl Pts',(-16.45,0.00401430520744076,-4.99813591841261));
#7327=CARTESIAN_POINT('Ctrl Pts',(-16.4499990160541,0.00802705941683076,
-4.99627166378139));
#7328=CARTESIAN_POINT('Ctrl Pts',(-16.4489141852803,1.20559782649686,-4.44054929212473));
#7329=CARTESIAN_POINT('Ctrl Pts',(-16.2545233845254,2.99510260534138,-3.60250852783342));
#7330=CARTESIAN_POINT('Ctrl Pts',(-15.4199608422074,5.96189183642695,-2.4527854042472));
#7331=CARTESIAN_POINT('Ctrl Pts',(-14.5965378046264,7.69324745429391,-2.));
#7332=CARTESIAN_POINT('Ctrl Pts',(-13.9127249357326,8.77716268862798,-2.));
#7333=CARTESIAN_POINT('Ctrl Pts',(-15.2875429634821,-9.64449827907175,-4.66662196093973));
#7334=CARTESIAN_POINT('Ctrl Pts',(-15.381775203441,-9.09811567275792,-4.55743673081751));
#7335=CARTESIAN_POINT('Ctrl Pts',(-15.618789107279,-7.91686258552392,-4.41764398594721));
#7336=CARTESIAN_POINT('Ctrl Pts',(-15.9647363224235,-6.01773306856759,-4.40702762732214));
#7337=CARTESIAN_POINT('Ctrl Pts',(-16.1940307691433,-4.36419773694185,-4.51337051100932));
#7338=CARTESIAN_POINT('Ctrl Pts',(-16.3249830274383,-3.03387781051624,-4.64064479600525));
#7339=CARTESIAN_POINT('Ctrl Pts',(-16.396495196074,-2.03127346235232,-4.75130148108983));
#7340=CARTESIAN_POINT('Ctrl Pts',(-16.4400053487926,-1.02255909785825,-4.87238952724192));
#7341=CARTESIAN_POINT('Ctrl Pts',(-16.4498682175047,-0.349714685541019,
-4.95634813509627));
#7342=CARTESIAN_POINT('Ctrl Pts',(-16.4499991322519,-0.0090490957817189,
-4.9988704598301));
#7343=CARTESIAN_POINT('Ctrl Pts',(-16.45,-0.00452459044170243,-4.99943522660607));
#7344=CARTESIAN_POINT('Ctrl Pts',(-16.45,-2.19538529370928E-15,-5.));
#7345=CARTESIAN_POINT('Ctrl Pts',(-14.9347849847388,-9.42195279043142,-4.45164114270964));
#7346=CARTESIAN_POINT('Ctrl Pts',(-15.0685685474883,-8.90149659332302,-4.32475363623867));
#7347=CARTESIAN_POINT('Ctrl Pts',(-15.3867497906187,-7.76237650001281,-4.17260107797475));
#7348=CARTESIAN_POINT('Ctrl Pts',(-15.8345817612859,-5.9109830539384,-4.19036060235935));
#7349=CARTESIAN_POINT('Ctrl Pts',(-16.1265317060132,-4.29035572688783,-4.34530552485107));
#7350=CARTESIAN_POINT('Ctrl Pts',(-16.2923345198341,-2.98384639022492,-4.51979218088726));
#7351=CARTESIAN_POINT('Ctrl Pts',(-16.3825998386734,-1.99825847813571,-4.66886010152677));
#7352=CARTESIAN_POINT('Ctrl Pts',(-16.4374197203515,-1.00608279082796,-4.83043427481945));
#7353=CARTESIAN_POINT('Ctrl Pts',(-16.4498340325201,-0.344080150044996,
-4.94200045778031));
#7354=CARTESIAN_POINT('Ctrl Pts',(-16.4499989079696,-0.00890330229083298,
-4.99849924227582));
#7355=CARTESIAN_POINT('Ctrl Pts',(-16.45,-0.00445169255109562,-4.99924961114987));
#7356=CARTESIAN_POINT('Ctrl Pts',(-16.45,-2.13407385344726E-15,-5.));
#7357=CARTESIAN_POINT('Ctrl Pts',(-14.2124172076435,-8.96623045495244,-3.71770893336774));
#7358=CARTESIAN_POINT('Ctrl Pts',(-14.4507588929806,-8.48859237293429,-3.59398070001424));
#7359=CARTESIAN_POINT('Ctrl Pts',(-14.953116239136,-7.42557829795497,-3.48876226210365));
#7360=CARTESIAN_POINT('Ctrl Pts',(-15.6021104444448,-5.67015744172847,-3.64068967192539));
#7361=CARTESIAN_POINT('Ctrl Pts',(-16.0082513703639,-4.12098443767881,-3.93698236741019));
#7362=CARTESIAN_POINT('Ctrl Pts',(-16.2357646940979,-2.86804178299418,-4.23245334596141));
#7363=CARTESIAN_POINT('Ctrl Pts',(-16.3586658637969,-1.92144981138219,-4.47520606395089));
#7364=CARTESIAN_POINT('Ctrl Pts',(-16.4329777255638,-0.967632963783924,
-4.73257051729782));
#7365=CARTESIAN_POINT('Ctrl Pts',(-16.4497735497087,-0.330932347474752,
-4.9085270058154));
#7366=CARTESIAN_POINT('Ctrl Pts',(-16.4499985399534,-0.00856312242649244,
-4.9976330280349));
#7367=CARTESIAN_POINT('Ctrl Pts',(-16.45,-0.00428159747301308,-4.99881650841871));
#7368=CARTESIAN_POINT('Ctrl Pts',(-16.45,-1.99101382616923E-15,-5.));
#7369=CARTESIAN_POINT('Ctrl Pts',(-13.9127249357326,-8.77716268862797,-2.62564659998093));
#7370=CARTESIAN_POINT('Ctrl Pts',(-14.2311224346855,-8.27372380918353,-2.58002094844948));
#7371=CARTESIAN_POINT('Ctrl Pts',(-14.833460262723,-7.19431988768264,-2.64309367186607));
#7372=CARTESIAN_POINT('Ctrl Pts',(-15.5531268129231,-5.46748519996852,-3.02929024885939));
#7373=CARTESIAN_POINT('Ctrl Pts',(-15.9864959238632,-3.96538304624518,-3.50615928244994));
#7374=CARTESIAN_POINT('Ctrl Pts',(-16.2262907429279,-2.75676513041855,-3.93763211428319));
#7375=CARTESIAN_POINT('Ctrl Pts',(-16.3549102709667,-1.84582086747875,-4.27963893370323));
#7376=CARTESIAN_POINT('Ctrl Pts',(-16.43235241917,-0.929226214015172,-4.63465967506999));
#7377=CARTESIAN_POINT('Ctrl Pts',(-16.449771279304,-0.317789289987925,-4.87504923767736));
#7378=CARTESIAN_POINT('Ctrl Pts',(-16.4499984170993,-0.00822290075116577,
-4.99676685152552));
#7379=CARTESIAN_POINT('Ctrl Pts',(-16.45,-0.00411150239493054,-4.99838340568756));
#7380=CARTESIAN_POINT('Ctrl Pts',(-16.45,-1.84795379889119E-15,-5.));
#7381=CARTESIAN_POINT('Ctrl Pts',(-13.9127249357326,-8.77716268862797,-2.));
#7382=CARTESIAN_POINT('Ctrl Pts',(-14.2546313701795,-8.23520507146094,-2.));
#7383=CARTESIAN_POINT('Ctrl Pts',(-14.8741274176061,-7.1110622725661,-2.15980627356205));
#7384=CARTESIAN_POINT('Ctrl Pts',(-15.5857796859969,-5.37045624124845,-2.68009136395641));
#7385=CARTESIAN_POINT('Ctrl Pts',(-16.0054124684295,-3.88327915448584,-3.26010190936514));
#7386=CARTESIAN_POINT('Ctrl Pts',(-16.2359924348964,-2.69538310894428,-3.76923933781224));
#7387=CARTESIAN_POINT('Ctrl Pts',(-16.3591363536126,-1.80310013580697,-4.16793612042342));
#7388=CARTESIAN_POINT('Ctrl Pts',(-16.4331270209071,-0.907236263967478,
-4.57873490900165));
#7389=CARTESIAN_POINT('Ctrl Pts',(-16.4497763442336,-0.310273822894853,
-4.85592181942313));
#7390=CARTESIAN_POINT('Ctrl Pts',(-16.4499985390064,-0.00802853415390906,
-4.99627186928138));
#7391=CARTESIAN_POINT('Ctrl Pts',(-16.45,-0.00401430520745479,-4.99813591841262));
#7392=CARTESIAN_POINT('Ctrl Pts',(-16.45,-1.76620521187517E-15,-5.));
#7393=CARTESIAN_POINT('Origin',(-16.45,-10.3778610512957,-2.));
#7394=CARTESIAN_POINT('Origin',(0.,0.,-2.));
#7395=CARTESIAN_POINT('Origin',(13.45,24.6924151214043,-8.));
#7396=CARTESIAN_POINT('Origin',(13.45,14.0499110317468,-8.));
#7397=CARTESIAN_POINT('Ctrl Pts',(14.95,9.43155153294046,-4.41960705393878));
#7398=CARTESIAN_POINT('Ctrl Pts',(15.1189518559128,9.02956266094571,-4.36712823851891));
#7399=CARTESIAN_POINT('Ctrl Pts',(15.3579134360543,8.32914615443572,-4.32178400714975));
#7400=CARTESIAN_POINT('Ctrl Pts',(15.7197104952694,7.01519454563819,-4.31290442163729));
#7401=CARTESIAN_POINT('Ctrl Pts',(16.0302425136936,5.46064806957022,-4.39661965081335));
#7402=CARTESIAN_POINT('Ctrl Pts',(16.2768761887521,3.63970003399913,-4.56387413706128));
#7403=CARTESIAN_POINT('Ctrl Pts',(16.41735579906,1.83907519260747,-4.77068815464044));
#7404=CARTESIAN_POINT('Ctrl Pts',(16.4492145369885,0.644024135480686,-4.91958714673499));
#7405=CARTESIAN_POINT('Ctrl Pts',(16.4499891563646,0.0311103832471807,-4.99611714557259));
#7406=CARTESIAN_POINT('Ctrl Pts',(16.45,0.0155549657344851,-4.99805838099526));
#7407=CARTESIAN_POINT('Ctrl Pts',(16.45,-1.71678095265725E-16,-5.));
#7408=CARTESIAN_POINT('Ctrl Pts',(15.4034498410586,9.33619511056482,-4.66342270594604));
#7409=CARTESIAN_POINT('Ctrl Pts',(15.5270802722045,8.93913079336126,-4.62738421150178));
#7410=CARTESIAN_POINT('Ctrl Pts',(15.6986015774642,8.24819337152087,-4.59382598582465));
#7411=CARTESIAN_POINT('Ctrl Pts',(15.9535619528101,6.95052020333185,-4.58183141755767));
#7412=CARTESIAN_POINT('Ctrl Pts',(16.1670350368467,5.41292571866534,-4.62997011057322));
#7413=CARTESIAN_POINT('Ctrl Pts',(16.3341857898815,3.60918335399898,-4.73152817835094));
#7414=CARTESIAN_POINT('Ctrl Pts',(16.4281654862948,1.82401301054875,-4.85870361242451));
#7415=CARTESIAN_POINT('Ctrl Pts',(16.4494717708396,0.638758192972162,-4.95042851733085));
#7416=CARTESIAN_POINT('Ctrl Pts',(16.4499928411501,0.030856261654243,-4.99760581280631));
#7417=CARTESIAN_POINT('Ctrl Pts',(16.45,0.015427875088111,-4.99880285701212));
#7418=CARTESIAN_POINT('Ctrl Pts',(16.45,-1.86214603377924E-16,-5.));
#7419=CARTESIAN_POINT('Ctrl Pts',(16.1693915095836,9.0571055856193,-5.37702324587541));
#7420=CARTESIAN_POINT('Ctrl Pts',(16.2052355798764,8.69408718159582,-5.33937875835817));
#7421=CARTESIAN_POINT('Ctrl Pts',(16.2532437452879,8.0448059414804,-5.28167558900582));
#7422=CARTESIAN_POINT('Ctrl Pts',(16.3227510333118,6.80422096786729,-5.19757686024044));
#7423=CARTESIAN_POINT('Ctrl Pts',(16.378529933809,5.31108900426784,-5.12932281971146));
#7424=CARTESIAN_POINT('Ctrl Pts',(16.4210851127978,3.54703549253824,-5.07456166850403));
#7425=CARTESIAN_POINT('Ctrl Pts',(16.444641663577,1.79394582695806,-5.03453201876039));
#7426=CARTESIAN_POINT('Ctrl Pts',(16.4498802716743,0.628248790666594,-5.01207420567304));
#7427=CARTESIAN_POINT('Ctrl Pts',(16.4499980100062,0.0303476439385735,-5.00058376485491));
#7428=CARTESIAN_POINT('Ctrl Pts',(16.45,0.0151736937953628,-5.00029180904583));
#7429=CARTESIAN_POINT('Ctrl Pts',(16.45,-2.15287619602321E-16,-5.));
#7430=CARTESIAN_POINT('Ctrl Pts',(16.45,8.67595485933651,-6.35158280386302));
#7431=CARTESIAN_POINT('Ctrl Pts',(16.4496936080422,8.37595085974298,-6.26922373590294));
#7432=CARTESIAN_POINT('Ctrl Pts',(16.4496022220153,7.79482162592048,-6.12983268979304));
#7433=CARTESIAN_POINT('Ctrl Pts',(16.4494244937985,6.63908233282458,-5.89817994938705));
#7434=CARTESIAN_POINT('Ctrl Pts',(16.4495431001555,5.20187136286106,-5.66429092676918));
#7435=CARTESIAN_POINT('Ctrl Pts',(16.4498239878292,3.48354340224448,-5.42602893127442));
#7436=CARTESIAN_POINT('Ctrl Pts',(16.4498799108201,1.76374879598214,-5.21064506850767));
#7437=CARTESIAN_POINT('Ctrl Pts',(16.4499870404603,0.617745781061748,-5.07372998705949));
#7438=CARTESIAN_POINT('Ctrl Pts',(16.450000208846,0.0298389083673543,-5.00356157855581));
#7439=CARTESIAN_POINT('Ctrl Pts',(16.45,0.0149195125026146,-5.00178076107955));
#7440=CARTESIAN_POINT('Ctrl Pts',(16.45,-2.44360635826718E-16,-5.));
#7441=CARTESIAN_POINT('Ctrl Pts',(16.45,8.48524201458523,-6.83921410787756));
#7442=CARTESIAN_POINT('Ctrl Pts',(16.45,8.21687715190699,-6.73425647703783));
#7443=CARTESIAN_POINT('Ctrl Pts',(16.45,7.66987471002852,-6.55387645534132));
#7444=CARTESIAN_POINT('Ctrl Pts',(16.45,6.55660672718746,-6.24828518615937));
#7445=CARTESIAN_POINT('Ctrl Pts',(16.45,5.14732723162412,-5.93161051867131));
#7446=CARTESIAN_POINT('Ctrl Pts',(16.45,3.45182252414504,-5.60169802818848));
#7447=CARTESIAN_POINT('Ctrl Pts',(16.45,1.74866576833313,-5.29865991404025));
#7448=CARTESIAN_POINT('Ctrl Pts',(16.45,0.612496046691831,-5.10455327419186));
#7449=CARTESIAN_POINT('Ctrl Pts',(16.45,0.0295845119945809,-5.00505055965186));
#7450=CARTESIAN_POINT('Ctrl Pts',(16.45,0.0147924218562406,-5.0025252370964));
#7451=CARTESIAN_POINT('Ctrl Pts',(16.45,-2.58897143938917E-16,-5.));
#7452=CARTESIAN_POINT('Ctrl Pts',(14.95,9.43155153294046,-4.41960705393878));
#7453=CARTESIAN_POINT('Ctrl Pts',(15.1189518559128,9.02956266094571,-4.36712823851891));
#7454=CARTESIAN_POINT('Ctrl Pts',(15.3579134360543,8.32914615443572,-4.32178400714975));
#7455=CARTESIAN_POINT('Ctrl Pts',(15.7197104952694,7.01519454563819,-4.31290442163729));
#7456=CARTESIAN_POINT('Ctrl Pts',(16.0302425136936,5.46064806957022,-4.39661965081335));
#7457=CARTESIAN_POINT('Ctrl Pts',(16.2768761887521,3.63970003399913,-4.56387413706128));
#7458=CARTESIAN_POINT('Ctrl Pts',(16.41735579906,1.83907519260747,-4.77068815464044));
#7459=CARTESIAN_POINT('Ctrl Pts',(16.4492145369885,0.644024135480686,-4.91958714673499));
#7460=CARTESIAN_POINT('Ctrl Pts',(16.4499891563646,0.0311103832471807,-4.99611714557259));
#7461=CARTESIAN_POINT('Ctrl Pts',(16.45,0.0155549657344851,-4.99805838099526));
#7462=CARTESIAN_POINT('Ctrl Pts',(16.45,-1.71678095265725E-16,-5.));
#7463=CARTESIAN_POINT('Origin',(13.45,8.48524201458523,-6.83921410787756));
#7464=CARTESIAN_POINT('Ctrl Pts',(16.45,1.71678095265418E-16,-5.));
#7465=CARTESIAN_POINT('Ctrl Pts',(16.45,-0.0155549657266451,-4.99805838099625));
#7466=CARTESIAN_POINT('Ctrl Pts',(16.4499890190721,-0.031110542791124,-4.99611721794138));
#7467=CARTESIAN_POINT('Ctrl Pts',(16.4492224121536,-0.644014984580789,-4.91958299028525));
#7468=CARTESIAN_POINT('Ctrl Pts',(16.4172711726068,-1.83917398066942,-4.77073140620702));
#7469=CARTESIAN_POINT('Ctrl Pts',(16.2770184095462,-3.63953292706276,-4.56380020519433));
#7470=CARTESIAN_POINT('Ctrl Pts',(16.0298519798058,-5.46109552471707,-4.39682235181255));
#7471=CARTESIAN_POINT('Ctrl Pts',(15.7204182502495,-7.01434061866933,-4.312544036375));
#7472=CARTESIAN_POINT('Ctrl Pts',(15.3572132787819,-8.32993226105138,-4.32215186655642));
#7473=CARTESIAN_POINT('Ctrl Pts',(15.1189518559133,-9.02956266094466,-4.36712823851878));
#7474=CARTESIAN_POINT('Ctrl Pts',(14.95,-9.43155153294046,-4.41960705393878));
#7475=CARTESIAN_POINT('Ctrl Pts',(16.45,2.00751111485482E-16,-5.));
#7476=CARTESIAN_POINT('Ctrl Pts',(16.4499990566479,-0.0153007454353278,
-4.9995488560636));
#7477=CARTESIAN_POINT('Ctrl Pts',(16.4499969767939,-0.0306022297256875,
-4.99909326654167));
#7478=CARTESIAN_POINT('Ctrl Pts',(16.4497379003314,-0.633488761944758,-4.9812885766914));
#7479=CARTESIAN_POINT('Ctrl Pts',(16.439074436522,-1.80911353620855,-4.94657190187877));
#7480=CARTESIAN_POINT('Ctrl Pts',(16.3920025692256,-3.57860279470154,-4.89874343967513));
#7481=CARTESIAN_POINT('Ctrl Pts',(16.3039232772024,-5.36592024652982,-4.86299893569576));
#7482=CARTESIAN_POINT('Ctrl Pts',(16.1896253154836,-6.88541611817017,-4.84866425837248));
#7483=CARTESIAN_POINT('Ctrl Pts',(16.0390464527522,-8.1683650819322,-4.86554474626329));
#7484=CARTESIAN_POINT('Ctrl Pts',(15.9371525653483,-8.84903627803499,-4.88569933676053));
#7485=CARTESIAN_POINT('Ctrl Pts',(15.8568996821171,-9.24083868818918,-4.90723835795331));
#7486=CARTESIAN_POINT('Ctrl Pts',(16.45,2.29824127705546E-16,-5.));
#7487=CARTESIAN_POINT('Ctrl Pts',(16.45,-0.0150446389612636,-5.00103618959883));
#7488=CARTESIAN_POINT('Ctrl Pts',(16.45,-0.0300952570267593,-5.00207279688937));
#7489=CARTESIAN_POINT('Ctrl Pts',(16.45,-0.622947387172758,-5.04289769880433));
#7490=CARTESIAN_POINT('Ctrl Pts',(16.45,-1.77887253113553,-5.12260905141897));
#7491=CARTESIAN_POINT('Ctrl Pts',(16.45,-3.51548868543897,-5.25028244793862));
#7492=CARTESIAN_POINT('Ctrl Pts',(16.45,-5.25623321675471,-5.3968823377769));
#7493=CARTESIAN_POINT('Ctrl Pts',(16.45,-6.72297646499413,-5.54776480268297));
#7494=CARTESIAN_POINT('Ctrl Pts',(16.45,-7.91980805635432,-5.70573535109971));
#7495=CARTESIAN_POINT('Ctrl Pts',(16.45,-8.53751306877571,-5.80399772187124));
#7496=CARTESIAN_POINT('Ctrl Pts',(16.45,-8.86666770408778,-5.86395149984849));
#7497=CARTESIAN_POINT('Ctrl Pts',(16.45,2.58897143925609E-16,-5.));
#7498=CARTESIAN_POINT('Ctrl Pts',(16.45,-0.0147924218489805,-5.00252523709474));
#7499=CARTESIAN_POINT('Ctrl Pts',(16.45,-0.0295844973132813,-5.00505057962294));
#7500=CARTESIAN_POINT('Ctrl Pts',(16.45,-0.612496890500353,-5.10455211805761));
#7501=CARTESIAN_POINT('Ctrl Pts',(16.45,-1.74865736047148,-5.29866958724886));
#7502=CARTESIAN_POINT('Ctrl Pts',(16.45,-3.45183494691274,-5.60167764218995));
#7503=CARTESIAN_POINT('Ctrl Pts',(16.45,-5.14727761002224,-5.93165514383575));
#7504=CARTESIAN_POINT('Ctrl Pts',(16.45,-6.55664232448093,-6.24818473911325));
#7505=CARTESIAN_POINT('Ctrl Pts',(16.45,-7.66976643716176,-6.55395448266857));
#7506=CARTESIAN_POINT('Ctrl Pts',(16.45,-8.21687715190629,-6.73425647703755));
#7507=CARTESIAN_POINT('Ctrl Pts',(16.45,-8.48524201458522,-6.83921410787756));
#7508=CARTESIAN_POINT('',(14.95,-9.43155153294046,-4.41960705393878));
#7509=CARTESIAN_POINT('Origin',(13.45,-8.48524201458522,-6.83921410787756));
#7510=CARTESIAN_POINT('Ctrl Pts',(16.45,1.71678095265418E-16,-5.));
#7511=CARTESIAN_POINT('Ctrl Pts',(16.45,-0.0155549657266451,-4.99805838099625));
#7512=CARTESIAN_POINT('Ctrl Pts',(16.4499890190721,-0.031110542791124,-4.99611721794138));
#7513=CARTESIAN_POINT('Ctrl Pts',(16.4492224121536,-0.644014984580789,-4.91958299028525));
#7514=CARTESIAN_POINT('Ctrl Pts',(16.4172711726068,-1.83917398066942,-4.77073140620702));
#7515=CARTESIAN_POINT('Ctrl Pts',(16.2770184095462,-3.63953292706276,-4.56380020519433));
#7516=CARTESIAN_POINT('Ctrl Pts',(16.0298519798058,-5.46109552471707,-4.39682235181255));
#7517=CARTESIAN_POINT('Ctrl Pts',(15.7204182502495,-7.01434061866933,-4.312544036375));
#7518=CARTESIAN_POINT('Ctrl Pts',(15.3572132787819,-8.32993226105138,-4.32215186655642));
#7519=CARTESIAN_POINT('Ctrl Pts',(15.1189518559133,-9.02956266094466,-4.36712823851878));
#7520=CARTESIAN_POINT('Ctrl Pts',(14.95,-9.43155153294046,-4.41960705393878));
#7521=CARTESIAN_POINT('Ctrl Pts',(13.45,14.0499110317468,-5.));
#7522=CARTESIAN_POINT('Ctrl Pts',(13.9260289140586,12.6412434503254,-5.));
#7523=CARTESIAN_POINT('Ctrl Pts',(14.4601672691311,11.0954904843576,-4.76670976634722));
#7524=CARTESIAN_POINT('Ctrl Pts',(14.95,9.43155153294046,-4.41960705393878));
#7525=CARTESIAN_POINT('Ctrl Pts',(14.3475979010257,14.0499110317468,-5.));
#7526=CARTESIAN_POINT('Ctrl Pts',(14.7325322738298,12.6427001118261,-5.1464152351163));
#7527=CARTESIAN_POINT('Ctrl Pts',(15.1288688444807,11.0274392481074,-5.01306375126179));
#7528=CARTESIAN_POINT('Ctrl Pts',(15.4682283897812,9.32257276451116,-4.69825351337565));
#7529=CARTESIAN_POINT('Ctrl Pts',(15.9021993115266,14.0499110317468,-5.75250661292642));
#7530=CARTESIAN_POINT('Ctrl Pts',(16.018072093717,12.5161689564049,-5.97956969697148));
#7531=CARTESIAN_POINT('Ctrl Pts',(16.1243987492534,10.7802697018393,-5.84031860226846));
#7532=CARTESIAN_POINT('Ctrl Pts',(16.2117871059566,9.03036441473717,-5.44539741356788));
#7533=CARTESIAN_POINT('Ctrl Pts',(16.45,14.0499110317468,-7.32680157423076));
#7534=CARTESIAN_POINT('Ctrl Pts',(16.4488146190638,12.2551952397614,-7.39381790451074));
#7535=CARTESIAN_POINT('Ctrl Pts',(16.4502156370868,10.4160863190977,-7.02602599125826));
#7536=CARTESIAN_POINT('Ctrl Pts',(16.45,8.64871016722918,-6.42124441872225));
#7537=CARTESIAN_POINT('Ctrl Pts',(16.45,14.0499110317468,-8.));
#7538=CARTESIAN_POINT('Ctrl Pts',(16.45,12.1439821944843,-8.));
#7539=CARTESIAN_POINT('Ctrl Pts',(16.45,10.2602472429899,-7.53341953269449));
#7540=CARTESIAN_POINT('Ctrl Pts',(16.45,8.48524201458523,-6.83921410787756));
#7541=CARTESIAN_POINT('Origin',(13.45,8.23080504046811,-8.));
#7542=CARTESIAN_POINT('',(13.45,-14.0499110317468,-5.));
#7543=CARTESIAN_POINT('Origin',(13.45,-14.0499110317468,-8.));
#7544=CARTESIAN_POINT('',(13.45,8.23080504046811,-5.));
#7545=CARTESIAN_POINT('Ctrl Pts',(14.95,-9.43155153294046,-4.41960705393878));
#7546=CARTESIAN_POINT('Ctrl Pts',(14.4601672691311,-11.0954904843576,-4.76670976634722));
#7547=CARTESIAN_POINT('Ctrl Pts',(13.9260289140586,-12.6412434503254,-5.));
#7548=CARTESIAN_POINT('Ctrl Pts',(13.45,-14.0499110317468,-5.));
#7549=CARTESIAN_POINT('Ctrl Pts',(15.4682283897812,-9.32257276451115,-4.69825351337565));
#7550=CARTESIAN_POINT('Ctrl Pts',(15.1288688444807,-11.0274392481074,-5.01306375126179));
#7551=CARTESIAN_POINT('Ctrl Pts',(14.7325322738298,-12.6427001118261,-5.1464152351163));
#7552=CARTESIAN_POINT('Ctrl Pts',(14.3475979010257,-14.0499110317468,-5.));
#7553=CARTESIAN_POINT('Ctrl Pts',(16.2117871059566,-9.03036441473717,-5.44539741356788));
#7554=CARTESIAN_POINT('Ctrl Pts',(16.1243987492534,-10.7802697018392,-5.84031860226845));
#7555=CARTESIAN_POINT('Ctrl Pts',(16.018072093717,-12.5161689564049,-5.97956969697149));
#7556=CARTESIAN_POINT('Ctrl Pts',(15.9021993115266,-14.0499110317468,-5.75250661292642));
#7557=CARTESIAN_POINT('Ctrl Pts',(16.45,-8.64871016722918,-6.42124441872224));
#7558=CARTESIAN_POINT('Ctrl Pts',(16.4502156370868,-10.4160863190976,-7.02602599125825));
#7559=CARTESIAN_POINT('Ctrl Pts',(16.4488146190638,-12.2551952397614,-7.39381790451075));
#7560=CARTESIAN_POINT('Ctrl Pts',(16.45,-14.0499110317468,-7.32680157423076));
#7561=CARTESIAN_POINT('Ctrl Pts',(16.45,-8.48524201458522,-6.83921410787756));
#7562=CARTESIAN_POINT('Ctrl Pts',(16.45,-10.2602472429898,-7.53341953269447));
#7563=CARTESIAN_POINT('Ctrl Pts',(16.45,-12.1439821944843,-8.));
#7564=CARTESIAN_POINT('Ctrl Pts',(16.45,-14.0499110317468,-8.));
#7565=CARTESIAN_POINT('Ctrl Pts',(14.95,-9.43155153294046,-4.41960705393878));
#7566=CARTESIAN_POINT('Ctrl Pts',(14.4601672691311,-11.0954904843576,-4.76670976634722));
#7567=CARTESIAN_POINT('Ctrl Pts',(13.9260289140586,-12.6412434503254,-5.));
#7568=CARTESIAN_POINT('Ctrl Pts',(13.45,-14.0499110317468,-5.));
#7569=CARTESIAN_POINT('Origin',(10.225,-16.4616100809362,-5.));
#7570=CARTESIAN_POINT('Origin',(0.,0.,-5.));
#7571=CARTESIAN_POINT('Ctrl Pts',(15.2875429634819,9.64449827907161,-4.66662196093959));
#7572=CARTESIAN_POINT('Ctrl Pts',(15.3817752034408,9.09811567275781,-4.55743673081737));
#7573=CARTESIAN_POINT('Ctrl Pts',(15.6187891072789,7.91686258552465,-4.41764398594697));
#7574=CARTESIAN_POINT('Ctrl Pts',(15.9647363224234,6.01773306856855,-4.4070276273219));
#7575=CARTESIAN_POINT('Ctrl Pts',(16.1940307691433,4.36419773694448,-4.51337051100893));
#7576=CARTESIAN_POINT('Ctrl Pts',(16.3249830274383,3.03387781051899,-4.64064479600489));
#7577=CARTESIAN_POINT('Ctrl Pts',(16.396495196074,2.03127346235848,-4.75130148108913));
#7578=CARTESIAN_POINT('Ctrl Pts',(16.4400053487926,1.02255909786082,-4.87238952724163));
#7579=CARTESIAN_POINT('Ctrl Pts',(16.4498682175047,0.349714685555392,-4.95634813509474));
#7580=CARTESIAN_POINT('Ctrl Pts',(16.4499991322519,0.00904909578089993,
-4.99887045983018));
#7581=CARTESIAN_POINT('Ctrl Pts',(16.45,0.00452459044169703,-4.99943522660607));
#7582=CARTESIAN_POINT('Ctrl Pts',(16.45,-1.71678095265725E-16,-5.));
#7583=CARTESIAN_POINT('Ctrl Pts',(14.9347849847387,9.42195279043131,-4.45164114270948));
#7584=CARTESIAN_POINT('Ctrl Pts',(15.0685685474882,8.90149659332294,-4.32475363623851));
#7585=CARTESIAN_POINT('Ctrl Pts',(15.3867497906186,7.76237650001354,-4.17260107797449));
#7586=CARTESIAN_POINT('Ctrl Pts',(15.8345817612858,5.91098305393935,-4.19036060235908));
#7587=CARTESIAN_POINT('Ctrl Pts',(16.1265317060132,4.29035572689043,-4.34530552485061));
#7588=CARTESIAN_POINT('Ctrl Pts',(16.2923345198341,2.98384639022763,-4.51979218088681));
#7589=CARTESIAN_POINT('Ctrl Pts',(16.3825998386733,1.99825847814179,-4.66886010152585));
#7590=CARTESIAN_POINT('Ctrl Pts',(16.4374197203514,1.00608279083049,-4.83043427481908));
#7591=CARTESIAN_POINT('Ctrl Pts',(16.4498340325199,0.344080150059169,-4.94200045777827));
#7592=CARTESIAN_POINT('Ctrl Pts',(16.4499989079696,0.00890330229002541,
-4.99849924227593));
#7593=CARTESIAN_POINT('Ctrl Pts',(16.45,0.0044516925510902,-4.99924961114987));
#7594=CARTESIAN_POINT('Ctrl Pts',(16.45,-2.28100916022627E-16,-5.));
#7595=CARTESIAN_POINT('Ctrl Pts',(14.2124172076434,8.96623045495241,-3.71770893336759));
#7596=CARTESIAN_POINT('Ctrl Pts',(14.4507588929806,8.48859237293426,-3.5939807000141));
#7597=CARTESIAN_POINT('Ctrl Pts',(14.953116239136,7.42557829795572,-3.48876226210335));
#7598=CARTESIAN_POINT('Ctrl Pts',(15.6021104444448,5.67015744172941,-3.64068967192508));
#7599=CARTESIAN_POINT('Ctrl Pts',(16.0082513703639,4.12098443768134,-3.93698236740953));
#7600=CARTESIAN_POINT('Ctrl Pts',(16.235764694098,2.86804178299681,-4.23245334596076));
#7601=CARTESIAN_POINT('Ctrl Pts',(16.358665863797,1.92144981138807,-4.47520606394948));
#7602=CARTESIAN_POINT('Ctrl Pts',(16.4329777255639,0.967632963786373,-4.73257051729726));
#7603=CARTESIAN_POINT('Ctrl Pts',(16.4497735497089,0.330932347488459,-4.90852700581215));
#7604=CARTESIAN_POINT('Ctrl Pts',(16.4499985399534,0.00856312242571153,
-4.99763302803508));
#7605=CARTESIAN_POINT('Ctrl Pts',(16.45,0.0042815974730076,-4.99881650841871));
#7606=CARTESIAN_POINT('Ctrl Pts',(16.45,-3.59754164455399E-16,-5.));
#7607=CARTESIAN_POINT('Ctrl Pts',(13.9127249357326,8.77716268862797,-2.62564659998087));
#7608=CARTESIAN_POINT('Ctrl Pts',(14.2311224346855,8.27372380918354,-2.58002094844943));
#7609=CARTESIAN_POINT('Ctrl Pts',(14.833460262723,7.19431988768339,-2.64309367186577));
#7610=CARTESIAN_POINT('Ctrl Pts',(15.5531268129231,5.46748519996945,-3.02929024885905));
#7611=CARTESIAN_POINT('Ctrl Pts',(15.9864959238632,3.96538304624764,-3.50615928244911));
#7612=CARTESIAN_POINT('Ctrl Pts',(16.226290742928,2.75676513042111,-3.93763211428234));
#7613=CARTESIAN_POINT('Ctrl Pts',(16.3549102709668,1.84582086748444,-4.27963893370134));
#7614=CARTESIAN_POINT('Ctrl Pts',(16.43235241917,0.929226214017542,-4.63465967506924));
#7615=CARTESIAN_POINT('Ctrl Pts',(16.449771279304,0.317789290001167,-4.87504923767296));
#7616=CARTESIAN_POINT('Ctrl Pts',(16.4499984170993,0.00822290075041147,
-4.99676685152577));
#7617=CARTESIAN_POINT('Ctrl Pts',(16.45,0.00411150239492502,-4.99838340568756));
#7618=CARTESIAN_POINT('Ctrl Pts',(16.45,-4.91407412888171E-16,-5.));
#7619=CARTESIAN_POINT('Ctrl Pts',(13.9127249357326,8.77716268862797,-2.));
#7620=CARTESIAN_POINT('Ctrl Pts',(14.2546313701795,8.23520507146094,-2.));
#7621=CARTESIAN_POINT('Ctrl Pts',(14.8741274176061,7.11106227256685,-2.15980627356176));
#7622=CARTESIAN_POINT('Ctrl Pts',(15.5857796859969,5.37045624124937,-2.68009136395606));
#7623=CARTESIAN_POINT('Ctrl Pts',(16.0054124684295,3.88327915448825,-3.2601019093642));
#7624=CARTESIAN_POINT('Ctrl Pts',(16.2359924348963,2.6953831089468,-3.76923933781129));
#7625=CARTESIAN_POINT('Ctrl Pts',(16.3591363536125,1.80310013581255,-4.16793612042125));
#7626=CARTESIAN_POINT('Ctrl Pts',(16.433127020907,0.907236263969802,-4.57873490900079));
#7627=CARTESIAN_POINT('Ctrl Pts',(16.4497763442335,0.310273822907827,-4.85592181941806));
#7628=CARTESIAN_POINT('Ctrl Pts',(16.4499985390063,0.00802853415316999,
-4.99627186928166));
#7629=CARTESIAN_POINT('Ctrl Pts',(16.45,0.00401430520744925,-4.99813591841262));
#7630=CARTESIAN_POINT('Ctrl Pts',(16.45,-5.66637840564041E-16,-5.));
#7631=CARTESIAN_POINT('Origin',(0.,0.,-2.));
#7632=CARTESIAN_POINT('Origin',(16.45,-10.3778610512957,-2.));
#7633=CARTESIAN_POINT('Ctrl Pts',(16.45,1.71678095265418E-16,-5.));
#7634=CARTESIAN_POINT('Ctrl Pts',(16.45,-0.00452459044171044,-4.99943522660607));
#7635=CARTESIAN_POINT('Ctrl Pts',(16.4499984682054,-0.00904777142229458,
-4.99887051850951));
#7636=CARTESIAN_POINT('Ctrl Pts',(16.449762122267,-1.35870552426508,-4.83045090781711));
#7637=CARTESIAN_POINT('Ctrl Pts',(16.3259559917329,-3.37860281642183,-4.57877140604645));
#7638=CARTESIAN_POINT('Ctrl Pts',(15.8775902683707,-6.6737212840984,-4.36328892751348));
#7639=CARTESIAN_POINT('Ctrl Pts',(15.4760074433991,-8.5517330664436,-4.44825150069456));
#7640=CARTESIAN_POINT('Ctrl Pts',(15.287542963481,-9.64449827907109,-4.66662196093909));
#7641=CARTESIAN_POINT('Ctrl Pts',(16.45,2.28100916022158E-16,-5.));
#7642=CARTESIAN_POINT('Ctrl Pts',(16.4500024377517,-0.00444940348935594,
-4.99925113045402));
#7643=CARTESIAN_POINT('Ctrl Pts',(16.4499958259319,-0.00890440313752198,
-4.99849776429745));
#7644=CARTESIAN_POINT('Ctrl Pts',(16.4498017797992,-1.33650744332407,-4.77486148246437));
#7645=CARTESIAN_POINT('Ctrl Pts',(16.2955311423291,-3.32466308486289,-4.43979185053018));
#7646=CARTESIAN_POINT('Ctrl Pts',(15.7231166652062,-6.55357240745607,-4.12747345863925));
#7647=CARTESIAN_POINT('Ctrl Pts',(15.2042683798828,-8.38044088726651,-4.19852730204729));
#7648=CARTESIAN_POINT('Ctrl Pts',(14.934784984738,-9.4219527904309,-4.4516411427089));
#7649=CARTESIAN_POINT('Ctrl Pts',(16.45,3.59754164454549E-16,-5.));
#7650=CARTESIAN_POINT('Ctrl Pts',(16.4500059001028,-0.00427615639311341,
-4.99881781717363));
#7651=CARTESIAN_POINT('Ctrl Pts',(16.44999224628,-0.00856750203535525,-4.99763158129684));
#7652=CARTESIAN_POINT('Ctrl Pts',(16.4497634922099,-1.28508082194898,-4.64497569519916));
#7653=CARTESIAN_POINT('Ctrl Pts',(16.2455894711886,-3.19797317561243,-4.11408261975553));
#7654=CARTESIAN_POINT('Ctrl Pts',(15.4455063698097,-6.28422916257475,-3.52275674294435));
#7655=CARTESIAN_POINT('Ctrl Pts',(14.6928908457015,-8.009576575337,-3.46974912978464));
#7656=CARTESIAN_POINT('Ctrl Pts',(14.2124172076432,-8.96623045495228,-3.71770893336702));
#7657=CARTESIAN_POINT('Ctrl Pts',(16.45,4.91407412886941E-16,-5.));
#7658=CARTESIAN_POINT('Ctrl Pts',(16.4500086486893,-0.00410649983078506,
-4.99837965057104));
#7659=CARTESIAN_POINT('Ctrl Pts',(16.4499899040429,-0.0082265938207019,
-4.99677021214222));
#7660=CARTESIAN_POINT('Ctrl Pts',(16.4499419701599,-1.23424039807002,-4.5147129038049));
#7661=CARTESIAN_POINT('Ctrl Pts',(16.2427996587713,-3.06862527835301,-3.78748653918262));
#7662=CARTESIAN_POINT('Ctrl Pts',(15.3827133508027,-6.06388642107417,-2.8422972541579));
#7663=CARTESIAN_POINT('Ctrl Pts',(14.551764500219,-7.76763275165032,-2.5319721132084));
#7664=CARTESIAN_POINT('Ctrl Pts',(13.9127249357326,-8.77716268862797,-2.62564659998066));
#7665=CARTESIAN_POINT('Ctrl Pts',(16.45,5.66637840562593E-16,-5.));
#7666=CARTESIAN_POINT('Ctrl Pts',(16.45,-0.00401430520746453,-4.99813591841262));
#7667=CARTESIAN_POINT('Ctrl Pts',(16.4499990160541,-0.00802705941611797,
-4.99627166378168));
#7668=CARTESIAN_POINT('Ctrl Pts',(16.4489141852804,-1.20559782654419,-4.4405492921056));
#7669=CARTESIAN_POINT('Ctrl Pts',(16.2545233845254,-2.99510260533997,-3.60250852783399));
#7670=CARTESIAN_POINT('Ctrl Pts',(15.4199608422074,-5.96189183643427,-2.45278540424425));
#7671=CARTESIAN_POINT('Ctrl Pts',(14.5965378046264,-7.6932474542939,-2.));
#7672=CARTESIAN_POINT('Ctrl Pts',(13.9127249357326,-8.77716268862797,-2.));
#7673=CARTESIAN_POINT('Origin',(-4.,15.9562683607415,-5.));
#7674=CARTESIAN_POINT('Origin',(8.32667268468867E-16,-13.75,-5.));
#7675=CARTESIAN_POINT('',(3.,-16.45,-5.));
#7676=CARTESIAN_POINT('',(-3.,-11.05,-5.));
#7677=CARTESIAN_POINT('Origin',(-3.,-16.174130579416,-30.));
#7678=CARTESIAN_POINT('Origin',(3.,-11.05,-30.));
#7679=CARTESIAN_POINT('Origin',(8.32667268468867E-16,13.75,-5.));
#7680=CARTESIAN_POINT('Origin',(0.,0.,0.));
#7681=CARTESIAN_POINT('Origin',(0.,0.,0.));
#7682=CARTESIAN_POINT('Origin',(0.,0.,0.));
#7683=CARTESIAN_POINT('',(0.,0.,0.));
#7684=CARTESIAN_POINT('Origin',(0.,0.,-30.));
#7685=CARTESIAN_POINT('Origin',(0.,0.,-30.));
#7686=CARTESIAN_POINT('polyline point',(0.,16.45,-30.));
#7687=CARTESIAN_POINT('polyline point',(-3.,16.45,-30.));
#7688=CARTESIAN_POINT('polyline point',(-3.,16.45,-30.));
#7689=CARTESIAN_POINT('polyline point',(-3.,11.05,-30.));
#7690=CARTESIAN_POINT('polyline point',(0.,16.45,-30.));
#7691=CARTESIAN_POINT('polyline point',(3.,16.45,-30.));
#7692=CARTESIAN_POINT('polyline point',(3.,16.45,-30.));
#7693=CARTESIAN_POINT('polyline point',(3.,11.05,-30.));
#7694=CARTESIAN_POINT('',(0.,0.,-30.));
#7695=CARTESIAN_POINT('',(3.,16.174130579416,-30.));
#7696=CARTESIAN_POINT('',(-3.,16.174130579416,-30.));
#7697=CARTESIAN_POINT('Origin',(0.,0.,-5.));
#7698=CARTESIAN_POINT('',(3.,16.174130579416,-5.));
#7699=CARTESIAN_POINT('',(3.00000000000001,-16.174130579416,-5.));
#7700=CARTESIAN_POINT('Origin',(0.,0.,-5.));
#7701=CARTESIAN_POINT('polyline point',(3.,13.1111593690261,-5.));
#7702=CARTESIAN_POINT('polyline point',(3.,16.174130579416,-5.));
#7703=CARTESIAN_POINT('polyline point',(-3.,16.174130579416,-5.));
#7704=CARTESIAN_POINT('polyline point',(-3.,13.1111593690261,-5.));
#7705=CARTESIAN_POINT('polyline point',(-3.,-13.1111593690261,-5.));
#7706=CARTESIAN_POINT('polyline point',(-3.,-16.174130579416,-5.));
#7707=CARTESIAN_POINT('polyline point',(3.,-16.174130579416,-5.));
#7708=CARTESIAN_POINT('polyline point',(3.,-13.1111593690261,-5.));
#7709=CARTESIAN_POINT('polyline point',(4.,-11.05,-5.));
#7710=CARTESIAN_POINT('polyline point',(4.,-14.9232201618725,-5.));
#7711=CARTESIAN_POINT('polyline point',(4.,14.9232201618725,-5.));
#7712=CARTESIAN_POINT('polyline point',(4.,11.05,-5.));
#7713=CARTESIAN_POINT('polyline point',(4.,-14.9232201618725,-5.));
#7714=CARTESIAN_POINT('polyline point',(4.,-32.9232201618725,-5.));
#7715=CARTESIAN_POINT('polyline point',(4.,-32.9232201618725,-5.));
#7716=CARTESIAN_POINT('polyline point',(16.45,-32.9232201618725,-5.));
#7717=CARTESIAN_POINT('polyline point',(16.45,-32.9232201618725,-5.));
#7718=CARTESIAN_POINT('polyline point',(16.45,2.0145439845974E-15,-5.));
#7719=CARTESIAN_POINT('polyline point',(16.45,32.9232201618725,-5.));
#7720=CARTESIAN_POINT('polyline point',(16.45,2.0145439845974E-15,-5.));
#7721=CARTESIAN_POINT('polyline point',(4.,32.9232201618725,-5.));
#7722=CARTESIAN_POINT('polyline point',(16.45,32.9232201618725,-5.));
#7723=CARTESIAN_POINT('polyline point',(4.,14.9232201618725,-5.));
#7724=CARTESIAN_POINT('polyline point',(4.,32.9232201618725,-5.));
#7725=CARTESIAN_POINT('polyline point',(-16.45,-32.9232201618725,-5.));
#7726=CARTESIAN_POINT('polyline point',(-16.45,2.0145439845974E-15,-5.));
#7727=CARTESIAN_POINT('polyline point',(-4.,-32.9232201618725,-5.));
#7728=CARTESIAN_POINT('polyline point',(-16.45,-32.9232201618725,-5.));
#7729=CARTESIAN_POINT('polyline point',(-4.,-14.9232201618725,-5.));
#7730=CARTESIAN_POINT('polyline point',(-4.,-32.9232201618725,-5.));
#7731=CARTESIAN_POINT('polyline point',(-4.,14.9232201618725,-5.));
#7732=CARTESIAN_POINT('polyline point',(-4.,32.9232201618725,-5.));
#7733=CARTESIAN_POINT('polyline point',(-4.,32.9232201618725,-5.));
#7734=CARTESIAN_POINT('polyline point',(-16.45,32.9232201618725,-5.));
#7735=CARTESIAN_POINT('polyline point',(-16.45,32.9232201618725,-5.));
#7736=CARTESIAN_POINT('polyline point',(-16.45,2.0145439845974E-15,-5.));
#7737=CARTESIAN_POINT('',(0.,0.,-5.));
#7738=CARTESIAN_POINT('',(4.,15.9562683607415,-5.));
#7739=CARTESIAN_POINT('',(4.,-15.9562683607415,-5.));
#7740=CARTESIAN_POINT('polyline point',(-16.45,30.9232201618724,-30.));
#7741=CARTESIAN_POINT('polyline point',(-16.45,-30.9232201618724,-30.));
#7742=CARTESIAN_POINT('polyline point',(-16.45,-30.9232201618724,-5.));
#7743=CARTESIAN_POINT('polyline point',(-16.45,-14.0499110317468,-5.));
#7744=CARTESIAN_POINT('polyline point',(-16.45,-32.9232201618725,-27.));
#7745=CARTESIAN_POINT('polyline point',(-16.45,-32.9232201618725,-8.));
#7746=CARTESIAN_POINT('polyline point',(-16.45,-15.9562683607439,-7.64766374715906));
#7747=CARTESIAN_POINT('polyline point',(-16.45,-15.9562683607415,-27.));
#7748=CARTESIAN_POINT('Origin',(-16.45,-23.9232201618724,-17.5));
#7749=CARTESIAN_POINT('',(-16.45,0.,0.));
#7750=CARTESIAN_POINT('Origin',(16.45,-23.9232201618724,-17.5));
#7751=CARTESIAN_POINT('polyline point',(16.45,-18.9126378145371,-20.368344099634));
#7752=CARTESIAN_POINT('polyline point',(16.45,-23.9019878452831,-23.2734636503632));
#7753=CARTESIAN_POINT('polyline point',(16.45,-23.9019878452831,-23.2734636503632));
#7754=CARTESIAN_POINT('polyline point',(16.45,-28.9125701926183,-20.4051195507292));
#7755=CARTESIAN_POINT('polyline point',(16.45,-28.9125701926183,-20.4051195507292));
#7756=CARTESIAN_POINT('polyline point',(16.45,-28.9338025092077,-14.631655900366));
#7757=CARTESIAN_POINT('polyline point',(16.45,-28.9338025092077,-14.631655900366));
#7758=CARTESIAN_POINT('polyline point',(16.45,-23.9444524784618,-11.7265363496368));
#7759=CARTESIAN_POINT('polyline point',(16.45,-23.9444524784618,-11.7265363496368));
#7760=CARTESIAN_POINT('polyline point',(16.45,-18.9338701311265,-14.5948804492708));
#7761=CARTESIAN_POINT('polyline point',(16.45,-18.9338701311265,-14.5948804492708));
#7762=CARTESIAN_POINT('polyline point',(16.45,-18.9126378145371,-20.368344099634));
#7763=CARTESIAN_POINT('',(16.45,0.,0.));
#7764=CARTESIAN_POINT('',(16.45,-23.9232201618724,-17.5));
#7765=CARTESIAN_POINT('Origin',(0.,0.,10.));
#7766=CARTESIAN_POINT('Origin',(0.,0.,10.));
#7767=CARTESIAN_POINT('Origin',(0.,0.,10.));
#7768=CARTESIAN_POINT('',(0.,0.,10.));
#7769=CARTESIAN_POINT('Origin',(0.,0.,22.1));
#7770=CARTESIAN_POINT('Origin',(0.,0.,22.1));
#7771=CARTESIAN_POINT('Origin',(0.,0.,22.1));
#7772=CARTESIAN_POINT('polyline point',(-13.5,0.,22.1));
#7773=CARTESIAN_POINT('polyline point',(-13.5,-1.,22.1));
#7774=CARTESIAN_POINT('polyline point',(-13.5,0.,22.1));
#7775=CARTESIAN_POINT('polyline point',(-13.5,1.,22.1));
#7776=CARTESIAN_POINT('polyline point',(-13.5,-1.,22.1));
#7777=CARTESIAN_POINT('polyline point',(-9.25527530093121,-1.,22.1));
#7778=CARTESIAN_POINT('polyline point',(-9.25527530093121,-1.,22.1));
#7779=CARTESIAN_POINT('polyline point',(-9.25527530093121,1.,22.1));
#7780=CARTESIAN_POINT('polyline point',(-9.25527530093121,1.,22.1));
#7781=CARTESIAN_POINT('polyline point',(-13.5,1.,22.1));
#7782=CARTESIAN_POINT('',(0.,0.,22.1));
#7783=CARTESIAN_POINT('',(-13.4629120178363,1.,22.1));
#7784=CARTESIAN_POINT('',(-13.4629120178363,-0.999999999999997,22.1));
#7785=CARTESIAN_POINT('Origin',(0.,0.,22.1));
#7786=CARTESIAN_POINT('Origin',(0.,0.,22.1));
#7787=CARTESIAN_POINT('',(-13.4629120178363,1.,22.1));
#7788=CARTESIAN_POINT('',(-13.4629120178363,-0.999999999999991,22.1));
#7789=CARTESIAN_POINT('polyline point',(-13.5,0.,22.1));
#7790=CARTESIAN_POINT('polyline point',(-13.5,1.5,22.1));
#7791=CARTESIAN_POINT('polyline point',(-13.5,1.5,22.1));
#7792=CARTESIAN_POINT('polyline point',(-25.5,1.5,22.1));
#7793=CARTESIAN_POINT('polyline point',(-25.5,1.5,22.1));
#7794=CARTESIAN_POINT('polyline point',(-25.5,6.5,22.1));
#7795=CARTESIAN_POINT('polyline point',(-25.5,6.5,22.1));
#7796=CARTESIAN_POINT('polyline point',(-10.900068480028,6.5,22.1));
#7797=CARTESIAN_POINT('polyline point',(-10.900068480028,6.5,22.1));
#7798=CARTESIAN_POINT('polyline point',(-10.900068480028,1.5,22.1));
#7799=CARTESIAN_POINT('polyline point',(-10.900068480028,1.5,22.1));
#7800=CARTESIAN_POINT('polyline point',(-13.5,1.5,22.1));
#7801=CARTESIAN_POINT('',(0.,0.,22.1));
#7802=CARTESIAN_POINT('',(-13.3660951665024,1.5,22.1));
#7803=CARTESIAN_POINT('',(-11.7750796175652,6.5,22.1));
#7804=CARTESIAN_POINT('Origin',(-19.5,-6.5,17.1));
#7805=CARTESIAN_POINT('polyline point',(-25.5,-6.5,22.1));
#7806=CARTESIAN_POINT('polyline point',(-25.5,-6.5,12.1));
#7807=CARTESIAN_POINT('polyline point',(-11.8321595661992,-6.5,22.1));
#7808=CARTESIAN_POINT('polyline point',(-25.5,-6.5,22.1));
#7809=CARTESIAN_POINT('',(0.,-6.5,0.));
#7810=CARTESIAN_POINT('Origin',(-19.5,6.5,17.1));
#7811=CARTESIAN_POINT('polyline point',(-19.5,6.5,13.0874156291321));
#7812=CARTESIAN_POINT('polyline point',(-16.025,6.5,15.0937078145661));
#7813=CARTESIAN_POINT('polyline point',(-16.025,6.5,15.0937078145661));
#7814=CARTESIAN_POINT('polyline point',(-16.025,6.5,19.1062921854339));
#7815=CARTESIAN_POINT('polyline point',(-16.025,6.5,19.1062921854339));
#7816=CARTESIAN_POINT('polyline point',(-19.5,6.5,21.1125843708679));
#7817=CARTESIAN_POINT('polyline point',(-19.5,6.5,21.1125843708679));
#7818=CARTESIAN_POINT('polyline point',(-22.975,6.5,19.106292185434));
#7819=CARTESIAN_POINT('polyline point',(-22.975,6.5,19.106292185434));
#7820=CARTESIAN_POINT('polyline point',(-22.975,6.5,15.0937078145661));
#7821=CARTESIAN_POINT('polyline point',(-22.975,6.5,15.0937078145661));
#7822=CARTESIAN_POINT('polyline point',(-19.5,6.5,13.0874156291321));
#7823=CARTESIAN_POINT('',(0.,6.5,0.));
#7824=CARTESIAN_POINT('',(-19.5,6.5,17.1));
#7825=CARTESIAN_POINT('polyline point',(16.45,16.45,9.));
#7826=CARTESIAN_POINT('polyline point',(16.45,-16.45,9.));
#7827=CARTESIAN_POINT('polyline point',(16.45,-16.45,-5.));
#7828=CARTESIAN_POINT('polyline point',(16.45,-16.45,9.));
#7829=CARTESIAN_POINT('',(16.45,0.,0.));
#7830=CARTESIAN_POINT('',(16.45,0.,6.5));
#7831=CARTESIAN_POINT('',(13.45,0.,0.));
#7832=CARTESIAN_POINT('',(13.45,0.,6.5));
#7833=CARTESIAN_POINT('',(13.45,0.,4.));
#7834=CARTESIAN_POINT('Origin',(9.80776221726431,-9.80776221726431,9.80776221726431));
#7835=CARTESIAN_POINT('Origin',(-13.9055118110236,-10.,16.9875424688562));
#7836=CARTESIAN_POINT('',(0.,0.,0.));
#7837=CARTESIAN_POINT('Origin',(2.61331282407732E-14,0.,117.693146607172));
#7838=CARTESIAN_POINT('Origin',(-13.9055118110236,-10.,117.693146607172));
#7839=CARTESIAN_POINT('',(0.,0.,0.));
#7840=CARTESIAN_POINT('Origin',(0.,117.693146607172,0.));
#7841=CARTESIAN_POINT('Origin',(-13.9055118110236,-10.,117.693146607172));
#7842=CARTESIAN_POINT('',(0.,0.,0.));
#7843=CARTESIAN_POINT('Origin',(117.693146607172,0.,0.));
#7844=CARTESIAN_POINT('Origin',(-13.9055118110236,-10.,117.693146607172));
#7845=CARTESIAN_POINT('',(0.,0.,0.));
#7846=CARTESIAN_POINT('',(0.,0.,0.));
#7847=CARTESIAN_POINT('',(0.,0.,0.));
#7848=CARTESIAN_POINT('',(0.,0.,700.));
#7849=CARTESIAN_POINT('Origin',(0.,0.,0.));
#7850=CARTESIAN_POINT('Origin',(0.,0.,0.));
#7851=CARTESIAN_POINT('Origin',(0.,0.,0.));
#7852=CARTESIAN_POINT('Origin',(0.,0.,0.));
#7853=CARTESIAN_POINT('Origin',(0.,0.,0.));
#7854=CARTESIAN_POINT('Origin',(0.,0.,0.));
#7855=CARTESIAN_POINT('Origin',(0.,0.,0.));
#7856=CARTESIAN_POINT('Origin',(0.,0.,0.));
#7857=CARTESIAN_POINT('Origin',(0.,0.,0.));
#7858=CARTESIAN_POINT('Origin',(0.,0.,0.));
#7859=CARTESIAN_POINT('Origin',(0.,0.,0.));
#7860=CARTESIAN_POINT('Origin',(0.,0.,0.));
#7861=CARTESIAN_POINT('Origin',(0.,0.,0.));
#7862=CARTESIAN_POINT('Origin',(0.,0.,0.));
#7863=CARTESIAN_POINT('Origin',(0.,0.,0.));
#7864=UNCERTAINTY_MEASURE_WITH_UNIT(LENGTH_MEASURE(0.01),#7874,
'DISTANCE_ACCURACY_VALUE',
'Maximum model space distance between geometric entities at asserted c
onnectivities');
#7865=UNCERTAINTY_MEASURE_WITH_UNIT(LENGTH_MEASURE(0.01),#7874,
'DISTANCE_ACCURACY_VALUE',
'Maximum model space distance between geometric entities at asserted c
onnectivities');
#7866=UNCERTAINTY_MEASURE_WITH_UNIT(LENGTH_MEASURE(0.01),#7874,
'DISTANCE_ACCURACY_VALUE',
'Maximum model space distance between geometric entities at asserted c
onnectivities');
#7867=UNCERTAINTY_MEASURE_WITH_UNIT(LENGTH_MEASURE(0.01),#7874,
'DISTANCE_ACCURACY_VALUE',
'Maximum model space distance between geometric entities at asserted c
onnectivities');
#7868=UNCERTAINTY_MEASURE_WITH_UNIT(LENGTH_MEASURE(0.01),#7874,
'DISTANCE_ACCURACY_VALUE',
'Maximum model space distance between geometric entities at asserted c
onnectivities');
#7869=(
GEOMETRIC_REPRESENTATION_CONTEXT(3)
GLOBAL_UNCERTAINTY_ASSIGNED_CONTEXT((#7864))
GLOBAL_UNIT_ASSIGNED_CONTEXT((#7874,#7876,#7877))
REPRESENTATION_CONTEXT('','3D')
);
#7870=(
GEOMETRIC_REPRESENTATION_CONTEXT(3)
GLOBAL_UNCERTAINTY_ASSIGNED_CONTEXT((#7865))
GLOBAL_UNIT_ASSIGNED_CONTEXT((#7874,#7876,#7877))
REPRESENTATION_CONTEXT('','3D')
);
#7871=(
GEOMETRIC_REPRESENTATION_CONTEXT(3)
GLOBAL_UNCERTAINTY_ASSIGNED_CONTEXT((#7866))
GLOBAL_UNIT_ASSIGNED_CONTEXT((#7874,#7876,#7877))
REPRESENTATION_CONTEXT('','3D')
);
#7872=(
GEOMETRIC_REPRESENTATION_CONTEXT(3)
GLOBAL_UNCERTAINTY_ASSIGNED_CONTEXT((#7867))
GLOBAL_UNIT_ASSIGNED_CONTEXT((#7874,#7876,#7877))
REPRESENTATION_CONTEXT('','3D')
);
#7873=(
GEOMETRIC_REPRESENTATION_CONTEXT(3)
GLOBAL_UNCERTAINTY_ASSIGNED_CONTEXT((#7868))
GLOBAL_UNIT_ASSIGNED_CONTEXT((#7874,#7876,#7877))
REPRESENTATION_CONTEXT('','3D')
);
#7874=(
LENGTH_UNIT()
NAMED_UNIT(*)
SI_UNIT(.MILLI.,.METRE.)
);
#7875=(
LENGTH_UNIT()
NAMED_UNIT(*)
SI_UNIT(.CENTI.,.METRE.)
);
#7876=(
NAMED_UNIT(*)
PLANE_ANGLE_UNIT()
SI_UNIT($,.RADIAN.)
);
#7877=(
NAMED_UNIT(*)
SI_UNIT($,.STERADIAN.)
SOLID_ANGLE_UNIT()
);
#7878=SHAPE_DEFINITION_REPRESENTATION(#7882,#7889);
#7879=SHAPE_DEFINITION_REPRESENTATION(#7883,#7890);
#7880=SHAPE_DEFINITION_REPRESENTATION(#7884,#7891);
#7881=SHAPE_DEFINITION_REPRESENTATION(#7885,#7892);
#7882=PRODUCT_DEFINITION_SHAPE('',$,#7894);
#7883=PRODUCT_DEFINITION_SHAPE('',$,#7895);
#7884=PRODUCT_DEFINITION_SHAPE('',$,#7896);
#7885=PRODUCT_DEFINITION_SHAPE('',$,#7897);
#7886=PRODUCT_DEFINITION_SHAPE($,$,#86);
#7887=PRODUCT_DEFINITION_SHAPE($,$,#87);
#7888=PRODUCT_DEFINITION_SHAPE($,$,#88);
#7889=SHAPE_REPRESENTATION('',(#3845,#4231,#4232,#4233),#7869);
#7890=SHAPE_REPRESENTATION('',(#3846,#469),#7870);
#7891=SHAPE_REPRESENTATION('',(#3865,#470),#7871);
#7892=SHAPE_REPRESENTATION('',(#3920,#471),#7872);
#7893=PRODUCT_DEFINITION_CONTEXT('part definition',#7907,'design');
#7894=PRODUCT_DEFINITION('Mittatikku kokoonpano',
'Mittatikku kokoonpano',#7898,#7893);
#7895=PRODUCT_DEFINITION('Putki','Putki',#7899,#7893);
#7896=PRODUCT_DEFINITION('Laippa','Laippa',#7900,#7893);
#7897=PRODUCT_DEFINITION('Sensorinpidin','Sensorinpidin',#7901,#7893);
#7898=PRODUCT_DEFINITION_FORMATION('',$,#7909);
#7899=PRODUCT_DEFINITION_FORMATION('',$,#7910);
#7900=PRODUCT_DEFINITION_FORMATION('',$,#7911);
#7901=PRODUCT_DEFINITION_FORMATION('',$,#7912);
#7902=PRODUCT_RELATED_PRODUCT_CATEGORY('Mittatikku kokoonpano',
'Mittatikku kokoonpano',(#7909));
#7903=PRODUCT_RELATED_PRODUCT_CATEGORY('Putki','Putki',(#7910));
#7904=PRODUCT_RELATED_PRODUCT_CATEGORY('Laippa','Laippa',(#7911));
#7905=PRODUCT_RELATED_PRODUCT_CATEGORY('Sensorinpidin','Sensorinpidin',
(#7912));
#7906=APPLICATION_PROTOCOL_DEFINITION('international standard',
'ap242_managed_model_based_3d_engineering',2011,#7907);
#7907=APPLICATION_CONTEXT('Managed model based 3d engineering');
#7908=PRODUCT_CONTEXT('part definition',#7907,'mechanical');
#7909=PRODUCT('Mittatikku kokoonpano','Mittatikku kokoonpano',$,(#7908));
#7910=PRODUCT('Putki','Putki',$,(#7908));
#7911=PRODUCT('Laippa','Laippa',$,(#7908));
#7912=PRODUCT('Sensorinpidin','Sensorinpidin',$,(#7908));
ENDSEC;
END-ISO-10303-21;
